fecha,ise_original,ise_sa,primarias_sa,secundarias_sa,terciarias_sa,ise_yoy,ise_sa_mom,ise_sa_3m3m_saar,fuente
2005-01-01,59.960317,64.118058,66.214266,69.435580,61.736589,,,,https://www.dane.gov.co/files/operaciones/ISE/anex-ISE-9actividades-jul2026.xlsx
2005-02-01,61.510481,64.160127,66.526733,69.579599,61.911396,,0.065613,,https://www.dane.gov.co/files/operaciones/ISE/anex-ISE-9actividades-jul2026.xlsx
2005-03-01,62.152866,63.991543,66.766617,68.832768,62.100590,,-0.262756,,https://www.dane.gov.co/files/operaciones/ISE/anex-ISE-9actividades-jul2026.xlsx
2005-04-01,62.960788,64.679103,66.839679,69.387479,63.146544,,1.074455,,https://www.dane.gov.co/files/operaciones/ISE/anex-ISE-9actividades-jul2026.xlsx
2005-05-01,62.688354,63.703082,66.124912,66.093404,62.763572,,-1.509022,,https://www.dane.gov.co/files/operaciones/ISE/anex-ISE-9actividades-jul2026.xlsx
2005-06-01,63.498943,64.405512,68.481083,67.705802,62.790586,,1.102663,1.081950,https://www.dane.gov.co/files/operaciones/ISE/anex-ISE-9actividades-jul2026.xlsx
2005-07-01,63.995451,63.904585,65.300149,67.089266,62.864789,,-0.777770,-1.685228,https://www.dane.gov.co/files/operaciones/ISE/anex-ISE-9actividades-jul2026.xlsx
2005-08-01,65.306143,64.948922,67.258257,68.264971,63.220121,,1.634213,1.853520,https://www.dane.gov.co/files/operaciones/ISE/anex-ISE-9actividades-jul2026.xlsx
2005-09-01,65.853686,65.054200,67.042956,67.598953,63.294989,,0.162093,2.344152,https://www.dane.gov.co/files/operaciones/ISE/anex-ISE-9actividades-jul2026.xlsx
2005-10-01,65.984606,65.132329,66.044535,67.550144,63.847798,,0.120099,6.664663,https://www.dane.gov.co/files/operaciones/ISE/anex-ISE-9actividades-jul2026.xlsx
2005-11-01,68.763854,65.472507,65.957450,68.314613,63.944098,,0.522286,5.060764,https://www.dane.gov.co/files/operaciones/ISE/anex-ISE-9actividades-jul2026.xlsx
2005-12-01,73.779831,66.885354,68.257976,73.141636,64.488547,,2.157924,7.597411,https://www.dane.gov.co/files/operaciones/ISE/anex-ISE-9actividades-jul2026.xlsx
2006-01-01,62.467429,66.848465,67.509206,71.457290,65.050937,4.181286,-0.055152,8.609493,https://www.dane.gov.co/files/operaciones/ISE/anex-ISE-9actividades-jul2026.xlsx
2006-02-01,64.561547,67.396170,67.819297,72.854254,65.539856,4.960236,0.819323,11.662584,https://www.dane.gov.co/files/operaciones/ISE/anex-ISE-9actividades-jul2026.xlsx
2006-03-01,66.806321,67.697783,67.503921,73.358455,65.859421,7.487112,0.447522,9.327167,https://www.dane.gov.co/files/operaciones/ISE/anex-ISE-9actividades-jul2026.xlsx
2006-04-01,64.291078,67.120863,66.757476,70.873124,66.893622,2.112887,-0.852199,6.179184,https://www.dane.gov.co/files/operaciones/ISE/anex-ISE-9actividades-jul2026.xlsx
2006-05-01,66.899491,67.913302,68.720393,72.355279,66.596711,6.717574,1.180616,3.224183,https://www.dane.gov.co/files/operaciones/ISE/anex-ISE-9actividades-jul2026.xlsx
2006-06-01,66.657983,67.623823,66.853570,71.855115,66.837575,4.974949,-0.426248,1.424926,https://www.dane.gov.co/files/operaciones/ISE/anex-ISE-9actividades-jul2026.xlsx
2006-07-01,68.554776,68.456533,68.843482,72.685753,67.232856,7.124451,1.231386,3.565422,https://www.dane.gov.co/files/operaciones/ISE/anex-ISE-9actividades-jul2026.xlsx
2006-08-01,69.816951,69.458530,68.887933,75.875968,67.474911,6.907172,1.463699,5.654312,https://www.dane.gov.co/files/operaciones/ISE/anex-ISE-9actividades-jul2026.xlsx
2006-09-01,71.231114,70.426477,69.176899,77.441763,67.931920,8.165721,1.393560,11.698817,https://www.dane.gov.co/files/operaciones/ISE/anex-ISE-9actividades-jul2026.xlsx
2006-10-01,71.137337,70.261304,69.371436,76.456595,68.136490,7.808990,-0.234532,12.621270,https://www.dane.gov.co/files/operaciones/ISE/anex-ISE-9actividades-jul2026.xlsx
2006-11-01,74.621766,71.066781,69.294719,78.697259,68.575352,8.518884,1.146402,12.656202,https://www.dane.gov.co/files/operaciones/ISE/anex-ISE-9actividades-jul2026.xlsx
2006-12-01,77.529899,70.305662,67.747113,77.503379,68.605328,5.082781,-1.070992,6.472194,https://www.dane.gov.co/files/operaciones/ISE/anex-ISE-9actividades-jul2026.xlsx
2007-01-01,66.280841,70.932318,66.558479,78.425269,69.502780,6.104641,0.891331,4.172202,https://www.dane.gov.co/files/operaciones/ISE/anex-ISE-9actividades-jul2026.xlsx
2007-02-01,68.765476,71.845447,70.118017,79.094330,69.778221,6.511507,1.287324,2.533925,https://www.dane.gov.co/files/operaciones/ISE/anex-ISE-9actividades-jul2026.xlsx
2007-03-01,71.070019,71.966037,68.197801,79.955791,70.311844,6.382177,0.167847,6.009031,https://www.dane.gov.co/files/operaciones/ISE/anex-ISE-9actividades-jul2026.xlsx
2007-04-01,68.166078,71.147383,69.148622,76.904444,70.506863,6.027274,-1.137556,5.095114,https://www.dane.gov.co/files/operaciones/ISE/anex-ISE-9actividades-jul2026.xlsx
2007-05-01,71.210136,72.193122,68.381115,79.619420,70.947928,6.443466,1.469821,4.238997,https://www.dane.gov.co/files/operaciones/ISE/anex-ISE-9actividades-jul2026.xlsx
2007-06-01,71.665801,72.661514,69.482614,79.376497,71.571090,7.512705,0.648804,2.364342,https://www.dane.gov.co/files/operaciones/ISE/anex-ISE-9actividades-jul2026.xlsx
2007-07-01,72.905819,72.781151,69.096926,78.587054,71.878811,6.346812,0.164650,5.075093,https://www.dane.gov.co/files/operaciones/ISE/anex-ISE-9actividades-jul2026.xlsx
2007-08-01,74.063002,73.649909,70.606024,79.994504,72.407619,6.081691,1.193659,7.221462,https://www.dane.gov.co/files/operaciones/ISE/anex-ISE-9actividades-jul2026.xlsx
2007-09-01,75.314869,74.522475,72.973473,79.760013,72.755524,5.733105,1.184748,9.489525,https://www.dane.gov.co/files/operaciones/ISE/anex-ISE-9actividades-jul2026.xlsx
2007-10-01,75.628572,74.757716,70.411050,82.655374,72.952508,6.313471,0.315664,10.091453,https://www.dane.gov.co/files/operaciones/ISE/anex-ISE-9actividades-jul2026.xlsx
2007-11-01,79.090747,75.337874,73.278603,82.696792,73.222618,5.988844,0.776051,10.476039,https://www.dane.gov.co/files/operaciones/ISE/anex-ISE-9actividades-jul2026.xlsx
2007-12-01,82.429340,74.795754,72.039284,81.913222,73.248270,6.319422,-0.719586,7.321599,https://www.dane.gov.co/files/operaciones/ISE/anex-ISE-9actividades-jul2026.xlsx
2008-01-01,70.581858,75.553867,75.111786,83.335856,73.144339,6.489080,1.013579,5.040103,https://www.dane.gov.co/files/operaciones/ISE/anex-ISE-9actividades-jul2026.xlsx
2008-02-01,73.185037,75.559038,71.846802,83.943019,73.308118,6.427006,0.006844,2.318174,https://www.dane.gov.co/files/operaciones/ISE/anex-ISE-9actividades-jul2026.xlsx
2008-03-01,72.169579,74.213583,71.696624,79.816107,73.409618,1.547151,-1.780668,0.776214,https://www.dane.gov.co/files/operaciones/ISE/anex-ISE-9actividades-jul2026.xlsx
2008-04-01,73.191362,75.215339,71.680918,84.381135,73.368026,7.372119,1.349829,-1.234076,https://www.dane.gov.co/files/operaciones/ISE/anex-ISE-9actividades-jul2026.xlsx
2008-05-01,73.654745,74.619849,71.510845,81.310653,73.449716,3.432950,-0.791714,-3.252721,https://www.dane.gov.co/files/operaciones/ISE/anex-ISE-9actividades-jul2026.xlsx
2008-06-01,73.817224,74.814480,71.745384,82.184128,73.659231,3.002022,0.260830,-1.196088,https://www.dane.gov.co/files/operaciones/ISE/anex-ISE-9actividades-jul2026.xlsx
2008-07-01,76.224895,76.093152,73.076742,85.037490,73.975005,4.552553,1.709123,0.962655,https://www.dane.gov.co/files/operaciones/ISE/anex-ISE-9actividades-jul2026.xlsx
2008-08-01,76.138851,75.704709,75.491639,82.198944,73.924758,2.802816,-0.510484,4.655958,https://www.dane.gov.co/files/operaciones/ISE/anex-ISE-9actividades-jul2026.xlsx
2008-09-01,77.263982,76.533993,74.327638,83.515345,74.493943,2.587953,1.095420,6.719278,https://www.dane.gov.co/files/operaciones/ISE/anex-ISE-9actividades-jul2026.xlsx
2008-10-01,76.958881,76.190452,74.393679,81.290183,74.649145,1.759002,-0.448874,5.246641,https://www.dane.gov.co/files/operaciones/ISE/anex-ISE-9actividades-jul2026.xlsx
2008-11-01,77.965730,74.274223,69.898918,77.289319,74.138161,-1.422439,-2.515051,0.683664,https://www.dane.gov.co/files/operaciones/ISE/anex-ISE-9actividades-jul2026.xlsx
2008-12-01,82.553182,74.932639,73.048020,79.116795,74.086939,0.150240,0.886466,-5.042573,https://www.dane.gov.co/files/operaciones/ISE/anex-ISE-9actividades-jul2026.xlsx
2009-01-01,69.469583,74.383008,72.340677,78.153886,74.013056,-1.575866,-0.733500,-8.208520,https://www.dane.gov.co/files/operaciones/ISE/anex-ISE-9actividades-jul2026.xlsx
2009-02-01,72.377619,75.711185,76.420539,80.117578,74.163032,-1.103257,1.785592,-3.429610,https://www.dane.gov.co/files/operaciones/ISE/anex-ISE-9actividades-jul2026.xlsx
2009-03-01,74.468258,75.246159,75.379209,79.046498,73.972897,3.185108,-0.614211,-0.101050,https://www.dane.gov.co/files/operaciones/ISE/anex-ISE-9actividades-jul2026.xlsx
2009-04-01,72.744790,75.939703,77.002258,81.137275,74.358426,-0.610143,0.921700,6.049072,https://www.dane.gov.co/files/operaciones/ISE/anex-ISE-9actividades-jul2026.xlsx
2009-05-01,75.247415,76.108144,75.159024,80.823836,74.617678,2.162345,0.221809,4.091365,https://www.dane.gov.co/files/operaciones/ISE/anex-ISE-9actividades-jul2026.xlsx
2009-06-01,74.776331,75.655775,74.323972,80.341746,74.683522,1.299300,-0.594377,4.261479,https://www.dane.gov.co/files/operaciones/ISE/anex-ISE-9actividades-jul2026.xlsx
2009-07-01,77.867554,77.656244,79.551659,82.855794,75.252997,2.155017,2.644173,4.522783,https://www.dane.gov.co/files/operaciones/ISE/anex-ISE-9actividades-jul2026.xlsx
2009-08-01,76.323277,75.821237,76.918106,77.975789,74.855642,0.242223,-2.362988,3.276278,https://www.dane.gov.co/files/operaciones/ISE/anex-ISE-9actividades-jul2026.xlsx
2009-09-01,77.839815,77.111936,79.346285,80.454623,75.103863,0.745280,1.702292,5.166576,https://www.dane.gov.co/files/operaciones/ISE/anex-ISE-9actividades-jul2026.xlsx
2009-10-01,78.158062,77.475952,77.874112,81.964447,75.503056,1.558210,0.472062,1.735462,https://www.dane.gov.co/files/operaciones/ISE/anex-ISE-9actividades-jul2026.xlsx
2009-11-01,81.020243,77.147362,79.547887,79.371573,75.716429,3.917764,-0.424119,4.620284,https://www.dane.gov.co/files/operaciones/ISE/anex-ISE-9actividades-jul2026.xlsx
2009-12-01,86.208341,78.244583,83.855041,80.982178,76.134741,4.427641,1.422241,4.011413,https://www.dane.gov.co/files/operaciones/ISE/anex-ISE-9actividades-jul2026.xlsx
2010-01-01,72.226126,77.402409,78.177448,79.493180,76.658245,3.967985,-1.076335,4.205604,https://www.dane.gov.co/files/operaciones/ISE/anex-ISE-9actividades-jul2026.xlsx
2010-02-01,74.782602,78.242671,80.224306,81.392202,76.944890,3.322828,1.085576,3.770930,https://www.dane.gov.co/files/operaciones/ISE/anex-ISE-9actividades-jul2026.xlsx
2010-03-01,77.957165,78.687982,81.713688,81.339784,77.433765,4.685092,0.569142,2.540584,https://www.dane.gov.co/files/operaciones/ISE/anex-ISE-9actividades-jul2026.xlsx
2010-04-01,75.936347,79.313444,81.885284,79.936278,78.021538,4.387334,0.794863,6.060604,https://www.dane.gov.co/files/operaciones/ISE/anex-ISE-9actividades-jul2026.xlsx
2010-05-01,78.502212,79.316921,82.886322,79.004734,78.190568,4.325461,0.004384,5.993970,https://www.dane.gov.co/files/operaciones/ISE/anex-ISE-9actividades-jul2026.xlsx
2010-06-01,78.357977,79.212573,81.406430,80.398167,78.560967,4.789812,-0.131559,6.127218,https://www.dane.gov.co/files/operaciones/ISE/anex-ISE-9actividades-jul2026.xlsx
2010-07-01,79.593575,79.340360,81.113044,79.634619,78.833797,2.216611,0.161322,2.781219,https://www.dane.gov.co/files/operaciones/ISE/anex-ISE-9actividades-jul2026.xlsx
2010-08-01,79.837746,79.286030,81.858936,78.487184,79.137666,4.604713,-0.068478,0.880388,https://www.dane.gov.co/files/operaciones/ISE/anex-ISE-9actividades-jul2026.xlsx
2010-09-01,81.144087,80.487670,82.613011,82.214966,79.390278,4.244964,1.515576,2.154948,https://www.dane.gov.co/files/operaciones/ISE/anex-ISE-9actividades-jul2026.xlsx
2010-10-01,81.779127,81.237866,83.245401,83.345114,79.867825,4.633003,0.932064,5.388667,https://www.dane.gov.co/files/operaciones/ISE/anex-ISE-9actividades-jul2026.xlsx
2010-11-01,85.127464,81.101523,80.985760,83.570751,80.321260,5.069376,-0.167833,8.656649,https://www.dane.gov.co/files/operaciones/ISE/anex-ISE-9actividades-jul2026.xlsx
2010-12-01,90.975262,82.590238,86.000216,85.637978,80.844702,5.529535,1.835619,10.089228,https://www.dane.gov.co/files/operaciones/ISE/anex-ISE-9actividades-jul2026.xlsx
2011-01-01,77.523341,83.144655,85.642038,83.954602,81.750679,7.334210,0.671286,10.023480,https://www.dane.gov.co/files/operaciones/ISE/anex-ISE-9actividades-jul2026.xlsx
2011-02-01,79.081624,82.724588,87.653916,83.297660,81.838688,5.748692,-0.505224,9.605910,https://www.dane.gov.co/files/operaciones/ISE/anex-ISE-9actividades-jul2026.xlsx
2011-03-01,83.073085,83.740008,87.377878,84.630172,82.191274,6.562477,1.227470,7.864223,https://www.dane.gov.co/files/operaciones/ISE/anex-ISE-9actividades-jul2026.xlsx
2011-04-01,80.426131,84.021224,87.815347,84.127002,83.049326,5.912562,0.335820,6.046334,https://www.dane.gov.co/files/operaciones/ISE/anex-ISE-9actividades-jul2026.xlsx
2011-05-01,83.701856,84.442612,88.451232,84.660141,82.887246,6.623564,0.501526,6.165770,https://www.dane.gov.co/files/operaciones/ISE/anex-ISE-9actividades-jul2026.xlsx
2011-06-01,83.660036,84.481150,89.409294,85.542009,83.119852,6.766457,0.045637,5.453644,https://www.dane.gov.co/files/operaciones/ISE/anex-ISE-9actividades-jul2026.xlsx
2011-07-01,85.139424,84.788347,89.204581,85.480336,83.632072,6.967710,0.363628,5.252446,https://www.dane.gov.co/files/operaciones/ISE/anex-ISE-9actividades-jul2026.xlsx
2011-08-01,87.066414,86.379269,92.936883,87.889211,84.331046,9.054200,1.876345,5.576678,https://www.dane.gov.co/files/operaciones/ISE/anex-ISE-9actividades-jul2026.xlsx
2011-09-01,86.586417,85.974615,89.207050,88.465065,84.706355,6.706995,-0.468461,6.804446,https://www.dane.gov.co/files/operaciones/ISE/anex-ISE-9actividades-jul2026.xlsx
2011-10-01,86.774400,86.361056,91.511346,86.598672,84.945373,6.108250,0.449482,8.123789,https://www.dane.gov.co/files/operaciones/ISE/anex-ISE-9actividades-jul2026.xlsx
2011-11-01,90.909454,86.677803,91.621335,87.618301,85.191616,6.792156,0.366771,5.369431,https://www.dane.gov.co/files/operaciones/ISE/anex-ISE-9actividades-jul2026.xlsx
2011-12-01,95.549345,86.756203,91.124485,88.355658,85.482515,5.027832,0.090450,4.190936,https://www.dane.gov.co/files/operaciones/ISE/anex-ISE-9actividades-jul2026.xlsx
2012-01-01,81.781554,87.851447,93.505810,88.170045,85.530017,5.492814,1.262438,4.033903,https://www.dane.gov.co/files/operaciones/ISE/anex-ISE-9actividades-jul2026.xlsx
2012-02-01,84.631249,87.457556,92.495471,88.834107,85.903223,7.017591,-0.448360,4.796801,https://www.dane.gov.co/files/operaciones/ISE/anex-ISE-9actividades-jul2026.xlsx
2012-03-01,87.925341,88.621480,93.886782,90.304169,86.289635,5.840948,1.330845,6.520854,https://www.dane.gov.co/files/operaciones/ISE/anex-ISE-9actividades-jul2026.xlsx
2012-04-01,84.077668,87.933128,94.232150,88.070389,86.220481,4.540237,-0.776733,4.240101,https://www.dane.gov.co/files/operaciones/ISE/anex-ISE-9actividades-jul2026.xlsx
2012-05-01,87.881269,88.634973,93.374663,89.668489,86.782069,4.993214,0.798157,4.854814,https://www.dane.gov.co/files/operaciones/ISE/anex-ISE-9actividades-jul2026.xlsx
2012-06-01,87.751985,88.588127,92.777362,89.933168,87.315825,4.891163,-0.052853,1.870660,https://www.dane.gov.co/files/operaciones/ISE/anex-ISE-9actividades-jul2026.xlsx
2012-07-01,88.216890,87.847818,93.027640,86.221333,87.389893,3.614619,-0.835675,1.613772,https://www.dane.gov.co/files/operaciones/ISE/anex-ISE-9actividades-jul2026.xlsx
2012-08-01,87.337838,86.644391,89.909417,84.337628,86.947811,0.311744,-1.369899,-3.143735,https://www.dane.gov.co/files/operaciones/ISE/anex-ISE-9actividades-jul2026.xlsx
2012-09-01,88.818670,88.383486,94.734969,85.484972,87.950974,2.578063,2.007164,-3.396156,https://www.dane.gov.co/files/operaciones/ISE/anex-ISE-9actividades-jul2026.xlsx
2012-10-01,88.708665,88.510607,93.581365,87.815877,87.701224,2.229073,0.143829,-2.292511,https://www.dane.gov.co/files/operaciones/ISE/anex-ISE-9actividades-jul2026.xlsx
2012-11-01,93.564864,89.298971,94.445903,88.149280,88.451507,2.920939,0.890700,4.817403,https://www.dane.gov.co/files/operaciones/ISE/anex-ISE-9actividades-jul2026.xlsx
2012-12-01,98.093428,89.017438,92.830361,87.708291,88.895894,2.662586,-0.315271,6.149381,https://www.dane.gov.co/files/operaciones/ISE/anex-ISE-9actividades-jul2026.xlsx
2013-01-01,85.134430,91.530559,99.528297,89.550911,89.432178,4.099795,2.823179,9.924373,https://www.dane.gov.co/files/operaciones/ISE/anex-ISE-9actividades-jul2026.xlsx
2013-02-01,86.438409,90.484432,95.287272,89.595540,89.810699,2.135334,-1.142927,7.472681,https://www.dane.gov.co/files/operaciones/ISE/anex-ISE-9actividades-jul2026.xlsx
2013-03-01,88.574625,90.561063,95.923518,86.154915,90.396065,0.738449,0.084690,8.900933,https://www.dane.gov.co/files/operaciones/ISE/anex-ISE-9actividades-jul2026.xlsx
2013-04-01,89.830119,92.457898,98.542474,92.344203,90.865829,6.841830,2.094537,5.531156,https://www.dane.gov.co/files/operaciones/ISE/anex-ISE-9actividades-jul2026.xlsx
2013-05-01,92.493547,93.208795,100.453768,92.331361,91.410514,5.248306,0.812150,7.890755,https://www.dane.gov.co/files/operaciones/ISE/anex-ISE-9actividades-jul2026.xlsx
2013-06-01,91.899598,92.557653,98.437330,91.891854,91.541489,4.726518,-0.698584,8.549974,https://www.dane.gov.co/files/operaciones/ISE/anex-ISE-9actividades-jul2026.xlsx
2013-07-01,94.424327,93.896846,101.701598,94.262533,92.038817,7.036562,1.446874,9.317831,https://www.dane.gov.co/files/operaciones/ISE/anex-ISE-9actividades-jul2026.xlsx
2013-08-01,93.284509,92.362997,97.200005,91.678204,91.595292,6.808813,-1.633547,3.803221,https://www.dane.gov.co/files/operaciones/ISE/anex-ISE-9actividades-jul2026.xlsx
2013-09-01,94.108815,93.690980,98.330083,93.687513,92.616441,5.956119,1.437786,2.505336,https://www.dane.gov.co/files/operaciones/ISE/anex-ISE-9actividades-jul2026.xlsx
2013-10-01,94.241964,94.137564,99.194286,93.733226,93.184204,6.237608,0.476656,0.757690,https://www.dane.gov.co/files/operaciones/ISE/anex-ISE-9actividades-jul2026.xlsx
2013-11-01,99.367945,94.801563,99.744917,93.530572,94.007773,6.202201,0.705350,5.582902,https://www.dane.gov.co/files/operaciones/ISE/anex-ISE-9actividades-jul2026.xlsx
2013-12-01,105.250656,95.358594,101.833098,94.452099,94.365581,7.296337,0.587575,6.357107,https://www.dane.gov.co/files/operaciones/ISE/anex-ISE-9actividades-jul2026.xlsx
2014-01-01,89.118936,95.883535,100.731727,94.517352,94.669539,4.680252,0.550492,8.619905,https://www.dane.gov.co/files/operaciones/ISE/anex-ISE-9actividades-jul2026.xlsx
2014-02-01,92.724094,97.011450,103.211129,96.357783,95.550940,7.271865,1.176339,8.199472,https://www.dane.gov.co/files/operaciones/ISE/anex-ISE-9actividades-jul2026.xlsx
2014-03-01,95.654281,96.115188,98.692485,95.022074,95.591582,7.992872,-0.923872,6.796990,https://www.dane.gov.co/files/operaciones/ISE/anex-ISE-9actividades-jul2026.xlsx
2014-04-01,92.144209,96.390260,97.800748,95.969289,96.433229,2.576074,0.286190,4.946069,https://www.dane.gov.co/files/operaciones/ISE/anex-ISE-9actividades-jul2026.xlsx
2014-05-01,95.555038,96.330617,97.513696,96.468777,96.025734,3.309951,-0.061876,0.810751,https://www.dane.gov.co/files/operaciones/ISE/anex-ISE-9actividades-jul2026.xlsx
2014-06-01,95.371653,95.863972,98.140944,94.696119,96.166338,3.778096,-0.484421,-0.587365,https://www.dane.gov.co/files/operaciones/ISE/anex-ISE-9actividades-jul2026.xlsx
2014-07-01,97.635077,96.994700,98.775433,98.338880,96.477703,3.400343,1.179513,-0.451862,https://www.dane.gov.co/files/operaciones/ISE/anex-ISE-9actividades-jul2026.xlsx
2014-08-01,97.581909,96.500759,96.804013,96.493348,96.666306,4.606767,-0.509245,0.726765,https://www.dane.gov.co/files/operaciones/ISE/anex-ISE-9actividades-jul2026.xlsx
2014-09-01,98.513261,98.212894,99.044972,99.372364,97.419215,4.680163,1.774219,4.400205,https://www.dane.gov.co/files/operaciones/ISE/anex-ISE-9actividades-jul2026.xlsx
2014-10-01,98.419950,98.472871,100.324416,98.436341,98.094662,4.433255,0.264707,5.644576,https://www.dane.gov.co/files/operaciones/ISE/anex-ISE-9actividades-jul2026.xlsx
2014-11-01,102.266611,97.564534,96.457373,95.379106,98.498796,2.917104,-0.922423,6.934312,https://www.dane.gov.co/files/operaciones/ISE/anex-ISE-9actividades-jul2026.xlsx
2014-12-01,109.186288,98.830528,100.083351,97.207717,99.081986,3.739295,1.297596,4.403418,https://www.dane.gov.co/files/operaciones/ISE/anex-ISE-9actividades-jul2026.xlsx
2015-01-01,91.804386,98.832453,101.015800,96.306028,99.153604,3.013332,0.001948,2.813774,https://www.dane.gov.co/files/operaciones/ISE/anex-ISE-9actividades-jul2026.xlsx
2015-02-01,94.988813,99.309520,99.617704,98.666117,99.032177,2.442428,0.482703,3.752196,https://www.dane.gov.co/files/operaciones/ISE/anex-ISE-9actividades-jul2026.xlsx
2015-03-01,98.564065,98.894428,99.344400,99.185039,99.156605,3.041980,-0.417979,2.974222,https://www.dane.gov.co/files/operaciones/ISE/anex-ISE-9actividades-jul2026.xlsx
2015-04-01,95.325446,99.733029,103.488477,98.350770,99.328368,3.452455,0.847976,3.721862,https://www.dane.gov.co/files/operaciones/ISE/anex-ISE-9actividades-jul2026.xlsx
2015-05-01,98.907453,99.763156,100.807969,99.619522,99.714953,3.508360,0.030208,1.923817,https://www.dane.gov.co/files/operaciones/ISE/anex-ISE-9actividades-jul2026.xlsx
2015-06-01,99.254767,99.563973,99.110826,100.465847,99.776491,4.071559,-0.199657,2.753243,https://www.dane.gov.co/files/operaciones/ISE/anex-ISE-9actividades-jul2026.xlsx
2015-07-01,102.081408,101.297960,100.641628,100.509977,101.920223,4.554030,1.741581,3.658105,https://www.dane.gov.co/files/operaciones/ISE/anex-ISE-9actividades-jul2026.xlsx
2015-08-01,101.270666,100.078350,97.918696,98.373310,100.983062,3.780165,-1.203983,3.461953,https://www.dane.gov.co/files/operaciones/ISE/anex-ISE-9actividades-jul2026.xlsx
2015-09-01,101.271923,101.109691,100.132782,101.402259,100.755033,2.800295,1.030534,4.661483,https://www.dane.gov.co/files/operaciones/ISE/anex-ISE-9actividades-jul2026.xlsx
2015-10-01,100.663380,100.874438,100.036331,102.118243,100.603632,2.279446,-0.232670,1.926294,https://www.dane.gov.co/files/operaciones/ISE/anex-ISE-9actividades-jul2026.xlsx
2015-11-01,104.617005,99.865959,97.743357,101.987737,99.557404,2.298300,-0.999737,1.214778,https://www.dane.gov.co/files/operaciones/ISE/anex-ISE-9actividades-jul2026.xlsx
2015-12-01,111.250688,100.677044,100.142030,103.015151,100.018449,1.890714,0.812174,-1.405566,https://www.dane.gov.co/files/operaciones/ISE/anex-ISE-9actividades-jul2026.xlsx
2016-01-01,93.442481,100.817357,97.406993,102.523442,101.011693,1.784332,0.139369,-0.926528,https://www.dane.gov.co/files/operaciones/ISE/anex-ISE-9actividades-jul2026.xlsx
2016-02-01,99.217619,102.464781,101.544644,105.084376,101.211358,4.451899,1.634068,2.824321,https://www.dane.gov.co/files/operaciones/ISE/anex-ISE-9actividades-jul2026.xlsx
2016-03-01,99.742735,101.769068,99.035738,102.929358,101.762125,1.195841,-0.678978,4.910142,https://www.dane.gov.co/files/operaciones/ISE/anex-ISE-9actividades-jul2026.xlsx
2016-04-01,98.075536,101.167312,98.928041,102.871629,101.492196,2.884948,-0.591296,5.472255,https://www.dane.gov.co/files/operaciones/ISE/anex-ISE-9actividades-jul2026.xlsx
2016-05-01,100.697479,101.791824,97.370185,104.432416,101.837697,1.809799,0.617306,1.015852,https://www.dane.gov.co/files/operaciones/ISE/anex-ISE-9actividades-jul2026.xlsx
2016-06-01,101.578512,101.949993,98.643918,104.809442,101.960966,2.341193,0.155385,-0.186170,https://www.dane.gov.co/files/operaciones/ISE/anex-ISE-9actividades-jul2026.xlsx
2016-07-01,100.474711,99.716638,94.494487,96.871920,102.061871,-1.573937,-2.190638,-2.520289,https://www.dane.gov.co/files/operaciones/ISE/anex-ISE-9actividades-jul2026.xlsx
2016-08-01,104.677349,103.575009,104.312682,106.333312,102.215894,3.363939,3.869335,0.675664,https://www.dane.gov.co/files/operaciones/ISE/anex-ISE-9actividades-jul2026.xlsx
2016-09-01,103.656555,103.793510,103.377116,105.582621,102.916001,2.354682,0.210959,2.885362,https://www.dane.gov.co/files/operaciones/ISE/anex-ISE-9actividades-jul2026.xlsx
2016-10-01,101.997670,102.375202,100.165551,101.725898,103.078856,1.325496,-1.366470,8.545812,https://www.dane.gov.co/files/operaciones/ISE/anex-ISE-9actividades-jul2026.xlsx
2016-11-01,107.839579,103.010984,102.174488,103.687644,103.086286,3.080354,0.621031,5.261305,https://www.dane.gov.co/files/operaciones/ISE/anex-ISE-9actividades-jul2026.xlsx
2016-12-01,114.866811,103.835358,101.831803,103.444210,104.406263,3.250427,0.800278,2.811970,https://www.dane.gov.co/files/operaciones/ISE/anex-ISE-9actividades-jul2026.xlsx
2017-01-01,94.794742,102.396382,100.104338,101.603857,103.299380,1.447158,-1.385825,-0.645414,https://www.dane.gov.co/files/operaciones/ISE/anex-ISE-9actividades-jul2026.xlsx
2017-02-01,98.861520,103.421851,102.501398,102.668958,103.543814,-0.358908,1.001471,0.614511,https://www.dane.gov.co/files/operaciones/ISE/anex-ISE-9actividades-jul2026.xlsx
2017-03-01,102.218873,102.508226,100.036711,101.548871,103.304239,2.482525,-0.883397,-1.152839,https://www.dane.gov.co/files/operaciones/ISE/anex-ISE-9actividades-jul2026.xlsx
2017-04-01,97.760337,102.324704,98.172196,100.220762,104.212937,-0.321384,-0.179031,-1.271776,https://www.dane.gov.co/files/operaciones/ISE/anex-ISE-9actividades-jul2026.xlsx
2017-05-01,102.061388,103.089733,100.504903,101.681812,104.219649,1.354462,0.747649,-2.217276,https://www.dane.gov.co/files/operaciones/ISE/anex-ISE-9actividades-jul2026.xlsx
2017-06-01,104.505240,104.727074,103.807102,103.035635,105.590862,2.881247,1.588268,2.375590,https://www.dane.gov.co/files/operaciones/ISE/anex-ISE-9actividades-jul2026.xlsx
2017-07-01,104.174316,103.161034,100.107596,99.040309,105.078630,3.682125,-1.495353,3.580617,https://www.dane.gov.co/files/operaciones/ISE/anex-ISE-9actividades-jul2026.xlsx
2017-08-01,105.784442,104.556503,103.085993,101.682454,105.088421,1.057624,1.352709,6.004802,https://www.dane.gov.co/files/operaciones/ISE/anex-ISE-9actividades-jul2026.xlsx
2017-09-01,104.164849,104.312997,101.686792,102.813196,105.173073,0.490364,-0.232894,2.458686,https://www.dane.gov.co/files/operaciones/ISE/anex-ISE-9actividades-jul2026.xlsx
2017-10-01,103.221138,103.455646,101.015273,100.033498,105.177447,1.199506,-0.821903,1.744285,https://www.dane.gov.co/files/operaciones/ISE/anex-ISE-9actividades-jul2026.xlsx
2017-11-01,108.879935,103.908245,99.101325,101.276807,105.949985,0.964725,0.437482,-0.979243,https://www.dane.gov.co/files/operaciones/ISE/anex-ISE-9actividades-jul2026.xlsx
2017-12-01,116.826526,105.390911,99.225621,101.181415,107.892133,1.706076,1.426899,0.931694,https://www.dane.gov.co/files/operaciones/ISE/anex-ISE-9actividades-jul2026.xlsx
2018-01-01,96.278652,103.995984,99.457770,99.554542,106.640453,1.565394,-1.323574,1.248087,https://www.dane.gov.co/files/operaciones/ISE/anex-ISE-9actividades-jul2026.xlsx
2018-02-01,100.420645,105.116822,100.063427,101.414745,106.983070,1.577080,1.077771,3.677552,https://www.dane.gov.co/files/operaciones/ISE/anex-ISE-9actividades-jul2026.xlsx
2018-03-01,103.869506,105.730988,101.441998,101.192486,107.601567,1.614802,0.584269,2.698620,https://www.dane.gov.co/files/operaciones/ISE/anex-ISE-9actividades-jul2026.xlsx
2018-04-01,101.697419,104.701924,100.313603,100.869402,107.297066,4.027279,-0.973285,2.909778,https://www.dane.gov.co/files/operaciones/ISE/anex-ISE-9actividades-jul2026.xlsx
2018-05-01,104.315798,105.383382,101.309695,100.517676,107.962779,2.208876,0.650856,1.679874,https://www.dane.gov.co/files/operaciones/ISE/anex-ISE-9actividades-jul2026.xlsx
2018-06-01,106.338214,106.621832,101.261635,100.970768,109.361489,1.753954,1.175185,2.388424,https://www.dane.gov.co/files/operaciones/ISE/anex-ISE-9actividades-jul2026.xlsx
2018-07-01,107.264514,106.161522,101.717939,101.227430,108.348715,2.966372,-0.431722,3.358885,https://www.dane.gov.co/files/operaciones/ISE/anex-ISE-9actividades-jul2026.xlsx
2018-08-01,109.067265,107.805929,101.741964,104.679944,109.391149,3.103314,1.548967,6.183703,https://www.dane.gov.co/files/operaciones/ISE/anex-ISE-9actividades-jul2026.xlsx
2018-09-01,106.769037,107.096727,101.244563,104.476569,109.228196,2.500064,-0.657851,5.617528,https://www.dane.gov.co/files/operaciones/ISE/anex-ISE-9actividades-jul2026.xlsx
2018-10-01,106.882393,107.122226,99.586114,103.696973,109.807987,3.547001,0.023810,4.939411,https://www.dane.gov.co/files/operaciones/ISE/anex-ISE-9actividades-jul2026.xlsx
2018-11-01,112.596035,107.487826,101.378442,103.980015,110.218042,3.413026,0.341293,1.401609,https://www.dane.gov.co/files/operaciones/ISE/anex-ISE-9actividades-jul2026.xlsx
2018-12-01,119.017696,107.292013,101.511456,99.422732,110.959167,1.875576,-0.182173,1.047981,https://www.dane.gov.co/files/operaciones/ISE/anex-ISE-9actividades-jul2026.xlsx
2019-01-01,99.799740,107.748289,103.612653,100.174358,111.315714,3.657184,0.425266,0.626569,https://www.dane.gov.co/files/operaciones/ISE/anex-ISE-9actividades-jul2026.xlsx
2019-02-01,103.959478,108.974053,102.462881,102.007096,111.996637,3.524010,1.137618,2.900185,https://www.dane.gov.co/files/operaciones/ISE/anex-ISE-9actividades-jul2026.xlsx
2019-03-01,107.347748,107.423238,100.764687,100.306944,110.580562,3.348665,-1.423105,2.817104,https://www.dane.gov.co/files/operaciones/ISE/anex-ISE-9actividades-jul2026.xlsx
2019-04-01,104.154584,108.806889,103.432431,101.079725,112.443842,2.416152,1.288036,3.360379,https://www.dane.gov.co/files/operaciones/ISE/anex-ISE-9actividades-jul2026.xlsx
2019-05-01,108.710145,109.790539,104.585018,103.018419,113.410250,4.212543,0.904033,2.499917,https://www.dane.gov.co/files/operaciones/ISE/anex-ISE-9actividades-jul2026.xlsx
2019-06-01,108.940386,109.269911,100.893788,99.551242,113.754140,2.447071,-0.474201,4.672406,https://www.dane.gov.co/files/operaciones/ISE/anex-ISE-9actividades-jul2026.xlsx
2019-07-01,111.860608,110.654199,103.190230,101.753386,114.286280,4.284823,1.266852,5.664353,https://www.dane.gov.co/files/operaciones/ISE/anex-ISE-9actividades-jul2026.xlsx
2019-08-01,111.824008,110.503935,103.653403,101.345470,114.448105,2.527562,-0.135797,5.518130,https://www.dane.gov.co/files/operaciones/ISE/anex-ISE-9actividades-jul2026.xlsx
2019-09-01,108.907705,109.394759,102.739442,100.108701,113.886391,2.003079,-1.003744,3.316867,https://www.dane.gov.co/files/operaciones/ISE/anex-ISE-9actividades-jul2026.xlsx
2019-10-01,110.274248,110.484709,105.372660,101.417018,114.404870,3.173446,0.996346,0.813783,https://www.dane.gov.co/files/operaciones/ISE/anex-ISE-9actividades-jul2026.xlsx
2019-11-01,115.236739,110.079263,104.448506,100.865395,114.452987,2.345290,-0.366971,-0.566920,https://www.dane.gov.co/files/operaciones/ISE/anex-ISE-9actividades-jul2026.xlsx
2019-12-01,122.605849,110.491455,104.121174,101.936122,114.985502,3.014806,0.374451,0.609502,https://www.dane.gov.co/files/operaciones/ISE/anex-ISE-9actividades-jul2026.xlsx
2020-01-01,103.186541,111.394071,105.559847,100.954480,116.224003,3.393597,0.816910,1.928398,https://www.dane.gov.co/files/operaciones/ISE/anex-ISE-9actividades-jul2026.xlsx
2020-02-01,107.696977,111.737159,106.551048,98.656447,116.665859,3.595149,0.307995,4.516245,https://www.dane.gov.co/files/operaciones/ISE/anex-ISE-9actividades-jul2026.xlsx
2020-03-01,100.596212,100.736457,97.438677,77.999394,107.556518,-6.289406,-9.845160,-8.405872,https://www.dane.gov.co/files/operaciones/ISE/anex-ISE-9actividades-jul2026.xlsx
2020-04-01,83.119127,86.859017,91.698890,56.993242,95.139535,-20.196381,-13.775986,-33.892888,https://www.dane.gov.co/files/operaciones/ISE/anex-ISE-9actividades-jul2026.xlsx
2020-05-01,89.762462,90.817565,92.438511,67.836276,97.939534,-17.429545,4.557440,-51.500642,https://www.dane.gov.co/files/operaciones/ISE/anex-ISE-9actividades-jul2026.xlsx
2020-06-01,95.281878,95.772185,93.334513,80.992177,101.321742,-12.537598,5.455575,-49.180147,https://www.dane.gov.co/files/operaciones/ISE/anex-ISE-9actividades-jul2026.xlsx
2020-07-01,99.959440,98.969051,95.544544,84.990864,103.509236,-10.639284,3.337989,-17.174144,https://www.dane.gov.co/files/operaciones/ISE/anex-ISE-9actividades-jul2026.xlsx
2020-08-01,100.206142,99.148127,94.552022,84.338660,104.803840,-10.389420,0.180941,24.158708,https://www.dane.gov.co/files/operaciones/ISE/anex-ISE-9actividades-jul2026.xlsx
2020-09-01,101.868597,102.638968,96.812966,86.842262,108.748115,-6.463370,3.520834,46.337004,https://www.dane.gov.co/files/operaciones/ISE/anex-ISE-9actividades-jul2026.xlsx
2020-10-01,105.118663,105.390340,96.091027,92.086476,111.669637,-4.675239,2.680631,33.898293,https://www.dane.gov.co/files/operaciones/ISE/anex-ISE-9actividades-jul2026.xlsx
2020-11-01,111.028041,106.197751,94.484043,88.964021,113.952698,-3.652219,0.766114,30.688946,https://www.dane.gov.co/files/operaciones/ISE/anex-ISE-9actividades-jul2026.xlsx
2020-12-01,119.958857,108.122246,100.904195,91.732368,114.738463,-2.158944,1.812180,27.693465,https://www.dane.gov.co/files/operaciones/ISE/anex-ISE-9actividades-jul2026.xlsx
2021-01-01,99.720157,107.656444,96.149304,92.192540,115.450704,-3.359337,-0.430810,20.708858,https://www.dane.gov.co/files/operaciones/ISE/anex-ISE-9actividades-jul2026.xlsx
2021-02-01,104.298545,109.914823,99.106030,93.598410,117.041199,-3.155550,2.097765,15.414961,https://www.dane.gov.co/files/operaciones/ISE/anex-ISE-9actividades-jul2026.xlsx
2021-03-01,111.867156,111.953851,104.408877,96.647117,117.776425,11.204144,1.855098,12.856710,https://www.dane.gov.co/files/operaciones/ISE/anex-ISE-9actividades-jul2026.xlsx
2021-04-01,104.265095,108.793163,103.612095,93.225546,114.422769,25.440556,-2.823206,11.234605,https://www.dane.gov.co/files/operaciones/ISE/anex-ISE-9actividades-jul2026.xlsx
2021-05-01,101.681632,102.877391,91.321629,75.850760,113.122795,13.278569,-5.437632,-2.517059,https://www.dane.gov.co/files/operaciones/ISE/anex-ISE-9actividades-jul2026.xlsx
2021-06-01,109.955648,110.621782,99.898049,91.940613,118.778296,15.400378,7.527787,-8.494792,https://www.dane.gov.co/files/operaciones/ISE/anex-ISE-9actividades-jul2026.xlsx
2021-07-01,113.146930,111.924578,98.222774,94.314477,119.742511,13.192841,1.177704,-6.187504,https://www.dane.gov.co/files/operaciones/ISE/anex-ISE-9actividades-jul2026.xlsx
2021-08-01,111.929366,110.692033,95.849278,93.365093,119.895608,11.699107,-1.101229,12.422974,https://www.dane.gov.co/files/operaciones/ISE/anex-ISE-9actividades-jul2026.xlsx
2021-09-01,115.583110,116.570229,102.481172,95.956831,125.764860,13.462945,5.310406,22.675001,https://www.dane.gov.co/files/operaciones/ISE/anex-ISE-9actividades-jul2026.xlsx
2021-10-01,115.797331,115.880241,100.110379,96.477680,125.342578,10.158679,-0.591908,23.623511,https://www.dane.gov.co/files/operaciones/ISE/anex-ISE-9actividades-jul2026.xlsx
2021-11-01,122.706989,117.309779,102.800399,97.246465,126.389734,10.518917,1.233634,21.356116,https://www.dane.gov.co/files/operaciones/ISE/anex-ISE-9actividades-jul2026.xlsx
2021-12-01,132.293818,119.051464,103.646305,100.234198,127.967753,10.282660,1.484689,16.307046,https://www.dane.gov.co/files/operaciones/ISE/anex-ISE-9actividades-jul2026.xlsx
2022-01-01,107.685732,116.065552,98.001307,99.239641,125.312032,7.987929,-2.508085,11.269881,https://www.dane.gov.co/files/operaciones/ISE/anex-ISE-9actividades-jul2026.xlsx
2022-02-01,111.272362,117.377335,101.030078,99.434168,126.462159,6.686400,1.130208,3.163686,https://www.dane.gov.co/files/operaciones/ISE/anex-ISE-9actividades-jul2026.xlsx
2022-03-01,119.687717,119.564111,100.258826,100.136850,128.702627,6.990935,1.863031,0.872145,https://www.dane.gov.co/files/operaciones/ISE/anex-ISE-9actividades-jul2026.xlsx
2022-04-01,115.135778,119.813766,102.081927,102.550725,129.127313,10.426003,0.208804,5.003948,https://www.dane.gov.co/files/operaciones/ISE/anex-ISE-9actividades-jul2026.xlsx
2022-05-01,118.717291,119.924012,100.164590,99.288458,130.121239,16.753919,0.092015,7.951669,https://www.dane.gov.co/files/operaciones/ISE/anex-ISE-9actividades-jul2026.xlsx
2022-06-01,118.479929,119.233064,99.817694,100.180507,130.011912,7.752473,-0.576155,6.930953,https://www.dane.gov.co/files/operaciones/ISE/anex-ISE-9actividades-jul2026.xlsx
2022-07-01,119.909537,118.404798,99.568431,100.472372,128.089130,5.976836,-0.694661,0.907515,https://www.dane.gov.co/files/operaciones/ISE/anex-ISE-9actividades-jul2026.xlsx
2022-08-01,121.650462,120.181750,101.258611,104.978802,129.829955,8.685027,1.500744,-1.639992,https://www.dane.gov.co/files/operaciones/ISE/anex-ISE-9actividades-jul2026.xlsx
2022-09-01,120.445219,121.518807,100.137842,101.951443,132.165495,4.206591,1.112529,1.270190,https://www.dane.gov.co/files/operaciones/ISE/anex-ISE-9actividades-jul2026.xlsx
2022-10-01,120.549167,120.363218,97.956071,99.522199,131.613740,4.103580,-0.950955,5.132135,https://www.dane.gov.co/files/operaciones/ISE/anex-ISE-9actividades-jul2026.xlsx
2022-11-01,122.846107,117.353234,98.327353,100.032655,126.862932,0.113374,-2.500750,1.591942,https://www.dane.gov.co/files/operaciones/ISE/anex-ISE-9actividades-jul2026.xlsx
2022-12-01,133.042923,119.622576,99.717916,100.088959,130.585338,0.566244,1.933770,-3.037571,https://www.dane.gov.co/files/operaciones/ISE/anex-ISE-9actividades-jul2026.xlsx
2023-01-01,112.303454,120.831174,100.955072,100.836433,130.455917,4.288146,1.010343,-4.620520,https://www.dane.gov.co/files/operaciones/ISE/anex-ISE-9actividades-jul2026.xlsx
2023-02-01,114.029811,120.446427,101.256017,101.519013,130.417717,2.478107,-0.318417,1.866775,https://www.dane.gov.co/files/operaciones/ISE/anex-ISE-9actividades-jul2026.xlsx
2023-03-01,121.430972,121.097036,102.885450,100.847922,130.890874,1.456503,0.540164,5.757060,https://www.dane.gov.co/files/operaciones/ISE/anex-ISE-9actividades-jul2026.xlsx
2023-04-01,114.287679,118.705598,99.338197,98.115754,129.807712,-0.736607,-1.974811,2.758127,https://www.dane.gov.co/files/operaciones/ISE/anex-ISE-9actividades-jul2026.xlsx
2023-05-01,119.063333,120.146656,102.361673,100.582235,129.810673,0.291484,1.213976,-1.049748,https://www.dane.gov.co/files/operaciones/ISE/anex-ISE-9actividades-jul2026.xlsx
2023-06-01,121.462085,122.416329,102.418816,98.722140,134.892329,2.517014,1.889086,-1.215317,https://www.dane.gov.co/files/operaciones/ISE/anex-ISE-9actividades-jul2026.xlsx
2023-07-01,120.641384,119.081653,100.743576,95.610160,130.173942,0.610332,-2.724045,1.558596,https://www.dane.gov.co/files/operaciones/ISE/anex-ISE-9actividades-jul2026.xlsx
2023-08-01,122.454777,121.016260,101.745440,98.002018,132.273327,0.661169,1.624605,2.880961,https://www.dane.gov.co/files/operaciones/ISE/anex-ISE-9actividades-jul2026.xlsx
2023-09-01,119.874673,121.085865,103.029424,98.665406,131.708164,-0.473698,0.057517,-0.093863,https://www.dane.gov.co/files/operaciones/ISE/anex-ISE-9actividades-jul2026.xlsx
2023-10-01,119.761459,119.522063,101.336851,94.575128,131.051532,-0.653434,-1.291482,-0.022617,https://www.dane.gov.co/files/operaciones/ISE/anex-ISE-9actividades-jul2026.xlsx
2023-11-01,127.415281,121.829977,105.023129,98.249783,133.122858,3.719429,1.930952,-0.084204,https://www.dane.gov.co/files/operaciones/ISE/anex-ISE-9actividades-jul2026.xlsx
2023-12-01,134.141876,120.687744,101.966167,97.942614,132.419492,0.826014,-0.937563,0.951375,https://www.dane.gov.co/files/operaciones/ISE/anex-ISE-9actividades-jul2026.xlsx
2024-01-01,114.146763,122.854518,107.199140,97.753114,133.238952,1.641364,1.795356,4.210697,https://www.dane.gov.co/files/operaciones/ISE/anex-ISE-9actividades-jul2026.xlsx
2024-02-01,116.611388,121.948425,105.571444,99.328731,132.666106,2.263949,-0.737533,3.411971,https://www.dane.gov.co/files/operaciones/ISE/anex-ISE-9actividades-jul2026.xlsx
2024-03-01,118.671057,120.335249,97.626996,95.061041,132.705412,-2.272826,-1.322835,3.467477,https://www.dane.gov.co/files/operaciones/ISE/anex-ISE-9actividades-jul2026.xlsx
2024-04-01,120.467497,123.190770,105.693472,98.406589,135.290980,5.407248,2.372971,0.111939,https://www.dane.gov.co/files/operaciones/ISE/anex-ISE-9actividades-jul2026.xlsx
2024-05-01,121.476908,122.705137,104.806959,98.073123,133.456432,2.027136,-0.394212,0.812850,https://www.dane.gov.co/files/operaciones/ISE/anex-ISE-9actividades-jul2026.xlsx
2024-06-01,118.916855,120.231039,101.189000,94.226037,133.266114,-2.095494,-2.016295,1.087564,https://www.dane.gov.co/files/operaciones/ISE/anex-ISE-9actividades-jul2026.xlsx
2024-07-01,124.194593,122.754809,107.765028,97.026506,133.766504,2.945266,2.099099,0.237207,https://www.dane.gov.co/files/operaciones/ISE/anex-ISE-9actividades-jul2026.xlsx
2024-08-01,123.959548,122.645180,104.589228,97.130032,134.335569,1.228838,-0.089307,-0.653854,https://www.dane.gov.co/files/operaciones/ISE/anex-ISE-9actividades-jul2026.xlsx
2024-09-01,120.582147,122.001587,103.523385,95.271662,134.358032,0.590178,-0.524760,1.399843,https://www.dane.gov.co/files/operaciones/ISE/anex-ISE-9actividades-jul2026.xlsx
2024-10-01,124.069910,123.850461,105.937093,96.761538,135.802454,3.597528,1.515451,3.105038,https://www.dane.gov.co/files/operaciones/ISE/anex-ISE-9actividades-jul2026.xlsx
2024-11-01,127.940719,122.456780,103.000790,95.699035,135.524385,0.412382,-1.125293,2.961850,https://www.dane.gov.co/files/operaciones/ISE/anex-ISE-9actividades-jul2026.xlsx
2024-12-01,138.986966,125.050395,105.383081,97.072377,138.234119,3.611915,2.117984,4.377136,https://www.dane.gov.co/files/operaciones/ISE/anex-ISE-9actividades-jul2026.xlsx
2025-01-01,116.475605,125.254896,105.764614,97.949660,137.672846,2.040218,0.163535,4.710435,https://www.dane.gov.co/files/operaciones/ISE/anex-ISE-9actividades-jul2026.xlsx
2025-02-01,117.994634,125.150329,105.974157,97.407769,138.014451,1.186202,-0.083484,7.990592,https://www.dane.gov.co/files/operaciones/ISE/anex-ISE-9actividades-jul2026.xlsx
2025-03-01,123.980475,123.527207,103.607936,94.975791,137.059096,4.474063,-1.296937,2.802365,https://www.dane.gov.co/files/operaciones/ISE/anex-ISE-9actividades-jul2026.xlsx
2025-04-01,120.286199,124.738864,105.470809,97.172150,137.888996,-0.150495,0.980883,0.703992,https://www.dane.gov.co/files/operaciones/ISE/anex-ISE-9actividades-jul2026.xlsx
2025-05-01,124.080381,125.125894,101.877719,97.020423,137.999924,2.143184,0.310272,-2.180500,https://www.dane.gov.co/files/operaciones/ISE/anex-ISE-9actividades-jul2026.xlsx
2025-06-01,123.083855,124.447857,103.431504,96.131489,138.888946,3.504129,-0.541885,0.407307,https://www.dane.gov.co/files/operaciones/ISE/anex-ISE-9actividades-jul2026.xlsx
2025-07-01,130.295333,128.620976,106.941322,101.347479,141.764391,4.912242,3.353307,5.217584,https://www.dane.gov.co/files/operaciones/ISE/anex-ISE-9actividades-jul2026.xlsx
2025-08-01,127.322695,125.703539,103.244119,96.407193,139.824683,2.713100,-2.268243,5.889597,https://www.dane.gov.co/files/operaciones/ISE/anex-ISE-9actividades-jul2026.xlsx
2025-09-01,125.454815,126.756868,107.223001,98.735857,140.172614,4.040953,0.837947,7.431855,https://www.dane.gov.co/files/operaciones/ISE/anex-ISE-9actividades-jul2026.xlsx
2025-10-01,127.944815,127.480768,106.274019,98.188328,140.900562,3.123162,0.571093,1.859977,https://www.dane.gov.co/files/operaciones/ISE/anex-ISE-9actividades-jul2026.xlsx
2025-11-01,131.022503,125.304552,100.589662,95.729750,140.698075,2.408760,-1.707094,0.815441,https://www.dane.gov.co/files/operaciones/ISE/anex-ISE-9actividades-jul2026.xlsx
2025-12-01,140.016899,125.846459,101.803449,96.815472,140.600119,0.741028,0.432472,-2.546528,https://www.dane.gov.co/files/operaciones/ISE/anex-ISE-9actividades-jul2026.xlsx
2026-01-01,117.547905,126.167572,102.065374,96.705218,141.073663,0.920622,0.255163,-2.732595,https://www.dane.gov.co/files/operaciones/ISE/anex-ISE-9actividades-jul2026.xlsx
2026-02-01,119.532872,126.793198,103.020191,96.869692,141.825026,1.303650,0.495869,-0.772327,https://www.dane.gov.co/files/operaciones/ISE/anex-ISE-9actividades-jul2026.xlsx
2026-03-01,128.920779,128.291834,105.617194,98.826792,143.626181,3.984744,1.181953,2.797612,https://www.dane.gov.co/files/operaciones/ISE/anex-ISE-9actividades-jul2026.xlsx
2026-04-01,124.165645,128.627904,103.440278,97.619628,144.183339,3.225180,0.261957,6.953003,https://www.dane.gov.co/files/operaciones/ISE/anex-ISE-9actividades-jul2026.xlsx
2026-05-01,129.408535,130.432275,102.608286,97.979201,145.521123,4.294114,1.402784,9.332742,https://www.dane.gov.co/files/operaciones/ISE/anex-ISE-9actividades-jul2026.xlsx
2026-06-01,127.280131,128.755247,103.507736,99.006792,144.960969,3.409282,-1.285747,7.065375,https://www.dane.gov.co/files/operaciones/ISE/anex-ISE-9actividades-jul2026.xlsx
2026-07-01,131.744274,130.009293,102.990337,98.933697,145.285158,1.112044,0.973977,5.840369,https://www.dane.gov.co/files/operaciones/ISE/anex-ISE-9actividades-jul2026.xlsx
