ticker,nombre,emisor,sector,peso,precio,fecha_canasta
PFCIBEST,GRUPO CIBEST PREF SA,GRUPO CIBEST,Servicios Financieros,23.52,76540.0,2026-09-29
CIBEST,GRUPO CIBEST SA,GRUPO CIBEST,Servicios Financieros,14.24,90000.0,2026-09-29
ECOPETROL,ECOPETROL SA,ECOPETROL,Energía,8.94,2740.0,2026-09-29
ISA,INTERCONEXION ELECTRICA SA,INTERCONEXION ELECTRICA,Servicios Públicos,8.83,28900.0,2026-09-29
PFGRUPSURA,GRUPO DE INVERSIONES SURAMERICANA,GRUPO DE INVERSIONES SURAMERICANA,Servicios Financieros,6.24,58800.0,2026-09-29
GRUPOSURA,GRUPO DE INVERSIONES SURAMERICANA,GRUPO DE INVERSIONES SURAMERICANA,Servicios Financieros,5.8,67600.0,2026-09-29
GEB,GRUPO ENERGIA BOGOTA SA,GRUPO ENERGIA BOGOTA,Servicios Públicos,5.33,3060.0,2026-09-29
GRUPOARGOS,INVERSIONES ARGOS,INVERSIONES ARGOS,Materiales,4.74,21600.0,2026-09-29
CEMARGOS,CEMENTOS ARGOS SA,CEMENTOS ARGOS,Materiales,4.41,11660.0,2026-09-29
PFGRUPOARG,INVERSIONES ARGOS PREF,INVERSIONES ARGOS,Materiales,3.02,16460.0,2026-09-29
PFDAVIGRP,DAVIVIENDA GROUP PRF SA,DAVIVIENDA GROUP,Servicios Financieros,2.89,39500.0,2026-09-29
PFAVAL,GRUPO AVAL ACCIONES Y VALORES PREF,GRUPO AVAL ACCIONES Y VALORES,Servicios Financieros,2.22,811.0,2026-09-29
CELSIA,CELSIA ESP,CELSIA,Servicios Públicos,1.48,4915.0,2026-09-29
PEI,PATRIMONIO ESTRATEGIAS INMOBIL REI,PATRIMONIO ESTRATEGIAS INMOBIL REI,Inmobiliario,1.31,66260.0,2026-09-29
MINEROS,MINEROS,MINEROS,Materiales,1.28,22820.0,2026-09-29
CORFICOLCF,CORPORACION FINANCIERA COLOMBIANA,CORPORACION FINANCIERA COLOMBIANA,Servicios Financieros,1.26,22020.0,2026-09-29
GRUBOLIVAR,GRUPO BOLIVAR SA,GRUPO BOLIVAR,Servicios Financieros,0.73,78660.0,2026-09-29
BOGOTA,BANCO DE BOGOTA SA,BANCO DE BOGOTA,Servicios Financieros,0.61,38560.0,2026-09-29
TERPEL,ORGANIZACION TERPEL SA,ORGANIZACION TERPEL,Consumo discrecional,0.48,19100.0,2026-09-29
EXITO,ALMACENES EXITO SA,ALMACENES EXITO,Consumo Frecuente,0.47,5050.0,2026-09-29
PROMIGAS,PROMIGAS SA,PROMIGAS,Servicios Públicos,0.45,6070.0,2026-09-29
PFCORFICOL,CORPORACION FINANCIERA COLOMBIANA,CORPORACION FINANCIERA COLOMBIANA,Servicios Financieros,0.21,18460.0,2026-09-29
CNEC,CANACOL ENERGY LTD,CANACOL ENERGY LTD,Energía,0.07,5000.0,2026-09-29
