fecha,posicion,ocupados
2010-01-01,asalariado_privado,5850.7840
2010-02-01,asalariado_privado,6511.6530
2010-03-01,asalariado_privado,6149.3210
2010-04-01,asalariado_privado,6578.1030
2010-05-01,asalariado_privado,6425.9600
2010-06-01,asalariado_privado,6054.0920
2010-07-01,asalariado_privado,6667.8570
2010-08-01,asalariado_privado,6283.7730
2010-09-01,asalariado_privado,6379.2250
2010-10-01,asalariado_privado,6551.2730
2010-11-01,asalariado_privado,6398.6170
2010-12-01,asalariado_privado,6474.3250
2011-01-01,asalariado_privado,6273.1600
2011-02-01,asalariado_privado,6280.7910
2011-03-01,asalariado_privado,6493.3800
2011-04-01,asalariado_privado,6617.0940
2011-05-01,asalariado_privado,6524.7270
2011-06-01,asalariado_privado,6549.0830
2011-07-01,asalariado_privado,6569.3210
2011-08-01,asalariado_privado,6568.1230
2011-09-01,asalariado_privado,6793.2640
2011-10-01,asalariado_privado,6782.5090
2011-11-01,asalariado_privado,6709.6350
2011-12-01,asalariado_privado,6872.0760
2012-01-01,asalariado_privado,6576.0740
2012-02-01,asalariado_privado,6583.0640
2012-03-01,asalariado_privado,6849.4150
2012-04-01,asalariado_privado,7062.4920
2012-05-01,asalariado_privado,6941.0060
2012-06-01,asalariado_privado,6773.6990
2012-07-01,asalariado_privado,6925.4770
2012-08-01,asalariado_privado,7036.2420
2012-09-01,asalariado_privado,6843.8720
2012-10-01,asalariado_privado,7229.6640
2012-11-01,asalariado_privado,7162.7810
2012-12-01,asalariado_privado,7131.5160
2013-01-01,asalariado_privado,6973.4840
2013-02-01,asalariado_privado,6888.4420
2013-03-01,asalariado_privado,7172.2010
2013-04-01,asalariado_privado,7375.5640
2013-05-01,asalariado_privado,7463.8890
2013-06-01,asalariado_privado,6976.6430
2013-07-01,asalariado_privado,7450.8110
2013-08-01,asalariado_privado,7191.4190
2013-09-01,asalariado_privado,7207.8550
2013-10-01,asalariado_privado,7497.2760
2013-11-01,asalariado_privado,7404.2920
2013-12-01,asalariado_privado,7497.9450
2014-01-01,asalariado_privado,7049.0150
2014-02-01,asalariado_privado,7645.2430
2014-03-01,asalariado_privado,7617.6060
2014-04-01,asalariado_privado,7896.0540
2014-05-01,asalariado_privado,7703.0050
2014-06-01,asalariado_privado,7500.9640
2014-07-01,asalariado_privado,7885.9700
2014-08-01,asalariado_privado,7528.6560
2014-09-01,asalariado_privado,7757.6520
2014-10-01,asalariado_privado,8042.5730
2014-11-01,asalariado_privado,7940.9390
2014-12-01,asalariado_privado,7899.4470
2015-01-01,asalariado_privado,7619.3360
2015-02-01,asalariado_privado,7639.8450
2015-03-01,asalariado_privado,7931.4470
2015-04-01,asalariado_privado,8103.1760
2015-05-01,asalariado_privado,7860.6010
2015-06-01,asalariado_privado,7757.9080
2015-07-01,asalariado_privado,7890.8080
2015-08-01,asalariado_privado,7968.1230
2015-09-01,asalariado_privado,8132.5740
2015-10-01,asalariado_privado,8274.4970
2015-11-01,asalariado_privado,7970.4150
2015-12-01,asalariado_privado,8093.3880
2016-01-01,asalariado_privado,7708.3910
2016-02-01,asalariado_privado,7752.4960
2016-03-01,asalariado_privado,7932.1300
2016-04-01,asalariado_privado,8382.3780
2016-05-01,asalariado_privado,8046.4530
2016-06-01,asalariado_privado,8006.7820
2016-07-01,asalariado_privado,7930.7100
2016-08-01,asalariado_privado,8000.3680
2016-09-01,asalariado_privado,8139.1250
2016-10-01,asalariado_privado,8199.6860
2016-11-01,asalariado_privado,8171.7370
2016-12-01,asalariado_privado,8094.8020
2017-01-01,asalariado_privado,7747.2750
2017-02-01,asalariado_privado,7979.7550
2017-03-01,asalariado_privado,8001.5320
2017-04-01,asalariado_privado,8381.7240
2017-05-01,asalariado_privado,8185.1250
2017-06-01,asalariado_privado,7953.0520
2017-07-01,asalariado_privado,8041.0630
2017-08-01,asalariado_privado,8047.1950
2017-09-01,asalariado_privado,8002.4280
2017-10-01,asalariado_privado,8321.3180
2017-11-01,asalariado_privado,8150.9290
2017-12-01,asalariado_privado,8129.0360
2018-01-01,asalariado_privado,7831.0800
2018-02-01,asalariado_privado,8146.2500
2018-03-01,asalariado_privado,7970.3740
2018-04-01,asalariado_privado,8187.6720
2018-05-01,asalariado_privado,8195.5910
2018-06-01,asalariado_privado,7933.0480
2018-07-01,asalariado_privado,8181.8170
2018-08-01,asalariado_privado,8098.1290
2018-09-01,asalariado_privado,7980.4250
2018-10-01,asalariado_privado,8145.8930
2018-11-01,asalariado_privado,8034.2310
2018-12-01,asalariado_privado,8266.0590
2019-01-01,asalariado_privado,7967.9700
2019-02-01,asalariado_privado,8116.7590
2019-03-01,asalariado_privado,8441.1250
2019-04-01,asalariado_privado,8629.3740
2019-05-01,asalariado_privado,8650.0270
2019-06-01,asalariado_privado,8369.4240
2019-07-01,asalariado_privado,8394.5970
2019-08-01,asalariado_privado,8398.1930
2019-09-01,asalariado_privado,8324.7250
2019-10-01,asalariado_privado,8512.1020
2019-11-01,asalariado_privado,8554.0510
2019-12-01,asalariado_privado,8489.5270
2020-01-01,asalariado_privado,8174.4680
2020-02-01,asalariado_privado,8455.1770
2020-03-01,asalariado_privado,7707.3997
2020-04-01,asalariado_privado,6114.7810
2020-05-01,asalariado_privado,6442.5440
2020-06-01,asalariado_privado,6656.9770
2020-07-01,asalariado_privado,6349.9620
2020-08-01,asalariado_privado,7117.2430
2020-09-01,asalariado_privado,7291.0930
2020-10-01,asalariado_privado,7526.1150
2020-11-01,asalariado_privado,7486.0220
2020-12-01,asalariado_privado,7575.3390
2021-01-01,asalariado_privado,7667.1761
2021-02-01,asalariado_privado,7910.2097
2021-03-01,asalariado_privado,8091.2412
2021-04-01,asalariado_privado,7884.5992
2021-05-01,asalariado_privado,8180.7028
2021-06-01,asalariado_privado,8302.2944
2021-07-01,asalariado_privado,8109.0145
2021-08-01,asalariado_privado,8070.4856
2021-09-01,asalariado_privado,8546.6011
2021-10-01,asalariado_privado,8570.4577
2021-11-01,asalariado_privado,8297.9467
2021-12-01,asalariado_privado,8768.9025
2022-01-01,asalariado_privado,8691.8192
2022-02-01,asalariado_privado,9083.5363
2022-03-01,asalariado_privado,9289.4089
2022-04-01,asalariado_privado,9495.8742
2022-05-01,asalariado_privado,9346.7729
2022-06-01,asalariado_privado,9347.0719
2022-07-01,asalariado_privado,9321.1050
2022-08-01,asalariado_privado,9458.8710
2022-09-01,asalariado_privado,9435.0298
2022-10-01,asalariado_privado,9803.3242
2022-11-01,asalariado_privado,9703.5060
2022-12-01,asalariado_privado,9764.6752
2023-01-01,asalariado_privado,9647.6566
2023-02-01,asalariado_privado,9409.4685
2023-03-01,asalariado_privado,9690.0208
2023-04-01,asalariado_privado,9723.0973
2023-05-01,asalariado_privado,9931.3432
2023-06-01,asalariado_privado,10290.6068
2023-07-01,asalariado_privado,9889.1998
2023-08-01,asalariado_privado,9953.6984
2023-09-01,asalariado_privado,10007.8394
2023-10-01,asalariado_privado,10206.2123
2023-11-01,asalariado_privado,10011.5734
2023-12-01,asalariado_privado,9982.3976
2024-01-01,asalariado_privado,9811.1461
2024-02-01,asalariado_privado,9765.0867
2024-03-01,asalariado_privado,9925.0423
2024-04-01,asalariado_privado,10097.0317
2024-05-01,asalariado_privado,10341.7625
2024-06-01,asalariado_privado,10339.8291
2024-07-01,asalariado_privado,10115.8525
2024-08-01,asalariado_privado,10145.2678
2024-09-01,asalariado_privado,10214.9434
2024-10-01,asalariado_privado,10596.2938
2024-11-01,asalariado_privado,10279.8936
2024-12-01,asalariado_privado,10143.1908
2025-01-01,asalariado_privado,10233.4205
2025-02-01,asalariado_privado,10076.7100
2025-03-01,asalariado_privado,10109.3011
2025-04-01,asalariado_privado,10388.9933
2025-05-01,asalariado_privado,10584.9273
2025-06-01,asalariado_privado,10644.9939
2025-07-01,asalariado_privado,10884.9030
2025-08-01,asalariado_privado,10569.7736
2025-09-01,asalariado_privado,10687.9134
2025-10-01,asalariado_privado,10788.6300
2025-11-01,asalariado_privado,10782.5776
2025-12-01,asalariado_privado,11063.3072
2026-01-01,asalariado_privado,10250.3881
2026-02-01,asalariado_privado,10607.1283
2026-03-01,asalariado_privado,10470.2751
2026-04-01,asalariado_privado,10889.9221
2026-05-01,asalariado_privado,10784.0741
2026-06-01,asalariado_privado,11081.8319
2026-07-01,asalariado_privado,10924.0238
2026-08-01,asalariado_privado,10644.9874
2010-01-01,asalariado_publico,800.8230
2010-02-01,asalariado_publico,752.9910
2010-03-01,asalariado_publico,873.9480
2010-04-01,asalariado_publico,795.5810
2010-05-01,asalariado_publico,733.3550
2010-06-01,asalariado_publico,849.1030
2010-07-01,asalariado_publico,778.7500
2010-08-01,asalariado_publico,833.8280
2010-09-01,asalariado_publico,793.9010
2010-10-01,asalariado_publico,712.8970
2010-11-01,asalariado_publico,804.5390
2010-12-01,asalariado_publico,737.0430
2011-01-01,asalariado_publico,788.1910
2011-02-01,asalariado_publico,806.5440
2011-03-01,asalariado_publico,798.7090
2011-04-01,asalariado_publico,755.4750
2011-05-01,asalariado_publico,835.2350
2011-06-01,asalariado_publico,823.3990
2011-07-01,asalariado_publico,855.8600
2011-08-01,asalariado_publico,769.4620
2011-09-01,asalariado_publico,907.4720
2011-10-01,asalariado_publico,696.9780
2011-11-01,asalariado_publico,769.2000
2011-12-01,asalariado_publico,754.9400
2012-01-01,asalariado_publico,909.4510
2012-02-01,asalariado_publico,782.2210
2012-03-01,asalariado_publico,811.1580
2012-04-01,asalariado_publico,834.2460
2012-05-01,asalariado_publico,806.3220
2012-06-01,asalariado_publico,922.1770
2012-07-01,asalariado_publico,742.7320
2012-08-01,asalariado_publico,821.8070
2012-09-01,asalariado_publico,817.9680
2012-10-01,asalariado_publico,829.8580
2012-11-01,asalariado_publico,806.6820
2012-12-01,asalariado_publico,745.8580
2013-01-01,asalariado_publico,835.6900
2013-02-01,asalariado_publico,736.3280
2013-03-01,asalariado_publico,790.9970
2013-04-01,asalariado_publico,876.0660
2013-05-01,asalariado_publico,838.6240
2013-06-01,asalariado_publico,830.5950
2013-07-01,asalariado_publico,847.4710
2013-08-01,asalariado_publico,870.1360
2013-09-01,asalariado_publico,878.6400
2013-10-01,asalariado_publico,868.1640
2013-11-01,asalariado_publico,850.7420
2013-12-01,asalariado_publico,792.0920
2014-01-01,asalariado_publico,895.5200
2014-02-01,asalariado_publico,757.4550
2014-03-01,asalariado_publico,801.8630
2014-04-01,asalariado_publico,823.4220
2014-05-01,asalariado_publico,827.4750
2014-06-01,asalariado_publico,883.2120
2014-07-01,asalariado_publico,959.1720
2014-08-01,asalariado_publico,800.1490
2014-09-01,asalariado_publico,814.6010
2014-10-01,asalariado_publico,835.5890
2014-11-01,asalariado_publico,879.7840
2014-12-01,asalariado_publico,797.2130
2015-01-01,asalariado_publico,815.6850
2015-02-01,asalariado_publico,768.1530
2015-03-01,asalariado_publico,874.2410
2015-04-01,asalariado_publico,794.4170
2015-05-01,asalariado_publico,846.6980
2015-06-01,asalariado_publico,908.7560
2015-07-01,asalariado_publico,821.6380
2015-08-01,asalariado_publico,905.8150
2015-09-01,asalariado_publico,832.8710
2015-10-01,asalariado_publico,838.3320
2015-11-01,asalariado_publico,835.9410
2015-12-01,asalariado_publico,845.9490
2016-01-01,asalariado_publico,894.6810
2016-02-01,asalariado_publico,857.1150
2016-03-01,asalariado_publico,884.1180
2016-04-01,asalariado_publico,884.2480
2016-05-01,asalariado_publico,880.8960
2016-06-01,asalariado_publico,925.1000
2016-07-01,asalariado_publico,831.6260
2016-08-01,asalariado_publico,825.3040
2016-09-01,asalariado_publico,844.6870
2016-10-01,asalariado_publico,796.2790
2016-11-01,asalariado_publico,880.6240
2016-12-01,asalariado_publico,883.5700
2017-01-01,asalariado_publico,804.4330
2017-02-01,asalariado_publico,720.1590
2017-03-01,asalariado_publico,823.2570
2017-04-01,asalariado_publico,874.7960
2017-05-01,asalariado_publico,863.7510
2017-06-01,asalariado_publico,870.5000
2017-07-01,asalariado_publico,776.1440
2017-08-01,asalariado_publico,891.0040
2017-09-01,asalariado_publico,857.4160
2017-10-01,asalariado_publico,816.8050
2017-11-01,asalariado_publico,887.4680
2017-12-01,asalariado_publico,784.2950
2018-01-01,asalariado_publico,789.1260
2018-02-01,asalariado_publico,727.1840
2018-03-01,asalariado_publico,840.1170
2018-04-01,asalariado_publico,848.4150
2018-05-01,asalariado_publico,877.8580
2018-06-01,asalariado_publico,1031.2760
2018-07-01,asalariado_publico,813.2640
2018-08-01,asalariado_publico,917.9580
2018-09-01,asalariado_publico,810.0900
2018-10-01,asalariado_publico,771.2520
2018-11-01,asalariado_publico,869.3140
2018-12-01,asalariado_publico,869.2770
2019-01-01,asalariado_publico,846.1360
2019-02-01,asalariado_publico,869.9490
2019-03-01,asalariado_publico,961.4290
2019-04-01,asalariado_publico,778.4940
2019-05-01,asalariado_publico,761.2100
2019-06-01,asalariado_publico,952.0800
2019-07-01,asalariado_publico,856.2150
2019-08-01,asalariado_publico,861.0200
2019-09-01,asalariado_publico,863.8200
2019-10-01,asalariado_publico,792.9580
2019-11-01,asalariado_publico,849.1310
2019-12-01,asalariado_publico,791.1790
2020-01-01,asalariado_publico,891.1900
2020-02-01,asalariado_publico,820.5840
2020-03-01,asalariado_publico,935.8811
2020-04-01,asalariado_publico,785.6710
2020-05-01,asalariado_publico,825.6100
2020-06-01,asalariado_publico,823.0380
2020-07-01,asalariado_publico,718.6880
2020-08-01,asalariado_publico,857.8960
2020-09-01,asalariado_publico,768.5780
2020-10-01,asalariado_publico,901.2190
2020-11-01,asalariado_publico,886.1730
2020-12-01,asalariado_publico,914.3400
2021-01-01,asalariado_publico,977.1359
2021-02-01,asalariado_publico,1102.4513
2021-03-01,asalariado_publico,1013.6130
2021-04-01,asalariado_publico,1105.4326
2021-05-01,asalariado_publico,1132.8537
2021-06-01,asalariado_publico,890.6988
2021-07-01,asalariado_publico,978.4669
2021-08-01,asalariado_publico,1037.8956
2021-09-01,asalariado_publico,954.0118
2021-10-01,asalariado_publico,891.6561
2021-11-01,asalariado_publico,1069.3623
2021-12-01,asalariado_publico,900.7222
2022-01-01,asalariado_publico,990.9808
2022-02-01,asalariado_publico,906.2884
2022-03-01,asalariado_publico,924.4503
2022-04-01,asalariado_publico,902.8808
2022-05-01,asalariado_publico,1019.5728
2022-06-01,asalariado_publico,902.6494
2022-07-01,asalariado_publico,968.0513
2022-08-01,asalariado_publico,959.1207
2022-09-01,asalariado_publico,852.9023
2022-10-01,asalariado_publico,857.9746
2022-11-01,asalariado_publico,886.6750
2022-12-01,asalariado_publico,840.5835
2023-01-01,asalariado_publico,892.5391
2023-02-01,asalariado_publico,917.5177
2023-03-01,asalariado_publico,1007.6492
2023-04-01,asalariado_publico,958.7941
2023-05-01,asalariado_publico,918.4956
2023-06-01,asalariado_publico,898.0324
2023-07-01,asalariado_publico,880.6778
2023-08-01,asalariado_publico,941.9779
2023-09-01,asalariado_publico,993.3275
2023-10-01,asalariado_publico,827.0692
2023-11-01,asalariado_publico,837.0980
2023-12-01,asalariado_publico,900.5615
2024-01-01,asalariado_publico,886.2259
2024-02-01,asalariado_publico,931.6434
2024-03-01,asalariado_publico,903.9593
2024-04-01,asalariado_publico,1003.7358
2024-05-01,asalariado_publico,909.2036
2024-06-01,asalariado_publico,799.4080
2024-07-01,asalariado_publico,896.1556
2024-08-01,asalariado_publico,895.5048
2024-09-01,asalariado_publico,877.7376
2024-10-01,asalariado_publico,820.4180
2024-11-01,asalariado_publico,927.8944
2024-12-01,asalariado_publico,866.1125
2025-01-01,asalariado_publico,836.1186
2025-02-01,asalariado_publico,940.9356
2025-03-01,asalariado_publico,829.7901
2025-04-01,asalariado_publico,974.5125
2025-05-01,asalariado_publico,806.9241
2025-06-01,asalariado_publico,909.4217
2025-07-01,asalariado_publico,808.7655
2025-08-01,asalariado_publico,835.1230
2025-09-01,asalariado_publico,897.3905
2025-10-01,asalariado_publico,834.9752
2025-11-01,asalariado_publico,881.0626
2025-12-01,asalariado_publico,925.6172
2026-01-01,asalariado_publico,881.2276
2026-02-01,asalariado_publico,912.6209
2026-03-01,asalariado_publico,839.8641
2026-04-01,asalariado_publico,930.5744
2026-05-01,asalariado_publico,952.9517
2026-06-01,asalariado_publico,893.1382
2026-07-01,asalariado_publico,939.1539
2026-08-01,asalariado_publico,959.4238
2010-01-01,cuenta_propia,7840.0110
2010-02-01,cuenta_propia,7739.3650
2010-03-01,cuenta_propia,7832.2000
2010-04-01,cuenta_propia,7944.8180
2010-05-01,cuenta_propia,8141.8130
2010-06-01,cuenta_propia,8379.7610
2010-07-01,cuenta_propia,7781.5790
2010-08-01,cuenta_propia,8115.9210
2010-09-01,cuenta_propia,8373.7450
2010-10-01,cuenta_propia,8569.7230
2010-11-01,cuenta_propia,8596.2010
2010-12-01,cuenta_propia,8468.8130
2011-01-01,cuenta_propia,8018.6720
2011-02-01,cuenta_propia,7974.5120
2011-03-01,cuenta_propia,8399.3250
2011-04-01,cuenta_propia,8350.8250
2011-05-01,cuenta_propia,8405.9280
2011-06-01,cuenta_propia,8647.1120
2011-07-01,cuenta_propia,8380.2070
2011-08-01,cuenta_propia,8212.6890
2011-09-01,cuenta_propia,8745.5510
2011-10-01,cuenta_propia,9090.3390
2011-11-01,cuenta_propia,9160.4600
2011-12-01,cuenta_propia,8763.4450
2012-01-01,cuenta_propia,8301.9230
2012-02-01,cuenta_propia,8402.8310
2012-03-01,cuenta_propia,8590.1170
2012-04-01,cuenta_propia,8500.0610
2012-05-01,cuenta_propia,8722.0260
2012-06-01,cuenta_propia,8875.8890
2012-07-01,cuenta_propia,8615.2380
2012-08-01,cuenta_propia,8351.2280
2012-09-01,cuenta_propia,8839.7360
2012-10-01,cuenta_propia,8688.4010
2012-11-01,cuenta_propia,8783.0760
2012-12-01,cuenta_propia,8917.3990
2013-01-01,cuenta_propia,8476.8250
2013-02-01,cuenta_propia,8373.8130
2013-03-01,cuenta_propia,8519.3140
2013-04-01,cuenta_propia,8409.5060
2013-05-01,cuenta_propia,8824.9030
2013-06-01,cuenta_propia,8909.6470
2013-07-01,cuenta_propia,8537.4860
2013-08-01,cuenta_propia,8624.3600
2013-09-01,cuenta_propia,8846.4120
2013-10-01,cuenta_propia,8923.5580
2013-11-01,cuenta_propia,8954.1690
2013-12-01,cuenta_propia,8991.4450
2014-01-01,cuenta_propia,8829.9790
2014-02-01,cuenta_propia,8272.6890
2014-03-01,cuenta_propia,8673.5000
2014-04-01,cuenta_propia,8653.9840
2014-05-01,cuenta_propia,8981.0550
2014-06-01,cuenta_propia,9115.3940
2014-07-01,cuenta_propia,8457.4130
2014-08-01,cuenta_propia,8931.7230
2014-09-01,cuenta_propia,9106.1570
2014-10-01,cuenta_propia,9262.1230
2014-11-01,cuenta_propia,9088.2770
2014-12-01,cuenta_propia,8989.1570
2015-01-01,cuenta_propia,8682.3990
2015-02-01,cuenta_propia,8796.2550
2015-03-01,cuenta_propia,8708.4600
2015-04-01,cuenta_propia,8926.5930
2015-05-01,cuenta_propia,9142.9850
2015-06-01,cuenta_propia,9098.3080
2015-07-01,cuenta_propia,8999.8060
2015-08-01,cuenta_propia,8866.4040
2015-09-01,cuenta_propia,9086.8720
2015-10-01,cuenta_propia,9176.1530
2015-11-01,cuenta_propia,9408.7620
2015-12-01,cuenta_propia,9369.2570
2016-01-01,cuenta_propia,8932.1800
2016-02-01,cuenta_propia,8915.8880
2016-03-01,cuenta_propia,8893.3660
2016-04-01,cuenta_propia,8986.5740
2016-05-01,cuenta_propia,9183.4650
2016-06-01,cuenta_propia,9383.9930
2016-07-01,cuenta_propia,8969.3760
2016-08-01,cuenta_propia,9168.3060
2016-09-01,cuenta_propia,9172.7760
2016-10-01,cuenta_propia,9555.7850
2016-11-01,cuenta_propia,9597.3670
2016-12-01,cuenta_propia,9501.3900
2017-01-01,cuenta_propia,9120.5510
2017-02-01,cuenta_propia,8968.0680
2017-03-01,cuenta_propia,9289.4060
2017-04-01,cuenta_propia,9199.7470
2017-05-01,cuenta_propia,9323.4790
2017-06-01,cuenta_propia,9795.0930
2017-07-01,cuenta_propia,9118.2050
2017-08-01,cuenta_propia,9242.7420
2017-09-01,cuenta_propia,9248.7570
2017-10-01,cuenta_propia,9264.4670
2017-11-01,cuenta_propia,9309.0520
2017-12-01,cuenta_propia,9637.6200
2018-01-01,cuenta_propia,9112.0640
2018-02-01,cuenta_propia,8871.3240
2018-03-01,cuenta_propia,9476.0620
2018-04-01,cuenta_propia,9450.4120
2018-05-01,cuenta_propia,9331.0590
2018-06-01,cuenta_propia,9672.1320
2018-07-01,cuenta_propia,9248.8350
2018-08-01,cuenta_propia,9444.0040
2018-09-01,cuenta_propia,9804.1980
2018-10-01,cuenta_propia,9768.0900
2018-11-01,cuenta_propia,9556.6870
2018-12-01,cuenta_propia,9748.5520
2019-01-01,cuenta_propia,9134.3560
2019-02-01,cuenta_propia,9100.2130
2019-03-01,cuenta_propia,9088.0820
2019-04-01,cuenta_propia,8873.6750
2019-05-01,cuenta_propia,9122.3630
2019-06-01,cuenta_propia,9442.0220
2019-07-01,cuenta_propia,8908.7420
2019-08-01,cuenta_propia,8811.9770
2019-09-01,cuenta_propia,9124.5230
2019-10-01,cuenta_propia,9478.5510
2019-11-01,cuenta_propia,9620.1150
2019-12-01,cuenta_propia,9557.1470
2020-01-01,cuenta_propia,8881.4290
2020-02-01,cuenta_propia,8827.1740
2020-03-01,cuenta_propia,8742.8649
2020-04-01,cuenta_propia,7239.8830
2020-05-01,cuenta_propia,7433.7690
2020-06-01,cuenta_propia,8041.5570
2020-07-01,cuenta_propia,8092.4470
2020-08-01,cuenta_propia,8276.7520
2020-09-01,cuenta_propia,8777.1580
2020-10-01,cuenta_propia,9231.3890
2020-11-01,cuenta_propia,9409.6950
2020-12-01,cuenta_propia,9496.0160
2021-01-01,cuenta_propia,7739.3510
2021-02-01,cuenta_propia,8676.6888
2021-03-01,cuenta_propia,8845.0696
2021-04-01,cuenta_propia,8681.9378
2021-05-01,cuenta_propia,8593.4324
2021-06-01,cuenta_propia,8908.0529
2021-07-01,cuenta_propia,9121.7506
2021-08-01,cuenta_propia,9308.9066
2021-09-01,cuenta_propia,9172.2186
2021-10-01,cuenta_propia,9503.1926
2021-11-01,cuenta_propia,9587.9587
2021-12-01,cuenta_propia,9436.1921
2022-01-01,cuenta_propia,8816.3410
2022-02-01,cuenta_propia,9317.5042
2022-03-01,cuenta_propia,9060.1489
2022-04-01,cuenta_propia,9185.2401
2022-05-01,cuenta_propia,9299.3403
2022-06-01,cuenta_propia,9448.1161
2022-07-01,cuenta_propia,9269.0192
2022-08-01,cuenta_propia,9463.6922
2022-09-01,cuenta_propia,9622.9498
2022-10-01,cuenta_propia,9368.7946
2022-11-01,cuenta_propia,9347.4227
2022-12-01,cuenta_propia,9375.4466
2023-01-01,cuenta_propia,8734.3421
2023-02-01,cuenta_propia,9396.7997
2023-03-01,cuenta_propia,9611.0513
2023-04-01,cuenta_propia,9589.9461
2023-05-01,cuenta_propia,9425.0248
2023-06-01,cuenta_propia,9433.6411
2023-07-01,cuenta_propia,9873.2159
2023-08-01,cuenta_propia,9659.2599
2023-09-01,cuenta_propia,9620.8248
2023-10-01,cuenta_propia,9580.7203
2023-11-01,cuenta_propia,9731.8476
2023-12-01,cuenta_propia,9479.9847
2024-01-01,cuenta_propia,8775.7505
2024-02-01,cuenta_propia,9355.1120
2024-03-01,cuenta_propia,9256.7654
2024-04-01,cuenta_propia,9298.8093
2024-05-01,cuenta_propia,9203.4609
2024-06-01,cuenta_propia,9248.4708
2024-07-01,cuenta_propia,9603.9374
2024-08-01,cuenta_propia,9760.4096
2024-09-01,cuenta_propia,9695.1460
2024-10-01,cuenta_propia,9457.5031
2024-11-01,cuenta_propia,9750.1598
2024-12-01,cuenta_propia,10131.8245
2025-01-01,cuenta_propia,9392.4550
2025-02-01,cuenta_propia,10029.4459
2025-03-01,cuenta_propia,9878.1950
2025-04-01,cuenta_propia,9826.3899
2025-05-01,cuenta_propia,9815.6321
2025-06-01,cuenta_propia,9691.5170
2025-07-01,cuenta_propia,9773.6762
2025-08-01,cuenta_propia,9961.6675
2025-09-01,cuenta_propia,9739.1809
2025-10-01,cuenta_propia,10108.9452
2025-11-01,cuenta_propia,10237.6567
2025-12-01,cuenta_propia,9632.5460
2026-01-01,cuenta_propia,9587.3693
2026-02-01,cuenta_propia,9928.3034
2026-03-01,cuenta_propia,10334.9029
2026-04-01,cuenta_propia,9941.6866
2026-05-01,cuenta_propia,10088.1453
2026-06-01,cuenta_propia,10105.1675
2026-07-01,cuenta_propia,10186.9408
2026-08-01,cuenta_propia,9905.3281
2010-01-01,domestico,680.5390
2010-02-01,domestico,665.6680
2010-03-01,domestico,654.5780
2010-04-01,domestico,661.1750
2010-05-01,domestico,720.2090
2010-06-01,domestico,601.4960
2010-07-01,domestico,735.7380
2010-08-01,domestico,689.0070
2010-09-01,domestico,653.7740
2010-10-01,domestico,664.9870
2010-11-01,domestico,702.2690
2010-12-01,domestico,636.6800
2011-01-01,domestico,660.5730
2011-02-01,domestico,672.0120
2011-03-01,domestico,648.7410
2011-04-01,domestico,707.4610
2011-05-01,domestico,665.1770
2011-06-01,domestico,650.7700
2011-07-01,domestico,689.2880
2011-08-01,domestico,673.4140
2011-09-01,domestico,602.9170
2011-10-01,domestico,802.0620
2011-11-01,domestico,662.2440
2011-12-01,domestico,661.4010
2012-01-01,domestico,632.4000
2012-02-01,domestico,632.4760
2012-03-01,domestico,706.2710
2012-04-01,domestico,712.6950
2012-05-01,domestico,810.7080
2012-06-01,domestico,673.1310
2012-07-01,domestico,702.6810
2012-08-01,domestico,739.5120
2012-09-01,domestico,684.4160
2012-10-01,domestico,744.8610
2012-11-01,domestico,705.0230
2012-12-01,domestico,622.2460
2013-01-01,domestico,620.0130
2013-02-01,domestico,607.2890
2013-03-01,domestico,633.0190
2013-04-01,domestico,668.3650
2013-05-01,domestico,746.9410
2013-06-01,domestico,737.2100
2013-07-01,domestico,649.3900
2013-08-01,domestico,666.9060
2013-09-01,domestico,723.2380
2013-10-01,domestico,717.8080
2013-11-01,domestico,671.1370
2013-12-01,domestico,638.9550
2014-01-01,domestico,669.9410
2014-02-01,domestico,590.3520
2014-03-01,domestico,728.8130
2014-04-01,domestico,668.1220
2014-05-01,domestico,720.1170
2014-06-01,domestico,689.6430
2014-07-01,domestico,622.4320
2014-08-01,domestico,703.5670
2014-09-01,domestico,644.2480
2014-10-01,domestico,726.0460
2014-11-01,domestico,694.4880
2014-12-01,domestico,650.9240
2015-01-01,domestico,632.2600
2015-02-01,domestico,643.1200
2015-03-01,domestico,686.3160
2015-04-01,domestico,683.1640
2015-05-01,domestico,839.1270
2015-06-01,domestico,635.4520
2015-07-01,domestico,687.8430
2015-08-01,domestico,677.9100
2015-09-01,domestico,672.3470
2015-10-01,domestico,747.4510
2015-11-01,domestico,728.3140
2015-12-01,domestico,586.8360
2016-01-01,domestico,607.3700
2016-02-01,domestico,638.5940
2016-03-01,domestico,668.5620
2016-04-01,domestico,655.9030
2016-05-01,domestico,628.6420
2016-06-01,domestico,616.1900
2016-07-01,domestico,599.7890
2016-08-01,domestico,688.2720
2016-09-01,domestico,616.6550
2016-10-01,domestico,635.7090
2016-11-01,domestico,640.5660
2016-12-01,domestico,659.1640
2017-01-01,domestico,645.7530
2017-02-01,domestico,654.7260
2017-03-01,domestico,581.4670
2017-04-01,domestico,669.5220
2017-05-01,domestico,633.6720
2017-06-01,domestico,680.1970
2017-07-01,domestico,614.5010
2017-08-01,domestico,582.0970
2017-09-01,domestico,623.3770
2017-10-01,domestico,663.0270
2017-11-01,domestico,629.2770
2017-12-01,domestico,655.9390
2018-01-01,domestico,613.0330
2018-02-01,domestico,532.1130
2018-03-01,domestico,601.4030
2018-04-01,domestico,638.5330
2018-05-01,domestico,695.3060
2018-06-01,domestico,634.7910
2018-07-01,domestico,639.6650
2018-08-01,domestico,564.4100
2018-09-01,domestico,624.7240
2018-10-01,domestico,639.5710
2018-11-01,domestico,554.5730
2018-12-01,domestico,678.7460
2019-01-01,domestico,653.4000
2019-02-01,domestico,634.5300
2019-03-01,domestico,668.5520
2019-04-01,domestico,701.5820
2019-05-01,domestico,547.0000
2019-06-01,domestico,672.9490
2019-07-01,domestico,725.8530
2019-08-01,domestico,594.4210
2019-09-01,domestico,675.7110
2019-10-01,domestico,674.3060
2019-11-01,domestico,600.0170
2019-12-01,domestico,661.8230
2020-01-01,domestico,666.6400
2020-02-01,domestico,642.9600
2020-03-01,domestico,528.4710
2020-04-01,domestico,341.7890
2020-05-01,domestico,344.8350
2020-06-01,domestico,380.8290
2020-07-01,domestico,416.0200
2020-08-01,domestico,453.2760
2020-09-01,domestico,501.0400
2020-10-01,domestico,598.3010
2020-11-01,domestico,530.0110
2020-12-01,domestico,504.6460
2021-01-01,domestico,449.3715
2021-02-01,domestico,439.5717
2021-03-01,domestico,416.2024
2021-04-01,domestico,450.2689
2021-05-01,domestico,457.4039
2021-06-01,domestico,419.1676
2021-07-01,domestico,551.1143
2021-08-01,domestico,555.4465
2021-09-01,domestico,491.8684
2021-10-01,domestico,506.3457
2021-11-01,domestico,523.4273
2021-12-01,domestico,544.8214
2022-01-01,domestico,557.2297
2022-02-01,domestico,595.1195
2022-03-01,domestico,586.5770
2022-04-01,domestico,635.1987
2022-05-01,domestico,696.3885
2022-06-01,domestico,692.0355
2022-07-01,domestico,651.7748
2022-08-01,domestico,624.2936
2022-09-01,domestico,670.6992
2022-10-01,domestico,668.8380
2022-11-01,domestico,729.6588
2022-12-01,domestico,676.6285
2023-01-01,domestico,637.2869
2023-02-01,domestico,658.4480
2023-03-01,domestico,609.7967
2023-04-01,domestico,605.3369
2023-05-01,domestico,627.4491
2023-06-01,domestico,716.8867
2023-07-01,domestico,694.7496
2023-08-01,domestico,722.3299
2023-09-01,domestico,666.2367
2023-10-01,domestico,680.8682
2023-11-01,domestico,701.0819
2023-12-01,domestico,653.2627
2024-01-01,domestico,668.3351
2024-02-01,domestico,681.4920
2024-03-01,domestico,690.5803
2024-04-01,domestico,642.4107
2024-05-01,domestico,718.7488
2024-06-01,domestico,691.8456
2024-07-01,domestico,710.9774
2024-08-01,domestico,778.2018
2024-09-01,domestico,688.8848
2024-10-01,domestico,739.1811
2024-11-01,domestico,730.4901
2024-12-01,domestico,713.5436
2025-01-01,domestico,691.8939
2025-02-01,domestico,711.8087
2025-03-01,domestico,788.6057
2025-04-01,domestico,612.8523
2025-05-01,domestico,698.2553
2025-06-01,domestico,719.3117
2025-07-01,domestico,732.6452
2025-08-01,domestico,774.1722
2025-09-01,domestico,717.8430
2025-10-01,domestico,653.1647
2025-11-01,domestico,786.4409
2025-12-01,domestico,706.1771
2026-01-01,domestico,671.3909
2026-02-01,domestico,769.4677
2026-03-01,domestico,703.8661
2026-04-01,domestico,756.9424
2026-05-01,domestico,740.0669
2026-06-01,domestico,617.5257
2026-07-01,domestico,733.1814
2026-08-01,domestico,656.5184
2010-01-01,empleador,947.5470
2010-02-01,empleador,989.7510
2010-03-01,empleador,1006.1710
2010-04-01,empleador,904.5750
2010-05-01,empleador,902.3330
2010-06-01,empleador,996.2250
2010-07-01,empleador,869.7960
2010-08-01,empleador,836.1500
2010-09-01,empleador,1103.9660
2010-10-01,empleador,939.8880
2010-11-01,empleador,960.5510
2010-12-01,empleador,1012.8220
2011-01-01,empleador,955.4950
2011-02-01,empleador,997.0290
2011-03-01,empleador,893.5940
2011-04-01,empleador,835.9530
2011-05-01,empleador,971.6460
2011-06-01,empleador,981.7180
2011-07-01,empleador,994.9420
2011-08-01,empleador,1031.9860
2011-09-01,empleador,900.8680
2011-10-01,empleador,1140.7100
2011-11-01,empleador,974.5780
2011-12-01,empleador,942.0100
2012-01-01,empleador,1015.7510
2012-02-01,empleador,1055.3150
2012-03-01,empleador,1075.3810
2012-04-01,empleador,894.6500
2012-05-01,empleador,974.9680
2012-06-01,empleador,1042.1910
2012-07-01,empleador,919.6900
2012-08-01,empleador,1089.7150
2012-09-01,empleador,948.8300
2012-10-01,empleador,1006.7480
2012-11-01,empleador,898.2940
2012-12-01,empleador,954.1610
2013-01-01,empleador,909.8090
2013-02-01,empleador,970.1450
2013-03-01,empleador,833.5530
2013-04-01,empleador,879.6640
2013-05-01,empleador,933.4890
2013-06-01,empleador,938.2540
2013-07-01,empleador,904.0130
2013-08-01,empleador,987.4160
2013-09-01,empleador,874.9940
2013-10-01,empleador,985.0740
2013-11-01,empleador,861.2490
2013-12-01,empleador,991.0560
2014-01-01,empleador,892.8950
2014-02-01,empleador,863.8530
2014-03-01,empleador,814.0000
2014-04-01,empleador,933.6080
2014-05-01,empleador,895.6650
2014-06-01,empleador,826.7490
2014-07-01,empleador,798.6130
2014-08-01,empleador,937.3350
2014-09-01,empleador,860.9350
2014-10-01,empleador,905.1580
2014-11-01,empleador,850.5660
2014-12-01,empleador,758.8600
2015-01-01,empleador,902.2580
2015-02-01,empleador,813.8540
2015-03-01,empleador,835.1180
2015-04-01,empleador,847.7250
2015-05-01,empleador,762.7570
2015-06-01,empleador,957.4560
2015-07-01,empleador,892.3760
2015-08-01,empleador,890.2590
2015-09-01,empleador,861.4220
2015-10-01,empleador,868.5040
2015-11-01,empleador,859.3340
2015-12-01,empleador,823.7080
2016-01-01,empleador,787.5370
2016-02-01,empleador,810.7280
2016-03-01,empleador,690.1100
2016-04-01,empleador,761.3860
2016-05-01,empleador,819.3960
2016-06-01,empleador,775.9280
2016-07-01,empleador,857.2490
2016-08-01,empleador,809.9250
2016-09-01,empleador,888.1920
2016-10-01,empleador,847.8270
2016-11-01,empleador,843.1650
2016-12-01,empleador,749.5540
2017-01-01,empleador,777.0380
2017-02-01,empleador,903.8460
2017-03-01,empleador,724.0170
2017-04-01,empleador,727.5710
2017-05-01,empleador,710.7410
2017-06-01,empleador,832.3050
2017-07-01,empleador,798.8930
2017-08-01,empleador,906.0170
2017-09-01,empleador,942.5380
2017-10-01,empleador,1021.3230
2017-11-01,empleador,995.2940
2017-12-01,empleador,897.9670
2018-01-01,empleador,914.4080
2018-02-01,empleador,824.4700
2018-03-01,empleador,833.1770
2018-04-01,empleador,847.9900
2018-05-01,empleador,833.3650
2018-06-01,empleador,821.6770
2018-07-01,empleador,854.0260
2018-08-01,empleador,886.9100
2018-09-01,empleador,928.3070
2018-10-01,empleador,940.3620
2018-11-01,empleador,881.6010
2018-12-01,empleador,856.2620
2019-01-01,empleador,803.2550
2019-02-01,empleador,792.9910
2019-03-01,empleador,729.7330
2019-04-01,empleador,768.3200
2019-05-01,empleador,824.9020
2019-06-01,empleador,732.6010
2019-07-01,empleador,710.2230
2019-08-01,empleador,844.1470
2019-09-01,empleador,835.5310
2019-10-01,empleador,786.2010
2019-11-01,empleador,751.2370
2019-12-01,empleador,690.6110
2020-01-01,empleador,809.3570
2020-02-01,empleador,726.7180
2020-03-01,empleador,516.0416
2020-04-01,empleador,496.6180
2020-05-01,empleador,519.5120
2020-06-01,empleador,610.5170
2020-07-01,empleador,497.9110
2020-08-01,empleador,600.3110
2020-09-01,empleador,692.9480
2020-10-01,empleador,683.6750
2020-11-01,empleador,656.6200
2020-12-01,empleador,650.7570
2021-01-01,empleador,534.6286
2021-02-01,empleador,453.2291
2021-03-01,empleador,392.3838
2021-04-01,empleador,479.3451
2021-05-01,empleador,454.5305
2021-06-01,empleador,438.9277
2021-07-01,empleador,450.0404
2021-08-01,empleador,499.1807
2021-09-01,empleador,488.6372
2021-10-01,empleador,487.2630
2021-11-01,empleador,617.9685
2021-12-01,empleador,553.7828
2022-01-01,empleador,555.6348
2022-02-01,empleador,593.6902
2022-03-01,empleador,584.7776
2022-04-01,empleador,628.6902
2022-05-01,empleador,646.0518
2022-06-01,empleador,569.1549
2022-07-01,empleador,646.1032
2022-08-01,empleador,670.7638
2022-09-01,empleador,663.7823
2022-10-01,empleador,678.4865
2022-11-01,empleador,725.3556
2022-12-01,empleador,647.1902
2023-01-01,empleador,551.6438
2023-02-01,empleador,642.2359
2023-03-01,empleador,638.6598
2023-04-01,empleador,688.0706
2023-05-01,empleador,593.0955
2023-06-01,empleador,629.6535
2023-07-01,empleador,659.4086
2023-08-01,empleador,711.1351
2023-09-01,empleador,650.8342
2023-10-01,empleador,611.3911
2023-11-01,empleador,649.1227
2023-12-01,empleador,616.2680
2024-01-01,empleador,604.8063
2024-02-01,empleador,501.5806
2024-03-01,empleador,637.3058
2024-04-01,empleador,597.8811
2024-05-01,empleador,678.0264
2024-06-01,empleador,612.8668
2024-07-01,empleador,633.2329
2024-08-01,empleador,599.8846
2024-09-01,empleador,568.1713
2024-10-01,empleador,666.2337
2024-11-01,empleador,677.9796
2024-12-01,empleador,538.7828
2025-01-01,empleador,531.6949
2025-02-01,empleador,573.1637
2025-03-01,empleador,657.4855
2025-04-01,empleador,576.4435
2025-05-01,empleador,555.2032
2025-06-01,empleador,551.1393
2025-07-01,empleador,516.5010
2025-08-01,empleador,544.1089
2025-09-01,empleador,602.7867
2025-10-01,empleador,621.5712
2025-11-01,empleador,650.4466
2025-12-01,empleador,601.2377
2026-01-01,empleador,646.2946
2026-02-01,empleador,678.4385
2026-03-01,empleador,698.5801
2026-04-01,empleador,609.3326
2026-05-01,empleador,674.5909
2026-06-01,empleador,582.6493
2026-07-01,empleador,666.8308
2026-08-01,empleador,540.7870
2010-01-01,jornalero,655.7090
2010-02-01,jornalero,806.1290
2010-03-01,jornalero,722.7900
2010-04-01,jornalero,806.6360
2010-05-01,jornalero,660.8460
2010-06-01,jornalero,769.1090
2010-07-01,jornalero,707.8370
2010-08-01,jornalero,999.3850
2010-09-01,jornalero,736.1620
2010-10-01,jornalero,842.4360
2010-11-01,jornalero,734.6480
2010-12-01,jornalero,674.8940
2011-01-01,jornalero,715.4710
2011-02-01,jornalero,814.3390
2011-03-01,jornalero,842.9460
2011-04-01,jornalero,796.3050
2011-05-01,jornalero,803.4500
2011-06-01,jornalero,620.7500
2011-07-01,jornalero,707.5800
2011-08-01,jornalero,988.0440
2011-09-01,jornalero,777.1320
2011-10-01,jornalero,764.5790
2011-11-01,jornalero,739.0900
2011-12-01,jornalero,663.0350
2012-01-01,jornalero,735.3550
2012-02-01,jornalero,911.9420
2012-03-01,jornalero,746.1790
2012-04-01,jornalero,720.6680
2012-05-01,jornalero,662.5370
2012-06-01,jornalero,736.9450
2012-07-01,jornalero,786.2470
2012-08-01,jornalero,873.4600
2012-09-01,jornalero,602.8100
2012-10-01,jornalero,812.3400
2012-11-01,jornalero,695.8340
2012-12-01,jornalero,648.8320
2013-01-01,jornalero,630.1580
2013-02-01,jornalero,919.6370
2013-03-01,jornalero,584.5610
2013-04-01,jornalero,683.9430
2013-05-01,jornalero,575.5050
2013-06-01,jornalero,725.9560
2013-07-01,jornalero,834.0300
2013-08-01,jornalero,833.9640
2013-09-01,jornalero,680.6650
2013-10-01,jornalero,781.6070
2013-11-01,jornalero,775.0170
2013-12-01,jornalero,578.0510
2014-01-01,jornalero,544.6800
2014-02-01,jornalero,846.5710
2014-03-01,jornalero,577.9680
2014-04-01,jornalero,595.6820
2014-05-01,jornalero,576.2550
2014-06-01,jornalero,646.4230
2014-07-01,jornalero,746.5100
2014-08-01,jornalero,815.8760
2014-09-01,jornalero,671.1830
2014-10-01,jornalero,650.1530
2014-11-01,jornalero,731.8560
2014-12-01,jornalero,513.2500
2015-01-01,jornalero,522.4130
2015-02-01,jornalero,791.9870
2015-03-01,jornalero,616.0280
2015-04-01,jornalero,622.2280
2015-05-01,jornalero,582.9950
2015-06-01,jornalero,722.4260
2015-07-01,jornalero,691.9400
2015-08-01,jornalero,810.1920
2015-09-01,jornalero,507.9190
2015-10-01,jornalero,768.8950
2015-11-01,jornalero,810.1510
2015-12-01,jornalero,539.1710
2016-01-01,jornalero,507.5660
2016-02-01,jornalero,832.4210
2016-03-01,jornalero,521.8100
2016-04-01,jornalero,652.8850
2016-05-01,jornalero,564.7320
2016-06-01,jornalero,579.2530
2016-07-01,jornalero,678.9110
2016-08-01,jornalero,743.1230
2016-09-01,jornalero,624.2400
2016-10-01,jornalero,768.1000
2016-11-01,jornalero,651.7760
2016-12-01,jornalero,548.1220
2017-01-01,jornalero,579.1190
2017-02-01,jornalero,758.0820
2017-03-01,jornalero,595.6800
2017-04-01,jornalero,677.9040
2017-05-01,jornalero,609.9040
2017-06-01,jornalero,683.4630
2017-07-01,jornalero,815.3740
2017-08-01,jornalero,762.7740
2017-09-01,jornalero,637.2240
2017-10-01,jornalero,718.4970
2017-11-01,jornalero,770.8870
2017-12-01,jornalero,494.4880
2018-01-01,jornalero,402.3920
2018-02-01,jornalero,824.1130
2018-03-01,jornalero,570.4480
2018-04-01,jornalero,680.4280
2018-05-01,jornalero,589.8740
2018-06-01,jornalero,729.6320
2018-07-01,jornalero,853.5120
2018-08-01,jornalero,848.0230
2018-09-01,jornalero,595.8410
2018-10-01,jornalero,704.3980
2018-11-01,jornalero,774.8630
2018-12-01,jornalero,557.9520
2019-01-01,jornalero,539.2530
2019-02-01,jornalero,840.4240
2019-03-01,jornalero,655.4740
2019-04-01,jornalero,627.0520
2019-05-01,jornalero,582.2150
2019-06-01,jornalero,733.4570
2019-07-01,jornalero,942.6320
2019-08-01,jornalero,853.0690
2019-09-01,jornalero,813.4450
2019-10-01,jornalero,859.1650
2019-11-01,jornalero,797.8180
2019-12-01,jornalero,802.9860
2020-01-01,jornalero,673.1580
2020-02-01,jornalero,981.5050
2020-03-01,jornalero,616.8889
2020-04-01,jornalero,577.3730
2020-05-01,jornalero,571.3830
2020-06-01,jornalero,582.6140
2020-07-01,jornalero,804.9810
2020-08-01,jornalero,847.6480
2020-09-01,jornalero,648.0060
2020-10-01,jornalero,757.9170
2020-11-01,jornalero,827.3260
2020-12-01,jornalero,713.6640
2021-01-01,jornalero,809.7511
2021-02-01,jornalero,820.2126
2021-03-01,jornalero,765.6876
2021-04-01,jornalero,667.8048
2021-05-01,jornalero,725.2019
2021-06-01,jornalero,696.7220
2021-07-01,jornalero,763.9750
2021-08-01,jornalero,735.4391
2021-09-01,jornalero,641.4268
2021-10-01,jornalero,696.8298
2021-11-01,jornalero,708.8079
2021-12-01,jornalero,786.6608
2022-01-01,jornalero,695.3378
2022-02-01,jornalero,655.4311
2022-03-01,jornalero,800.2160
2022-04-01,jornalero,630.8083
2022-05-01,jornalero,729.2385
2022-06-01,jornalero,659.5496
2022-07-01,jornalero,717.0246
2022-08-01,jornalero,598.8876
2022-09-01,jornalero,667.7074
2022-10-01,jornalero,754.1432
2022-11-01,jornalero,632.7271
2022-12-01,jornalero,691.1916
2023-01-01,jornalero,585.6379
2023-02-01,jornalero,696.7199
2023-03-01,jornalero,687.1382
2023-04-01,jornalero,672.2040
2023-05-01,jornalero,619.4119
2023-06-01,jornalero,586.2651
2023-07-01,jornalero,716.1079
2023-08-01,jornalero,747.5998
2023-09-01,jornalero,700.1147
2023-10-01,jornalero,794.6670
2023-11-01,jornalero,779.1547
2023-12-01,jornalero,700.3980
2024-01-01,jornalero,843.8081
2024-02-01,jornalero,742.2311
2024-03-01,jornalero,785.9969
2024-04-01,jornalero,728.9991
2024-05-01,jornalero,737.9078
2024-06-01,jornalero,702.0900
2024-07-01,jornalero,705.9396
2024-08-01,jornalero,740.8710
2024-09-01,jornalero,704.7759
2024-10-01,jornalero,698.5345
2024-11-01,jornalero,806.7513
2024-12-01,jornalero,752.9070
2025-01-01,jornalero,735.6374
2025-02-01,jornalero,621.5360
2025-03-01,jornalero,906.8830
2025-04-01,jornalero,749.4098
2025-05-01,jornalero,787.1006
2025-06-01,jornalero,846.2468
2025-07-01,jornalero,804.5345
2025-08-01,jornalero,795.6343
2025-09-01,jornalero,812.7996
2025-10-01,jornalero,885.5856
2025-11-01,jornalero,878.5087
2025-12-01,jornalero,848.6105
2026-01-01,jornalero,768.8228
2026-02-01,jornalero,673.8602
2026-03-01,jornalero,860.6399
2026-04-01,jornalero,755.1521
2026-05-01,jornalero,895.8647
2026-06-01,jornalero,728.8224
2026-07-01,jornalero,619.3581
2026-08-01,jornalero,642.0577
2010-01-01,otro,16.2810
2010-02-01,otro,11.0900
2010-03-01,otro,9.2180
2010-04-01,otro,14.8180
2010-05-01,otro,20.9530
2010-06-01,otro,17.7100
2010-07-01,otro,30.6070
2010-08-01,otro,24.6980
2010-09-01,otro,27.3180
2010-10-01,otro,32.0440
2010-11-01,otro,32.6680
2010-12-01,otro,13.1410
2011-01-01,otro,8.0460
2011-02-01,otro,27.2280
2011-03-01,otro,24.6270
2011-04-01,otro,28.3260
2011-05-01,otro,14.6890
2011-06-01,otro,14.2830
2011-07-01,otro,16.4710
2011-08-01,otro,19.9700
2011-09-01,otro,16.3160
2011-10-01,otro,44.7770
2011-11-01,otro,22.8230
2011-12-01,otro,37.1360
2012-01-01,otro,17.7200
2012-02-01,otro,30.8000
2012-03-01,otro,22.8640
2012-04-01,otro,32.6710
2012-05-01,otro,18.4740
2012-06-01,otro,22.6150
2012-07-01,otro,15.7200
2012-08-01,otro,36.1420
2012-09-01,otro,25.0240
2012-10-01,otro,12.8230
2012-11-01,otro,25.5380
2012-12-01,otro,24.2160
2013-01-01,otro,15.0040
2013-02-01,otro,28.0170
2013-03-01,otro,26.4830
2013-04-01,otro,29.3440
2013-05-01,otro,37.1790
2013-06-01,otro,11.5480
2013-07-01,otro,22.6310
2013-08-01,otro,26.8170
2013-09-01,otro,11.9520
2013-10-01,otro,29.1120
2013-11-01,otro,28.4120
2013-12-01,otro,17.5500
2014-01-01,otro,9.7160
2014-02-01,otro,28.7070
2014-03-01,otro,23.9650
2014-04-01,otro,21.2520
2014-05-01,otro,30.3310
2014-06-01,otro,20.8560
2014-07-01,otro,15.1550
2014-08-01,otro,15.8790
2014-09-01,otro,20.5330
2014-10-01,otro,18.8960
2014-11-01,otro,24.4740
2014-12-01,otro,15.9370
2015-01-01,otro,10.0030
2015-02-01,otro,20.7210
2015-03-01,otro,34.4310
2015-04-01,otro,21.4370
2015-05-01,otro,9.1170
2015-06-01,otro,18.3480
2015-07-01,otro,12.8420
2015-08-01,otro,31.3870
2015-09-01,otro,24.4210
2015-10-01,otro,32.0370
2015-11-01,otro,26.7260
2015-12-01,otro,19.5200
2016-01-01,otro,8.2360
2016-02-01,otro,15.0820
2016-03-01,otro,26.2140
2016-04-01,otro,22.1070
2016-05-01,otro,24.4410
2016-06-01,otro,12.0870
2016-07-01,otro,13.6260
2016-08-01,otro,36.6060
2016-09-01,otro,23.3890
2016-10-01,otro,14.0110
2016-11-01,otro,25.4250
2016-12-01,otro,13.7750
2017-01-01,otro,9.0210
2017-02-01,otro,13.3860
2017-03-01,otro,15.7590
2017-04-01,otro,9.6960
2017-05-01,otro,15.6190
2017-06-01,otro,27.0560
2017-07-01,otro,17.2760
2017-08-01,otro,11.2920
2017-09-01,otro,20.4510
2017-10-01,otro,12.5190
2017-11-01,otro,8.2910
2017-12-01,otro,11.3530
2018-01-01,otro,17.3810
2018-02-01,otro,12.8460
2018-03-01,otro,15.0530
2018-04-01,otro,20.9390
2018-05-01,otro,15.5270
2018-06-01,otro,12.2160
2018-07-01,otro,12.5740
2018-08-01,otro,15.3300
2018-09-01,otro,13.6730
2018-10-01,otro,19.1790
2018-11-01,otro,20.4850
2018-12-01,otro,17.5190
2019-01-01,otro,13.3250
2019-02-01,otro,14.7950
2019-03-01,otro,9.8730
2019-04-01,otro,16.8470
2019-05-01,otro,17.7510
2019-06-01,otro,6.3080
2019-07-01,otro,18.3310
2019-08-01,otro,16.6350
2019-09-01,otro,10.3190
2019-10-01,otro,15.8050
2019-11-01,otro,24.1090
2019-12-01,otro,11.2670
2020-01-01,otro,7.2340
2020-02-01,otro,10.4780
2020-03-01,otro,11.1561
2020-04-01,otro,9.3390
2020-05-01,otro,16.8490
2020-06-01,otro,1.7740
2020-07-01,otro,1.5510
2020-08-01,otro,0.9910
2020-09-01,otro,2.4200
2020-10-01,otro,16.5600
2020-11-01,otro,6.5180
2020-12-01,otro,4.0760
2021-01-01,otro,405.6166
2021-02-01,otro,286.3771
2021-03-01,otro,204.0753
2021-04-01,otro,65.3182
2021-05-01,otro,44.3146
2021-06-01,otro,10.4209
2021-07-01,otro,14.2063
2021-08-01,otro,9.5751
2021-09-01,otro,2.1226
2021-10-01,otro,17.2858
2021-11-01,otro,17.7413
2021-12-01,otro,7.6701
2022-01-01,otro,5.8030
2022-02-01,otro,11.5491
2022-03-01,otro,6.9055
2022-04-01,otro,6.8889
2022-05-01,otro,18.1597
2022-06-01,otro,7.7662
2022-07-01,otro,12.1622
2022-08-01,otro,25.4738
2022-09-01,otro,21.9548
2022-10-01,otro,20.8806
2022-11-01,otro,17.5744
2022-12-01,otro,4.9388
2023-01-01,otro,1.1102
2023-02-01,otro,7.0674
2023-03-01,otro,21.0752
2023-04-01,otro,6.7876
2023-05-01,otro,22.8491
2023-06-01,otro,5.6061
2023-07-01,otro,9.1306
2023-08-01,otro,9.4969
2023-09-01,otro,16.2239
2023-10-01,otro,3.4995
2023-11-01,otro,18.1741
2023-12-01,otro,9.7420
2024-01-01,otro,1.2780
2024-02-01,otro,4.5747
2024-03-01,otro,21.6634
2024-04-01,otro,9.4065
2024-05-01,otro,7.1469
2024-06-01,otro,26.1042
2024-07-01,otro,15.5985
2024-08-01,otro,8.3433
2024-09-01,otro,5.9963
2024-10-01,otro,11.8586
2024-11-01,otro,13.1187
2024-12-01,otro,7.3924
2025-01-01,otro,6.7602
2025-02-01,otro,11.3295
2025-03-01,otro,8.0495
2025-04-01,otro,7.5621
2025-05-01,otro,11.0099
2025-06-01,otro,7.4623
2025-07-01,otro,10.1714
2025-08-01,otro,8.6094
2025-09-01,otro,9.3186
2025-10-01,otro,11.1531
2025-11-01,otro,5.9578
2025-12-01,otro,12.3472
2026-01-01,otro,0.9972
2026-02-01,otro,9.9549
2026-03-01,otro,7.9404
2026-04-01,otro,8.5487
2026-05-01,otro,17.3654
2026-06-01,otro,3.1957
2026-07-01,otro,7.4249
2026-08-01,otro,3.4715
2010-01-01,sin_remuneracion,907.7170
2010-02-01,sin_remuneracion,779.0400
2010-03-01,sin_remuneracion,909.8840
2010-04-01,sin_remuneracion,867.2660
2010-05-01,sin_remuneracion,752.4670
2010-06-01,sin_remuneracion,881.2370
2010-07-01,sin_remuneracion,797.1280
2010-08-01,sin_remuneracion,829.9460
2010-09-01,sin_remuneracion,957.1080
2010-10-01,sin_remuneracion,966.9880
2010-11-01,sin_remuneracion,911.0840
2010-12-01,sin_remuneracion,858.7370
2011-01-01,sin_remuneracion,949.7270
2011-02-01,sin_remuneracion,832.1650
2011-03-01,sin_remuneracion,823.2740
2011-04-01,sin_remuneracion,805.5060
2011-05-01,sin_remuneracion,842.2950
2011-06-01,sin_remuneracion,756.2270
2011-07-01,sin_remuneracion,799.4480
2011-08-01,sin_remuneracion,793.7990
2011-09-01,sin_remuneracion,816.2370
2011-10-01,sin_remuneracion,1079.6280
2011-11-01,sin_remuneracion,1047.4530
2011-12-01,sin_remuneracion,1002.9020
2012-01-01,sin_remuneracion,911.5300
2012-02-01,sin_remuneracion,995.3410
2012-03-01,sin_remuneracion,953.0010
2012-04-01,sin_remuneracion,910.3450
2012-05-01,sin_remuneracion,865.1520
2012-06-01,sin_remuneracion,1052.5150
2012-07-01,sin_remuneracion,825.4490
2012-08-01,sin_remuneracion,949.8330
2012-09-01,sin_remuneracion,892.1150
2012-10-01,sin_remuneracion,1002.5080
2012-11-01,sin_remuneracion,914.8640
2012-12-01,sin_remuneracion,937.2820
2013-01-01,sin_remuneracion,861.4810
2013-02-01,sin_remuneracion,821.8750
2013-03-01,sin_remuneracion,937.7710
2013-04-01,sin_remuneracion,818.1390
2013-05-01,sin_remuneracion,780.9070
2013-06-01,sin_remuneracion,866.3630
2013-07-01,sin_remuneracion,772.3270
2013-08-01,sin_remuneracion,968.7500
2013-09-01,sin_remuneracion,927.2370
2013-10-01,sin_remuneracion,1085.0150
2013-11-01,sin_remuneracion,824.7720
2013-12-01,sin_remuneracion,869.4200
2014-01-01,sin_remuneracion,855.5450
2014-02-01,sin_remuneracion,783.5940
2014-03-01,sin_remuneracion,797.1230
2014-04-01,sin_remuneracion,858.5280
2014-05-01,sin_remuneracion,757.6300
2014-06-01,sin_remuneracion,849.8090
2014-07-01,sin_remuneracion,757.2980
2014-08-01,sin_remuneracion,917.9720
2014-09-01,sin_remuneracion,881.5290
2014-10-01,sin_remuneracion,978.2450
2014-11-01,sin_remuneracion,876.5100
2014-12-01,sin_remuneracion,925.8660
2015-01-01,sin_remuneracion,813.8600
2015-02-01,sin_remuneracion,819.5060
2015-03-01,sin_remuneracion,893.0440
2015-04-01,sin_remuneracion,845.9250
2015-05-01,sin_remuneracion,799.4370
2015-06-01,sin_remuneracion,854.6980
2015-07-01,sin_remuneracion,720.2800
2015-08-01,sin_remuneracion,718.9630
2015-09-01,sin_remuneracion,808.8990
2015-10-01,sin_remuneracion,938.5930
2015-11-01,sin_remuneracion,913.5430
2015-12-01,sin_remuneracion,817.9470
2016-01-01,sin_remuneracion,800.3400
2016-02-01,sin_remuneracion,772.6990
2016-03-01,sin_remuneracion,766.8410
2016-04-01,sin_remuneracion,753.9050
2016-05-01,sin_remuneracion,650.3640
2016-06-01,sin_remuneracion,824.8990
2016-07-01,sin_remuneracion,665.4350
2016-08-01,sin_remuneracion,716.7990
2016-09-01,sin_remuneracion,687.3720
2016-10-01,sin_remuneracion,829.9960
2016-11-01,sin_remuneracion,767.9560
2016-12-01,sin_remuneracion,715.6230
2017-01-01,sin_remuneracion,672.7310
2017-02-01,sin_remuneracion,676.3060
2017-03-01,sin_remuneracion,709.0420
2017-04-01,sin_remuneracion,804.5020
2017-05-01,sin_remuneracion,673.3790
2017-06-01,sin_remuneracion,726.5290
2017-07-01,sin_remuneracion,751.5000
2017-08-01,sin_remuneracion,767.7110
2017-09-01,sin_remuneracion,765.0020
2017-10-01,sin_remuneracion,899.2550
2017-11-01,sin_remuneracion,740.8850
2017-12-01,sin_remuneracion,774.6840
2018-01-01,sin_remuneracion,739.7900
2018-02-01,sin_remuneracion,678.3030
2018-03-01,sin_remuneracion,666.8800
2018-04-01,sin_remuneracion,735.7720
2018-05-01,sin_remuneracion,704.7090
2018-06-01,sin_remuneracion,682.0940
2018-07-01,sin_remuneracion,590.5890
2018-08-01,sin_remuneracion,724.2060
2018-09-01,sin_remuneracion,745.7450
2018-10-01,sin_remuneracion,779.3090
2018-11-01,sin_remuneracion,663.4480
2018-12-01,sin_remuneracion,766.8800
2019-01-01,sin_remuneracion,645.4550
2019-02-01,sin_remuneracion,678.5120
2019-03-01,sin_remuneracion,583.3760
2019-04-01,sin_remuneracion,658.4030
2019-05-01,sin_remuneracion,691.8410
2019-06-01,sin_remuneracion,780.4500
2019-07-01,sin_remuneracion,547.6240
2019-08-01,sin_remuneracion,686.5640
2019-09-01,sin_remuneracion,647.2590
2019-10-01,sin_remuneracion,777.6270
2019-11-01,sin_remuneracion,699.1970
2019-12-01,sin_remuneracion,725.9390
2020-01-01,sin_remuneracion,597.3520
2020-02-01,sin_remuneracion,554.3990
2020-03-01,sin_remuneracion,636.9419
2020-04-01,sin_remuneracion,422.3890
2020-05-01,sin_remuneracion,518.8500
2020-06-01,sin_remuneracion,608.1640
2020-07-01,sin_remuneracion,492.1000
2020-08-01,sin_remuneracion,679.2030
2020-09-01,sin_remuneracion,690.2810
2020-10-01,sin_remuneracion,668.8330
2020-11-01,sin_remuneracion,569.6150
2020-12-01,sin_remuneracion,614.0490
2021-01-01,sin_remuneracion,522.5461
2021-02-01,sin_remuneracion,472.9599
2021-03-01,sin_remuneracion,366.0813
2021-04-01,sin_remuneracion,421.7114
2021-05-01,sin_remuneracion,400.1024
2021-06-01,sin_remuneracion,406.5271
2021-07-01,sin_remuneracion,428.3303
2021-08-01,sin_remuneracion,359.7139
2021-09-01,sin_remuneracion,384.1923
2021-10-01,sin_remuneracion,411.4548
2021-11-01,sin_remuneracion,443.8685
2021-12-01,sin_remuneracion,496.5568
2022-01-01,sin_remuneracion,382.6386
2022-02-01,sin_remuneracion,517.8005
2022-03-01,sin_remuneracion,427.3451
2022-04-01,sin_remuneracion,471.8135
2022-05-01,sin_remuneracion,429.2376
2022-06-01,sin_remuneracion,396.2521
2022-07-01,sin_remuneracion,469.8215
2022-08-01,sin_remuneracion,358.8999
2022-09-01,sin_remuneracion,454.3080
2022-10-01,sin_remuneracion,453.6085
2022-11-01,sin_remuneracion,443.3559
2022-12-01,sin_remuneracion,467.4957
2023-01-01,sin_remuneracion,441.3498
2023-02-01,sin_remuneracion,504.4332
2023-03-01,sin_remuneracion,528.3076
2023-04-01,sin_remuneracion,497.7207
2023-05-01,sin_remuneracion,429.7832
2023-06-01,sin_remuneracion,491.5642
2023-07-01,sin_remuneracion,459.3032
2023-08-01,sin_remuneracion,415.5776
2023-09-01,sin_remuneracion,451.1897
2023-10-01,sin_remuneracion,377.3529
2023-11-01,sin_remuneracion,457.4881
2023-12-01,sin_remuneracion,521.7085
2024-01-01,sin_remuneracion,433.2524
2024-02-01,sin_remuneracion,511.2153
2024-03-01,sin_remuneracion,423.7590
2024-04-01,sin_remuneracion,486.3636
2024-05-01,sin_remuneracion,433.8341
2024-06-01,sin_remuneracion,501.3414
2024-07-01,sin_remuneracion,521.2892
2024-08-01,sin_remuneracion,489.3901
2024-09-01,sin_remuneracion,457.6590
2024-10-01,sin_remuneracion,403.0827
2024-11-01,sin_remuneracion,418.9740
2024-12-01,sin_remuneracion,466.9281
2025-01-01,sin_remuneracion,474.8541
2025-02-01,sin_remuneracion,504.5476
2025-03-01,sin_remuneracion,524.0833
2025-04-01,sin_remuneracion,439.9151
2025-05-01,sin_remuneracion,367.7796
2025-06-01,sin_remuneracion,382.8600
2025-07-01,sin_remuneracion,437.8478
2025-08-01,sin_remuneracion,321.7506
2025-09-01,sin_remuneracion,459.6130
2025-10-01,sin_remuneracion,465.5884
2025-11-01,sin_remuneracion,375.9937
2025-12-01,sin_remuneracion,433.8072
2026-01-01,sin_remuneracion,420.5110
2026-02-01,sin_remuneracion,514.1892
2026-03-01,sin_remuneracion,435.9308
2026-04-01,sin_remuneracion,384.9469
2026-05-01,sin_remuneracion,430.0648
2026-06-01,sin_remuneracion,446.4635
2026-07-01,sin_remuneracion,469.9677
2026-08-01,sin_remuneracion,332.7637
