fecha,rama,ocupados
2015-01-01,agro,3096.4850
2015-02-01,agro,3579.2830
2015-03-01,agro,3325.6370
2015-04-01,agro,3068.5150
2015-05-01,agro,3021.8030
2015-06-01,agro,3554.8130
2015-07-01,agro,3253.2740
2015-08-01,agro,3437.2950
2015-09-01,agro,3325.8020
2015-10-01,agro,3662.7830
2015-11-01,agro,3525.9430
2015-12-01,agro,3524.6990
2016-01-01,agro,2996.5360
2016-02-01,agro,3513.7060
2016-03-01,agro,3279.8000
2016-04-01,agro,3245.8400
2016-05-01,agro,3032.9400
2016-06-01,agro,3658.6980
2016-07-01,agro,3351.8150
2016-08-01,agro,3657.2610
2016-09-01,agro,3202.9680
2016-10-01,agro,3576.0840
2016-11-01,agro,3463.5830
2016-12-01,agro,3411.3780
2017-01-01,agro,3173.9630
2017-02-01,agro,3520.2400
2017-03-01,agro,3568.7060
2017-04-01,agro,3329.9750
2017-05-01,agro,3374.5010
2017-06-01,agro,3736.9670
2017-07-01,agro,3619.2410
2017-08-01,agro,3740.4850
2017-09-01,agro,3521.0340
2017-10-01,agro,3682.8520
2017-11-01,agro,3750.6520
2017-12-01,agro,3543.0350
2018-01-01,agro,3426.8180
2018-02-01,agro,3646.0260
2018-03-01,agro,3651.3710
2018-04-01,agro,3333.6610
2018-05-01,agro,3267.8350
2018-06-01,agro,3725.3970
2018-07-01,agro,3384.8060
2018-08-01,agro,3864.8290
2018-09-01,agro,3458.6050
2018-10-01,agro,3724.4990
2018-11-01,agro,3682.2160
2018-12-01,agro,3695.5180
2019-01-01,agro,3302.6360
2019-02-01,agro,3588.3490
2019-03-01,agro,3202.7720
2019-04-01,agro,2941.9980
2019-05-01,agro,3119.0500
2019-06-01,agro,3794.4540
2019-07-01,agro,3276.1870
2019-08-01,agro,3564.9110
2019-09-01,agro,3258.8660
2019-10-01,agro,3711.1180
2019-11-01,agro,3434.7260
2019-12-01,agro,3589.4690
2020-01-01,agro,3109.4150
2020-02-01,agro,3295.7080
2020-03-01,agro,3116.2860
2020-04-01,agro,2704.8170
2020-05-01,agro,2551.3310
2020-06-01,agro,3230.4860
2020-07-01,agro,3104.0070
2020-08-01,agro,3597.6250
2020-09-01,agro,3238.0910
2020-10-01,agro,3444.9450
2020-11-01,agro,3288.5030
2020-12-01,agro,3396.9620
2021-01-01,agro,3057.4160
2021-02-01,agro,2992.5470
2021-03-01,agro,3233.0680
2021-04-01,agro,2908.2050
2021-05-01,agro,3208.2040
2021-06-01,agro,3098.2230
2021-07-01,agro,3317.8560
2021-08-01,agro,3163.2390
2021-09-01,agro,2976.3370
2021-10-01,agro,3268.8950
2021-11-01,agro,3167.8900
2021-12-01,agro,3160.6510
2022-01-01,agro,2963.3240
2022-02-01,agro,3127.5450
2022-03-01,agro,3328.0910
2022-04-01,agro,3080.5090
2022-05-01,agro,3549.7790
2022-06-01,agro,3264.1370
2022-07-01,agro,3288.2310
2022-08-01,agro,3135.2280
2022-09-01,agro,3249.7970
2022-10-01,agro,3399.2100
2022-11-01,agro,3234.7670
2022-12-01,agro,3069.0130
2023-01-01,agro,2957.2570
2023-02-01,agro,3262.2910
2023-03-01,agro,3511.5570
2023-04-01,agro,3264.6560
2023-05-01,agro,3456.3840
2023-06-01,agro,3255.9770
2023-07-01,agro,3348.7685
2023-08-01,agro,3313.3459
2023-09-01,agro,3151.6307
2023-10-01,agro,3402.6028
2023-11-01,agro,3326.5269
2023-12-01,agro,3114.1092
2024-01-01,agro,3201.5135
2024-02-01,agro,3228.2185
2024-03-01,agro,3304.4750
2024-04-01,agro,3155.8684
2024-05-01,agro,3435.3314
2024-06-01,agro,3272.3950
2024-07-01,agro,3378.5806
2024-08-01,agro,3389.9152
2024-09-01,agro,3248.9896
2024-10-01,agro,3349.1267
2024-11-01,agro,3286.0195
2024-12-01,agro,3150.7542
2025-01-01,agro,3217.9207
2025-02-01,agro,3358.8175
2025-03-01,agro,3685.3420
2025-04-01,agro,3180.1672
2025-05-01,agro,3501.1294
2025-06-01,agro,3320.8204
2025-07-01,agro,3442.0602
2025-08-01,agro,3153.0475
2025-09-01,agro,3370.9414
2025-10-01,agro,3696.5709
2025-11-01,agro,3598.0389
2025-12-01,agro,3108.3816
2026-01-01,agro,3218.8044
2026-02-01,agro,2996.0837
2026-03-01,agro,3443.2861
2026-04-01,agro,3206.4950
2026-05-01,agro,3464.1679
2026-06-01,agro,3280.8692
2026-07-01,agro,3237.6596
2026-08-01,agro,3061.8187
2015-01-01,alojamiento,1471.5570
2015-02-01,alojamiento,1484.2890
2015-03-01,alojamiento,1537.3990
2015-04-01,alojamiento,1388.5240
2015-05-01,alojamiento,1421.7980
2015-06-01,alojamiento,1578.9060
2015-07-01,alojamiento,1575.0130
2015-08-01,alojamiento,1442.4170
2015-09-01,alojamiento,1546.2880
2015-10-01,alojamiento,1588.3790
2015-11-01,alojamiento,1400.7540
2015-12-01,alojamiento,1425.8210
2016-01-01,alojamiento,1488.3250
2016-02-01,alojamiento,1492.8700
2016-03-01,alojamiento,1538.5910
2016-04-01,alojamiento,1615.2960
2016-05-01,alojamiento,1518.7810
2016-06-01,alojamiento,1479.1260
2016-07-01,alojamiento,1583.6150
2016-08-01,alojamiento,1391.2670
2016-09-01,alojamiento,1483.2630
2016-10-01,alojamiento,1548.2460
2016-11-01,alojamiento,1609.6070
2016-12-01,alojamiento,1511.6880
2017-01-01,alojamiento,1443.1040
2017-02-01,alojamiento,1454.5430
2017-03-01,alojamiento,1392.7340
2017-04-01,alojamiento,1542.9230
2017-05-01,alojamiento,1458.0010
2017-06-01,alojamiento,1400.1520
2017-07-01,alojamiento,1486.8780
2017-08-01,alojamiento,1453.7780
2017-09-01,alojamiento,1492.5310
2017-10-01,alojamiento,1624.6180
2017-11-01,alojamiento,1492.4670
2017-12-01,alojamiento,1559.3110
2018-01-01,alojamiento,1714.7450
2018-02-01,alojamiento,1505.9330
2018-03-01,alojamiento,1518.2150
2018-04-01,alojamiento,1468.2270
2018-05-01,alojamiento,1450.6850
2018-06-01,alojamiento,1400.5930
2018-07-01,alojamiento,1433.6340
2018-08-01,alojamiento,1305.9320
2018-09-01,alojamiento,1473.1520
2018-10-01,alojamiento,1461.5030
2018-11-01,alojamiento,1367.0570
2018-12-01,alojamiento,1447.8450
2019-01-01,alojamiento,1495.2470
2019-02-01,alojamiento,1527.3370
2019-03-01,alojamiento,1521.2870
2019-04-01,alojamiento,1411.7540
2019-05-01,alojamiento,1446.9460
2019-06-01,alojamiento,1388.1210
2019-07-01,alojamiento,1547.0390
2019-08-01,alojamiento,1437.3270
2019-09-01,alojamiento,1563.3010
2019-10-01,alojamiento,1610.9770
2019-11-01,alojamiento,1811.6510
2019-12-01,alojamiento,1608.1300
2020-01-01,alojamiento,1718.6260
2020-02-01,alojamiento,1684.4850
2020-03-01,alojamiento,1548.8660
2020-04-01,alojamiento,1013.8010
2020-05-01,alojamiento,1094.1140
2020-06-01,alojamiento,1133.2200
2020-07-01,alojamiento,1025.3810
2020-08-01,alojamiento,1128.1580
2020-09-01,alojamiento,1270.1600
2020-10-01,alojamiento,1403.9670
2020-11-01,alojamiento,1411.0930
2020-12-01,alojamiento,1329.9670
2021-01-01,alojamiento,1158.3510
2021-02-01,alojamiento,1326.8980
2021-03-01,alojamiento,1261.8390
2021-04-01,alojamiento,1247.4800
2021-05-01,alojamiento,1221.8630
2021-06-01,alojamiento,1298.9350
2021-07-01,alojamiento,1388.0810
2021-08-01,alojamiento,1389.4850
2021-09-01,alojamiento,1316.3520
2021-10-01,alojamiento,1417.6620
2021-11-01,alojamiento,1315.8340
2021-12-01,alojamiento,1446.1950
2022-01-01,alojamiento,1255.3630
2022-02-01,alojamiento,1475.6260
2022-03-01,alojamiento,1470.0140
2022-04-01,alojamiento,1525.4820
2022-05-01,alojamiento,1400.4360
2022-06-01,alojamiento,1509.2100
2022-07-01,alojamiento,1475.1310
2022-08-01,alojamiento,1516.1680
2022-09-01,alojamiento,1649.6880
2022-10-01,alojamiento,1506.2300
2022-11-01,alojamiento,1457.4820
2022-12-01,alojamiento,1551.1270
2023-01-01,alojamiento,1591.5410
2023-02-01,alojamiento,1616.6020
2023-03-01,alojamiento,1668.8640
2023-04-01,alojamiento,1721.6200
2023-05-01,alojamiento,1536.6900
2023-06-01,alojamiento,1601.2000
2023-07-01,alojamiento,1638.4697
2023-08-01,alojamiento,1683.1584
2023-09-01,alojamiento,1621.1953
2023-10-01,alojamiento,1773.8517
2023-11-01,alojamiento,1567.8933
2023-12-01,alojamiento,1646.6561
2024-01-01,alojamiento,1547.5871
2024-02-01,alojamiento,1575.0175
2024-03-01,alojamiento,1569.9551
2024-04-01,alojamiento,1783.5603
2024-05-01,alojamiento,1676.1800
2024-06-01,alojamiento,1686.4511
2024-07-01,alojamiento,1630.2126
2024-08-01,alojamiento,1799.4772
2024-09-01,alojamiento,1758.1871
2024-10-01,alojamiento,1681.0183
2024-11-01,alojamiento,1679.9821
2024-12-01,alojamiento,1908.4326
2025-01-01,alojamiento,1754.7042
2025-02-01,alojamiento,1753.0316
2025-03-01,alojamiento,1722.7355
2025-04-01,alojamiento,1864.7036
2025-05-01,alojamiento,1762.0793
2025-06-01,alojamiento,1768.4020
2025-07-01,alojamiento,1816.6227
2025-08-01,alojamiento,1861.9523
2025-09-01,alojamiento,1926.1508
2025-10-01,alojamiento,1960.2830
2025-11-01,alojamiento,1926.9448
2025-12-01,alojamiento,1895.3936
2026-01-01,alojamiento,1646.0555
2026-02-01,alojamiento,1758.3105
2026-03-01,alojamiento,1752.7911
2026-04-01,alojamiento,1895.0488
2026-05-01,alojamiento,1876.6213
2026-06-01,alojamiento,2057.3540
2026-07-01,alojamiento,1779.5457
2026-08-01,alojamiento,1844.8777
2015-01-01,arte,1854.0970
2015-02-01,arte,1826.2620
2015-03-01,arte,1892.3940
2015-04-01,arte,1839.7460
2015-05-01,arte,2123.4740
2015-06-01,arte,1864.4590
2015-07-01,arte,1955.5690
2015-08-01,arte,1898.9370
2015-09-01,arte,1884.4900
2015-10-01,arte,2079.1210
2015-11-01,arte,1853.4080
2015-12-01,arte,1762.5560
2016-01-01,arte,1841.3410
2016-02-01,arte,1857.8680
2016-03-01,arte,1851.8930
2016-04-01,arte,1849.3660
2016-05-01,arte,1893.5090
2016-06-01,arte,1790.9740
2016-07-01,arte,1777.8760
2016-08-01,arte,1886.8840
2016-09-01,arte,1853.5240
2016-10-01,arte,1880.8350
2016-11-01,arte,1839.0640
2016-12-01,arte,1953.5880
2017-01-01,arte,1913.4820
2017-02-01,arte,1842.6080
2017-03-01,arte,1824.8790
2017-04-01,arte,1847.3160
2017-05-01,arte,1806.9330
2017-06-01,arte,1963.4190
2017-07-01,arte,1857.7290
2017-08-01,arte,1797.9590
2017-09-01,arte,1884.0900
2017-10-01,arte,1860.2770
2017-11-01,arte,1851.4290
2017-12-01,arte,1935.1260
2018-01-01,arte,1878.5020
2018-02-01,arte,1738.3520
2018-03-01,arte,1892.3770
2018-04-01,arte,1831.5290
2018-05-01,arte,1985.4380
2018-06-01,arte,1903.5350
2018-07-01,arte,1997.9060
2018-08-01,arte,1896.4680
2018-09-01,arte,1938.7030
2018-10-01,arte,1855.1420
2018-11-01,arte,1941.9210
2018-12-01,arte,1957.0590
2019-01-01,arte,2055.7730
2019-02-01,arte,1943.0160
2019-03-01,arte,2078.1620
2019-04-01,arte,1945.3010
2019-05-01,arte,1822.2240
2019-06-01,arte,2050.9040
2019-07-01,arte,2041.6980
2019-08-01,arte,1935.8620
2019-09-01,arte,1862.3410
2019-10-01,arte,2037.4190
2019-11-01,arte,1781.9730
2019-12-01,arte,1913.7970
2020-01-01,arte,2034.4190
2020-02-01,arte,1891.7400
2020-03-01,arte,1594.9570
2020-04-01,arte,1182.5700
2020-05-01,arte,1328.9740
2020-06-01,arte,1336.7370
2020-07-01,arte,1420.1060
2020-08-01,arte,1568.7820
2020-09-01,arte,1616.0560
2020-10-01,arte,1847.0120
2020-11-01,arte,1620.6430
2020-12-01,arte,1616.1550
2021-01-01,arte,1522.7990
2021-02-01,arte,1607.9410
2021-03-01,arte,1568.5510
2021-04-01,arte,1430.5470
2021-05-01,arte,1561.3550
2021-06-01,arte,1419.5000
2021-07-01,arte,1523.0470
2021-08-01,arte,1629.9650
2021-09-01,arte,1581.3250
2021-10-01,arte,1653.1210
2021-11-01,arte,1677.8870
2021-12-01,arte,1779.6950
2022-01-01,arte,1643.6650
2022-02-01,arte,1838.8440
2022-03-01,arte,1727.1670
2022-04-01,arte,1789.7690
2022-05-01,arte,1957.6660
2022-06-01,arte,1927.5250
2022-07-01,arte,1736.7590
2022-08-01,arte,1832.6370
2022-09-01,arte,1830.4320
2022-10-01,arte,1930.0120
2022-11-01,arte,2027.3800
2022-12-01,arte,1974.9080
2023-01-01,arte,1848.8630
2023-02-01,arte,1863.2030
2023-03-01,arte,1905.5510
2023-04-01,arte,1848.0030
2023-05-01,arte,1761.4670
2023-06-01,arte,2032.8580
2023-07-01,arte,1954.3999
2023-08-01,arte,1958.2246
2023-09-01,arte,1986.4057
2023-10-01,arte,1937.7307
2023-11-01,arte,2040.0229
2023-12-01,arte,1958.2807
2024-01-01,arte,1958.4050
2024-02-01,arte,2004.0939
2024-03-01,arte,1887.4824
2024-04-01,arte,1855.4885
2024-05-01,arte,1992.1806
2024-06-01,arte,1927.0562
2024-07-01,arte,1948.3887
2024-08-01,arte,2153.1611
2024-09-01,arte,1997.2498
2024-10-01,arte,2000.8310
2024-11-01,arte,2077.9659
2024-12-01,arte,2005.2617
2025-01-01,arte,1981.4642
2025-02-01,arte,1892.3029
2025-03-01,arte,1987.3385
2025-04-01,arte,1891.0297
2025-05-01,arte,1996.7947
2025-06-01,arte,1858.7918
2025-07-01,arte,1981.4554
2025-08-01,arte,2096.6373
2025-09-01,arte,2006.6175
2025-10-01,arte,1928.3166
2025-11-01,arte,2157.9575
2025-12-01,arte,2119.5379
2026-01-01,arte,1940.9282
2026-02-01,arte,2080.6244
2026-03-01,arte,2026.9052
2026-04-01,arte,2039.0243
2026-05-01,arte,2048.4036
2026-06-01,arte,1968.7417
2026-07-01,arte,2060.9192
2026-08-01,arte,1994.7397
2015-01-01,comercio,3854.2340
2015-02-01,comercio,3609.8370
2015-03-01,comercio,3761.4720
2015-04-01,comercio,3894.6780
2015-05-01,comercio,3889.4720
2015-06-01,comercio,3821.3740
2015-07-01,comercio,3746.2280
2015-08-01,comercio,3878.9970
2015-09-01,comercio,4055.1520
2015-10-01,comercio,3950.8790
2015-11-01,comercio,4042.4900
2015-12-01,comercio,4088.7940
2016-01-01,comercio,4059.7980
2016-02-01,comercio,3702.7600
2016-03-01,comercio,3820.5230
2016-04-01,comercio,3824.1500
2016-05-01,comercio,3797.8700
2016-06-01,comercio,4009.9350
2016-07-01,comercio,3950.3940
2016-08-01,comercio,4011.4050
2016-09-01,comercio,3842.0570
2016-10-01,comercio,4120.2950
2016-11-01,comercio,4034.1860
2016-12-01,comercio,4039.1310
2017-01-01,comercio,4051.1240
2017-02-01,comercio,3982.7730
2017-03-01,comercio,3916.5470
2017-04-01,comercio,3785.7300
2017-05-01,comercio,3906.0240
2017-06-01,comercio,3985.6150
2017-07-01,comercio,3951.2450
2017-08-01,comercio,3831.0560
2017-09-01,comercio,3959.2500
2017-10-01,comercio,4113.3560
2017-11-01,comercio,3995.8300
2017-12-01,comercio,3951.5080
2018-01-01,comercio,3857.1300
2018-02-01,comercio,3769.1880
2018-03-01,comercio,3832.6280
2018-04-01,comercio,4133.3580
2018-05-01,comercio,3868.7040
2018-06-01,comercio,4082.1980
2018-07-01,comercio,4040.1780
2018-08-01,comercio,4025.3970
2018-09-01,comercio,4212.5300
2018-10-01,comercio,4145.4050
2018-11-01,comercio,3783.2990
2018-12-01,comercio,3940.5910
2019-01-01,comercio,4106.0690
2019-02-01,comercio,3983.6700
2019-03-01,comercio,3924.8670
2019-04-01,comercio,3896.0270
2019-05-01,comercio,4065.4970
2019-06-01,comercio,4012.0430
2019-07-01,comercio,3906.4780
2019-08-01,comercio,4010.5790
2019-09-01,comercio,3919.6550
2019-10-01,comercio,3997.8860
2019-11-01,comercio,4066.9760
2019-12-01,comercio,4213.4660
2020-01-01,comercio,3812.2920
2020-02-01,comercio,3806.0120
2020-03-01,comercio,3761.6670
2020-04-01,comercio,3050.9310
2020-05-01,comercio,3233.9080
2020-06-01,comercio,3447.7230
2020-07-01,comercio,3184.6180
2020-08-01,comercio,3586.8650
2020-09-01,comercio,3690.7590
2020-10-01,comercio,3817.8650
2020-11-01,comercio,3824.4850
2020-12-01,comercio,4076.9300
2021-01-01,comercio,3576.5120
2021-02-01,comercio,3766.2680
2021-03-01,comercio,3712.9160
2021-04-01,comercio,3662.8150
2021-05-01,comercio,3581.7950
2021-06-01,comercio,3806.3550
2021-07-01,comercio,3684.3680
2021-08-01,comercio,3698.6600
2021-09-01,comercio,3696.2440
2021-10-01,comercio,3760.8510
2021-11-01,comercio,3947.8330
2021-12-01,comercio,3935.0800
2022-01-01,comercio,3903.7410
2022-02-01,comercio,4061.2040
2022-03-01,comercio,3919.1820
2022-04-01,comercio,3997.3740
2022-05-01,comercio,3774.2680
2022-06-01,comercio,3970.2210
2022-07-01,comercio,3871.2890
2022-08-01,comercio,4070.4710
2022-09-01,comercio,4030.1870
2022-10-01,comercio,4105.4220
2022-11-01,comercio,4126.5640
2022-12-01,comercio,3814.3210
2023-01-01,comercio,3913.3950
2023-02-01,comercio,4131.3890
2023-03-01,comercio,3957.5110
2023-04-01,comercio,3939.5930
2023-05-01,comercio,4129.9840
2023-06-01,comercio,4058.0940
2023-07-01,comercio,4047.0259
2023-08-01,comercio,3931.0980
2023-09-01,comercio,4050.1605
2023-10-01,comercio,3970.1650
2023-11-01,comercio,3975.0647
2023-12-01,comercio,4132.9344
2024-01-01,comercio,3898.2850
2024-02-01,comercio,3964.3731
2024-03-01,comercio,4078.0052
2024-04-01,comercio,3991.7148
2024-05-01,comercio,3993.2294
2024-06-01,comercio,4025.7046
2024-07-01,comercio,3969.3958
2024-08-01,comercio,4089.6590
2024-09-01,comercio,4057.7383
2024-10-01,comercio,4258.9194
2024-11-01,comercio,4077.6086
2024-12-01,comercio,4261.9776
2025-01-01,comercio,4140.5248
2025-02-01,comercio,4096.0394
2025-03-01,comercio,4178.5740
2025-04-01,comercio,4123.7600
2025-05-01,comercio,4118.0500
2025-06-01,comercio,4131.4273
2025-07-01,comercio,4061.7492
2025-08-01,comercio,3925.0930
2025-09-01,comercio,4038.1427
2025-10-01,comercio,4037.6842
2025-11-01,comercio,4140.0885
2025-12-01,comercio,4261.7040
2026-01-01,comercio,3991.3431
2026-02-01,comercio,4100.5954
2026-03-01,comercio,4284.1690
2026-04-01,comercio,4039.0154
2026-05-01,comercio,4192.1022
2026-06-01,comercio,4108.8790
2026-07-01,comercio,4219.3313
2026-08-01,comercio,4075.5162
2015-01-01,construccion,1478.0360
2015-02-01,construccion,1305.1590
2015-03-01,construccion,1619.9090
2015-04-01,construccion,1445.3180
2015-05-01,construccion,1438.1000
2015-06-01,construccion,1448.1150
2015-07-01,construccion,1519.7410
2015-08-01,construccion,1371.2890
2015-09-01,construccion,1534.0920
2015-10-01,construccion,1477.4440
2015-11-01,construccion,1495.0060
2015-12-01,construccion,1581.0140
2016-01-01,construccion,1543.4070
2016-02-01,construccion,1383.3420
2016-03-01,construccion,1430.6120
2016-04-01,construccion,1454.9540
2016-05-01,construccion,1523.5620
2016-06-01,construccion,1540.3890
2016-07-01,construccion,1347.0810
2016-08-01,construccion,1377.8630
2016-09-01,construccion,1619.7860
2016-10-01,construccion,1463.8880
2016-11-01,construccion,1580.2050
2016-12-01,construccion,1563.0290
2017-01-01,construccion,1460.7980
2017-02-01,construccion,1366.0190
2017-03-01,construccion,1409.7900
2017-04-01,construccion,1334.8790
2017-05-01,construccion,1493.4570
2017-06-01,construccion,1522.3010
2017-07-01,construccion,1450.0410
2017-08-01,construccion,1402.2230
2017-09-01,construccion,1369.9320
2017-10-01,construccion,1543.5890
2017-11-01,construccion,1419.3380
2017-12-01,construccion,1579.8160
2018-01-01,construccion,1365.8370
2018-02-01,construccion,1313.0170
2018-03-01,construccion,1305.5560
2018-04-01,construccion,1381.8950
2018-05-01,construccion,1458.4670
2018-06-01,construccion,1361.6730
2018-07-01,construccion,1416.7400
2018-08-01,construccion,1302.8200
2018-09-01,construccion,1545.7270
2018-10-01,construccion,1457.1280
2018-11-01,construccion,1469.7210
2018-12-01,construccion,1554.6070
2019-01-01,construccion,1445.5490
2019-02-01,construccion,1289.1200
2019-03-01,construccion,1395.0000
2019-04-01,construccion,1452.6800
2019-05-01,construccion,1382.8000
2019-06-01,construccion,1519.2690
2019-07-01,construccion,1407.7200
2019-08-01,construccion,1389.8260
2019-09-01,construccion,1552.7750
2019-10-01,construccion,1444.4180
2019-11-01,construccion,1542.9190
2019-12-01,construccion,1678.3420
2020-01-01,construccion,1368.1280
2020-02-01,construccion,1472.6890
2020-03-01,construccion,1305.4360
2020-04-01,construccion,843.8980
2020-05-01,construccion,949.4300
2020-06-01,construccion,1253.0770
2020-07-01,construccion,1285.1050
2020-08-01,construccion,1232.4490
2020-09-01,construccion,1389.9650
2020-10-01,construccion,1401.5390
2020-11-01,construccion,1467.1370
2020-12-01,construccion,1502.8530
2021-01-01,construccion,1412.6060
2021-02-01,construccion,1329.4130
2021-03-01,construccion,1691.6350
2021-04-01,construccion,1501.4370
2021-05-01,construccion,1364.0910
2021-06-01,construccion,1447.2590
2021-07-01,construccion,1475.3870
2021-08-01,construccion,1550.0300
2021-09-01,construccion,1472.2520
2021-10-01,construccion,1463.4970
2021-11-01,construccion,1615.6360
2021-12-01,construccion,1547.7350
2022-01-01,construccion,1550.7010
2022-02-01,construccion,1552.1370
2022-03-01,construccion,1492.6730
2022-04-01,construccion,1515.8610
2022-05-01,construccion,1514.3840
2022-06-01,construccion,1624.6690
2022-07-01,construccion,1476.2160
2022-08-01,construccion,1667.0770
2022-09-01,construccion,1488.2280
2022-10-01,construccion,1473.3720
2022-11-01,construccion,1520.3280
2022-12-01,construccion,1684.1990
2023-01-01,construccion,1402.3070
2023-02-01,construccion,1524.6800
2023-03-01,construccion,1610.0660
2023-04-01,construccion,1584.1120
2023-05-01,construccion,1432.2410
2023-06-01,construccion,1626.6380
2023-07-01,construccion,1710.2111
2023-08-01,construccion,1615.5923
2023-09-01,construccion,1526.4463
2023-10-01,construccion,1514.1492
2023-11-01,construccion,1641.8027
2023-12-01,construccion,1596.0844
2024-01-01,construccion,1453.6677
2024-02-01,construccion,1474.5351
2024-03-01,construccion,1536.6531
2024-04-01,construccion,1581.3051
2024-05-01,construccion,1592.3608
2024-06-01,construccion,1497.1471
2024-07-01,construccion,1591.5535
2024-08-01,construccion,1531.6879
2024-09-01,construccion,1494.9340
2024-10-01,construccion,1593.3540
2024-11-01,construccion,1495.9005
2024-12-01,construccion,1669.3584
2025-01-01,construccion,1496.6981
2025-02-01,construccion,1693.1942
2025-03-01,construccion,1661.7293
2025-04-01,construccion,1546.9554
2025-05-01,construccion,1550.5958
2025-06-01,construccion,1532.3861
2025-07-01,construccion,1667.3465
2025-08-01,construccion,1709.8572
2025-09-01,construccion,1561.2098
2025-10-01,construccion,1525.1037
2025-11-01,construccion,1679.8051
2025-12-01,construccion,1630.4020
2026-01-01,construccion,1585.4912
2026-02-01,construccion,1655.2961
2026-03-01,construccion,1744.1775
2026-04-01,construccion,1700.0506
2026-05-01,construccion,1588.0680
2026-06-01,construccion,1678.3784
2026-07-01,construccion,1823.0530
2026-08-01,construccion,1790.3149
2015-01-01,electricidad_mineria,383.0490
2015-02-01,electricidad_mineria,371.5750
2015-03-01,electricidad_mineria,285.5200
2015-04-01,electricidad_mineria,337.8340
2015-05-01,electricidad_mineria,570.1120
2015-06-01,electricidad_mineria,260.3120
2015-07-01,electricidad_mineria,470.1750
2015-08-01,electricidad_mineria,309.0540
2015-09-01,electricidad_mineria,446.6100
2015-10-01,electricidad_mineria,274.6010
2015-11-01,electricidad_mineria,397.8130
2015-12-01,electricidad_mineria,347.3590
2016-01-01,electricidad_mineria,317.2710
2016-02-01,electricidad_mineria,314.2870
2016-03-01,electricidad_mineria,386.0890
2016-04-01,electricidad_mineria,302.8110
2016-05-01,electricidad_mineria,547.7570
2016-06-01,electricidad_mineria,244.5220
2016-07-01,electricidad_mineria,404.1610
2016-08-01,electricidad_mineria,263.9460
2016-09-01,electricidad_mineria,448.5170
2016-10-01,electricidad_mineria,315.9480
2016-11-01,electricidad_mineria,312.9310
2016-12-01,electricidad_mineria,291.7020
2017-01-01,electricidad_mineria,371.6710
2017-02-01,electricidad_mineria,309.1520
2017-03-01,electricidad_mineria,334.6910
2017-04-01,electricidad_mineria,360.9880
2017-05-01,electricidad_mineria,554.8930
2017-06-01,electricidad_mineria,268.4200
2017-07-01,electricidad_mineria,508.3830
2017-08-01,electricidad_mineria,298.8630
2017-09-01,electricidad_mineria,414.7160
2017-10-01,electricidad_mineria,259.2240
2017-11-01,electricidad_mineria,329.4990
2017-12-01,electricidad_mineria,317.0950
2018-01-01,electricidad_mineria,393.1700
2018-02-01,electricidad_mineria,332.8060
2018-03-01,electricidad_mineria,385.4970
2018-04-01,electricidad_mineria,368.9690
2018-05-01,electricidad_mineria,653.6680
2018-06-01,electricidad_mineria,251.8560
2018-07-01,electricidad_mineria,510.6670
2018-08-01,electricidad_mineria,306.3160
2018-09-01,electricidad_mineria,467.1630
2018-10-01,electricidad_mineria,308.5120
2018-11-01,electricidad_mineria,377.3360
2018-12-01,electricidad_mineria,302.8840
2019-01-01,electricidad_mineria,363.4100
2019-02-01,electricidad_mineria,302.5780
2019-03-01,electricidad_mineria,376.8830
2019-04-01,electricidad_mineria,370.6130
2019-05-01,electricidad_mineria,684.8750
2019-06-01,electricidad_mineria,275.6870
2019-07-01,electricidad_mineria,469.9510
2019-08-01,electricidad_mineria,281.6980
2019-09-01,electricidad_mineria,458.7450
2019-10-01,electricidad_mineria,286.7870
2019-11-01,electricidad_mineria,469.8820
2019-12-01,electricidad_mineria,322.2400
2020-01-01,electricidad_mineria,422.2710
2020-02-01,electricidad_mineria,474.8010
2020-03-01,electricidad_mineria,394.1980
2020-04-01,electricidad_mineria,400.5010
2020-05-01,electricidad_mineria,623.1080
2020-06-01,electricidad_mineria,341.2550
2020-07-01,electricidad_mineria,508.9890
2020-08-01,electricidad_mineria,293.9580
2020-09-01,electricidad_mineria,458.4860
2020-10-01,electricidad_mineria,355.6210
2020-11-01,electricidad_mineria,385.1530
2020-12-01,electricidad_mineria,394.4840
2021-01-01,electricidad_mineria,402.8970
2021-02-01,electricidad_mineria,441.9130
2021-03-01,electricidad_mineria,447.8890
2021-04-01,electricidad_mineria,552.5660
2021-05-01,electricidad_mineria,460.1050
2021-06-01,electricidad_mineria,585.1750
2021-07-01,electricidad_mineria,434.1160
2021-08-01,electricidad_mineria,548.0180
2021-09-01,electricidad_mineria,638.7290
2021-10-01,electricidad_mineria,650.0410
2021-11-01,electricidad_mineria,471.3800
2021-12-01,electricidad_mineria,523.8130
2022-01-01,electricidad_mineria,639.4810
2022-02-01,electricidad_mineria,474.8510
2022-03-01,electricidad_mineria,569.4950
2022-04-01,electricidad_mineria,585.9290
2022-05-01,electricidad_mineria,525.0860
2022-06-01,electricidad_mineria,656.9860
2022-07-01,electricidad_mineria,507.1530
2022-08-01,electricidad_mineria,587.7820
2022-09-01,electricidad_mineria,608.2630
2022-10-01,electricidad_mineria,676.2250
2022-11-01,electricidad_mineria,562.0910
2022-12-01,electricidad_mineria,660.4900
2023-01-01,electricidad_mineria,628.2360
2023-02-01,electricidad_mineria,507.8020
2023-03-01,electricidad_mineria,448.4670
2023-04-01,electricidad_mineria,589.6070
2023-05-01,electricidad_mineria,495.4490
2023-06-01,electricidad_mineria,674.6220
2023-07-01,electricidad_mineria,546.4709
2023-08-01,electricidad_mineria,512.2853
2023-09-01,electricidad_mineria,636.7810
2023-10-01,electricidad_mineria,745.5435
2023-11-01,electricidad_mineria,568.6131
2023-12-01,electricidad_mineria,714.5432
2024-01-01,electricidad_mineria,571.0346
2024-02-01,electricidad_mineria,514.8594
2024-03-01,electricidad_mineria,580.2774
2024-04-01,electricidad_mineria,607.8840
2024-05-01,electricidad_mineria,508.2788
2024-06-01,electricidad_mineria,644.8264
2024-07-01,electricidad_mineria,490.5744
2024-08-01,electricidad_mineria,558.2321
2024-09-01,electricidad_mineria,725.5087
2024-10-01,electricidad_mineria,771.2377
2024-11-01,electricidad_mineria,608.9859
2024-12-01,electricidad_mineria,645.0529
2025-01-01,electricidad_mineria,655.3520
2025-02-01,electricidad_mineria,541.4681
2025-03-01,electricidad_mineria,582.6373
2025-04-01,electricidad_mineria,584.7367
2025-05-01,electricidad_mineria,511.5932
2025-06-01,electricidad_mineria,782.0116
2025-07-01,electricidad_mineria,542.9175
2025-08-01,electricidad_mineria,572.5435
2025-09-01,electricidad_mineria,646.3501
2025-10-01,electricidad_mineria,729.6737
2025-11-01,electricidad_mineria,642.5510
2025-12-01,electricidad_mineria,608.9934
2026-01-01,electricidad_mineria,585.9266
2026-02-01,electricidad_mineria,690.9165
2026-03-01,electricidad_mineria,708.0639
2026-04-01,electricidad_mineria,606.2499
2026-05-01,electricidad_mineria,584.7680
2026-06-01,electricidad_mineria,755.0272
2026-07-01,electricidad_mineria,520.2174
2026-08-01,electricidad_mineria,571.2353
2015-01-01,finanzas,290.0080
2015-02-01,finanzas,310.0470
2015-03-01,finanzas,247.2200
2015-04-01,finanzas,252.6300
2015-05-01,finanzas,295.8480
2015-06-01,finanzas,315.6210
2015-07-01,finanzas,293.5720
2015-08-01,finanzas,322.6860
2015-09-01,finanzas,324.3810
2015-10-01,finanzas,287.7390
2015-11-01,finanzas,281.5420
2015-12-01,finanzas,305.4990
2016-01-01,finanzas,329.3420
2016-02-01,finanzas,307.5590
2016-03-01,finanzas,294.5060
2016-04-01,finanzas,284.7780
2016-05-01,finanzas,296.4690
2016-06-01,finanzas,314.3850
2016-07-01,finanzas,266.5670
2016-08-01,finanzas,343.3180
2016-09-01,finanzas,311.7650
2016-10-01,finanzas,326.6800
2016-11-01,finanzas,346.8150
2016-12-01,finanzas,262.8820
2017-01-01,finanzas,296.1330
2017-02-01,finanzas,256.5630
2017-03-01,finanzas,260.6050
2017-04-01,finanzas,287.9780
2017-05-01,finanzas,275.9940
2017-06-01,finanzas,312.1230
2017-07-01,finanzas,306.2000
2017-08-01,finanzas,285.0290
2017-09-01,finanzas,291.5940
2017-10-01,finanzas,263.5010
2017-11-01,finanzas,331.2600
2017-12-01,finanzas,266.6030
2018-01-01,finanzas,254.2320
2018-02-01,finanzas,282.9130
2018-03-01,finanzas,271.6380
2018-04-01,finanzas,263.5260
2018-05-01,finanzas,315.1120
2018-06-01,finanzas,231.3180
2018-07-01,finanzas,276.1520
2018-08-01,finanzas,298.3090
2018-09-01,finanzas,342.6210
2018-10-01,finanzas,305.1850
2018-11-01,finanzas,264.9340
2018-12-01,finanzas,305.2190
2019-01-01,finanzas,319.6110
2019-02-01,finanzas,333.3610
2019-03-01,finanzas,280.5270
2019-04-01,finanzas,323.2320
2019-05-01,finanzas,296.3140
2019-06-01,finanzas,263.4760
2019-07-01,finanzas,302.5160
2019-08-01,finanzas,271.9690
2019-09-01,finanzas,347.9640
2019-10-01,finanzas,313.9640
2019-11-01,finanzas,282.9190
2019-12-01,finanzas,302.8490
2020-01-01,finanzas,298.5800
2020-02-01,finanzas,306.1070
2020-03-01,finanzas,273.0980
2020-04-01,finanzas,260.4740
2020-05-01,finanzas,281.3020
2020-06-01,finanzas,308.5710
2020-07-01,finanzas,214.3220
2020-08-01,finanzas,284.5900
2020-09-01,finanzas,269.3730
2020-10-01,finanzas,222.7330
2020-11-01,finanzas,282.8960
2020-12-01,finanzas,271.3510
2021-01-01,finanzas,393.8530
2021-02-01,finanzas,339.4820
2021-03-01,finanzas,325.8210
2021-04-01,finanzas,354.4840
2021-05-01,finanzas,362.5410
2021-06-01,finanzas,363.8760
2021-07-01,finanzas,348.5810
2021-08-01,finanzas,344.3580
2021-09-01,finanzas,470.5620
2021-10-01,finanzas,354.5830
2021-11-01,finanzas,329.9370
2021-12-01,finanzas,406.6340
2022-01-01,finanzas,448.6190
2022-02-01,finanzas,409.9060
2022-03-01,finanzas,356.0200
2022-04-01,finanzas,378.8670
2022-05-01,finanzas,443.5720
2022-06-01,finanzas,393.6750
2022-07-01,finanzas,441.2490
2022-08-01,finanzas,399.1290
2022-09-01,finanzas,463.5990
2022-10-01,finanzas,463.5970
2022-11-01,finanzas,392.0590
2022-12-01,finanzas,437.8110
2023-01-01,finanzas,380.1550
2023-02-01,finanzas,403.5640
2023-03-01,finanzas,357.3540
2023-04-01,finanzas,393.9670
2023-05-01,finanzas,467.6730
2023-06-01,finanzas,428.0570
2023-07-01,finanzas,465.8156
2023-08-01,finanzas,435.5573
2023-09-01,finanzas,399.3115
2023-10-01,finanzas,408.6115
2023-11-01,finanzas,486.0491
2023-12-01,finanzas,440.9665
2024-01-01,finanzas,422.5493
2024-02-01,finanzas,471.0489
2024-03-01,finanzas,390.5885
2024-04-01,finanzas,470.6553
2024-05-01,finanzas,412.9324
2024-06-01,finanzas,448.9170
2024-07-01,finanzas,438.7768
2024-08-01,finanzas,376.2015
2024-09-01,finanzas,346.6282
2024-10-01,finanzas,404.3541
2024-11-01,finanzas,417.9468
2024-12-01,finanzas,459.2160
2025-01-01,finanzas,483.9894
2025-02-01,finanzas,450.1458
2025-03-01,finanzas,319.4853
2025-04-01,finanzas,416.9254
2025-05-01,finanzas,433.2720
2025-06-01,finanzas,434.6484
2025-07-01,finanzas,475.3380
2025-08-01,finanzas,478.5565
2025-09-01,finanzas,433.0979
2025-10-01,finanzas,441.0957
2025-11-01,finanzas,449.2809
2025-12-01,finanzas,418.7177
2026-01-01,finanzas,488.4978
2026-02-01,finanzas,475.0847
2026-03-01,finanzas,558.6584
2026-04-01,finanzas,390.6529
2026-05-01,finanzas,418.6719
2026-06-01,finanzas,481.4436
2026-07-01,finanzas,436.2786
2026-08-01,finanzas,452.0105
2015-01-01,gobierno,1991.1390
2015-02-01,gobierno,2168.2750
2015-03-01,gobierno,2356.9110
2015-04-01,gobierno,2371.3690
2015-05-01,gobierno,2395.3820
2015-06-01,gobierno,2493.1000
2015-07-01,gobierno,2329.1600
2015-08-01,gobierno,2440.2210
2015-09-01,gobierno,2492.2600
2015-10-01,gobierno,2518.1870
2015-11-01,gobierno,2367.5750
2015-12-01,gobierno,2234.0330
2016-01-01,gobierno,2193.0370
2016-02-01,gobierno,2347.5010
2016-03-01,gobierno,2424.2360
2016-04-01,gobierno,2419.3920
2016-05-01,gobierno,2551.5090
2016-06-01,gobierno,2532.4890
2016-07-01,gobierno,2404.1990
2016-08-01,gobierno,2438.6030
2016-09-01,gobierno,2541.7780
2016-10-01,gobierno,2407.8720
2016-11-01,gobierno,2570.8510
2016-12-01,gobierno,2366.9740
2017-01-01,gobierno,2103.1530
2017-02-01,gobierno,2231.3730
2017-03-01,gobierno,2443.8170
2017-04-01,gobierno,2534.3570
2017-05-01,gobierno,2453.5120
2017-06-01,gobierno,2626.2420
2017-07-01,gobierno,2271.0330
2017-08-01,gobierno,2625.9900
2017-09-01,gobierno,2567.1610
2017-10-01,gobierno,2436.7640
2017-11-01,gobierno,2445.5640
2017-12-01,gobierno,2230.0490
2018-01-01,gobierno,2075.4320
2018-02-01,gobierno,2293.3500
2018-03-01,gobierno,2478.2990
2018-04-01,gobierno,2555.9360
2018-05-01,gobierno,2543.8340
2018-06-01,gobierno,2822.2750
2018-07-01,gobierno,2488.7370
2018-08-01,gobierno,2620.3850
2018-09-01,gobierno,2398.9520
2018-10-01,gobierno,2451.0500
2018-11-01,gobierno,2444.3250
2018-12-01,gobierno,2413.1040
2019-01-01,gobierno,2096.4380
2019-02-01,gobierno,2427.3950
2019-03-01,gobierno,2609.8340
2019-04-01,gobierno,2506.7970
2019-05-01,gobierno,2672.9310
2019-06-01,gobierno,2770.8130
2019-07-01,gobierno,2477.4540
2019-08-01,gobierno,2589.2330
2019-09-01,gobierno,2551.4680
2019-10-01,gobierno,2505.8010
2019-11-01,gobierno,2546.8900
2019-12-01,gobierno,2298.3470
2020-01-01,gobierno,2122.8750
2020-02-01,gobierno,2362.5230
2020-03-01,gobierno,2382.7900
2020-04-01,gobierno,2011.4380
2020-05-01,gobierno,2022.6130
2020-06-01,gobierno,2116.2610
2020-07-01,gobierno,1982.8270
2020-08-01,gobierno,2307.5860
2020-09-01,gobierno,2195.0840
2020-10-01,gobierno,2286.6500
2020-11-01,gobierno,2466.9470
2020-12-01,gobierno,2220.9980
2021-01-01,gobierno,2389.3200
2021-02-01,gobierno,2635.7450
2021-03-01,gobierno,2399.5910
2021-04-01,gobierno,2596.1450
2021-05-01,gobierno,2644.4420
2021-06-01,gobierno,2414.2580
2021-07-01,gobierno,2421.1820
2021-08-01,gobierno,2468.9300
2021-09-01,gobierno,2519.3320
2021-10-01,gobierno,2477.9230
2021-11-01,gobierno,2676.6410
2021-12-01,gobierno,2448.1820
2022-01-01,gobierno,2457.4160
2022-02-01,gobierno,2555.6400
2022-03-01,gobierno,2703.0910
2022-04-01,gobierno,2682.1170
2022-05-01,gobierno,2855.0680
2022-06-01,gobierno,2583.7080
2022-07-01,gobierno,2693.4750
2022-08-01,gobierno,2768.8690
2022-09-01,gobierno,2618.1380
2022-10-01,gobierno,2637.4160
2022-11-01,gobierno,2774.8250
2022-12-01,gobierno,2655.0730
2023-01-01,gobierno,2243.7590
2023-02-01,gobierno,2545.8300
2023-03-01,gobierno,2888.5070
2023-04-01,gobierno,2800.0370
2023-05-01,gobierno,2720.7570
2023-06-01,gobierno,2853.1000
2023-07-01,gobierno,2713.9464
2023-08-01,gobierno,2953.2406
2023-09-01,gobierno,2854.4584
2023-10-01,gobierno,2828.0065
2023-11-01,gobierno,2784.3852
2023-12-01,gobierno,2672.5772
2024-01-01,gobierno,2417.8316
2024-02-01,gobierno,2632.0601
2024-03-01,gobierno,2811.5927
2024-04-01,gobierno,2848.7838
2024-05-01,gobierno,2821.1263
2024-06-01,gobierno,2680.8972
2024-07-01,gobierno,2877.7511
2024-08-01,gobierno,2879.7269
2024-09-01,gobierno,2809.2508
2024-10-01,gobierno,2721.9684
2024-11-01,gobierno,2971.9034
2024-12-01,gobierno,2778.7447
2025-01-01,gobierno,2557.0617
2025-02-01,gobierno,2850.1494
2025-03-01,gobierno,2659.0036
2025-04-01,gobierno,3084.2540
2025-05-01,gobierno,2872.5837
2025-06-01,gobierno,2922.3620
2025-07-01,gobierno,2824.3534
2025-08-01,gobierno,3026.9635
2025-09-01,gobierno,2997.0550
2025-10-01,gobierno,2893.6394
2025-11-01,gobierno,3014.7044
2025-12-01,gobierno,2899.8538
2026-01-01,gobierno,2728.8471
2026-02-01,gobierno,3094.1286
2026-03-01,gobierno,3028.1647
2026-04-01,gobierno,3318.5367
2026-05-01,gobierno,3278.0309
2026-06-01,gobierno,3004.7423
2026-07-01,gobierno,3228.8164
2026-08-01,gobierno,3122.9451
2015-01-01,industria,2355.5400
2015-02-01,industria,2573.8830
2015-03-01,industria,2378.3860
2015-04-01,industria,2960.0130
2015-05-01,industria,2363.7390
2015-06-01,industria,2287.8430
2015-07-01,industria,2402.7300
2015-08-01,industria,2418.5770
2015-09-01,industria,2275.7740
2015-10-01,industria,2651.8640
2015-11-01,industria,2764.5350
2015-12-01,industria,2483.1640
2016-01-01,industria,2203.1300
2016-02-01,industria,2426.5450
2016-03-01,industria,2162.4010
2016-04-01,industria,2732.8380
2016-05-01,industria,2321.8880
2016-06-01,industria,2335.1230
2016-07-01,industria,2325.3210
2016-08-01,industria,2403.4460
2016-09-01,industria,2328.9930
2016-10-01,industria,2547.2750
2016-11-01,industria,2616.9480
2016-12-01,industria,2452.6370
2017-01-01,industria,2171.5490
2017-02-01,industria,2323.5840
2017-03-01,industria,2371.5620
2017-04-01,industria,2895.2310
2017-05-01,industria,2347.1180
2017-06-01,industria,2389.1310
2017-07-01,industria,2223.0220
2017-08-01,industria,2286.5360
2017-09-01,industria,2276.6140
2017-10-01,industria,2542.7160
2017-11-01,industria,2563.7140
2017-12-01,industria,2489.1850
2018-01-01,industria,2172.3850
2018-02-01,industria,2422.3140
2018-03-01,industria,2219.5380
2018-04-01,industria,2764.3310
2018-05-01,industria,2350.6110
2018-06-01,industria,2328.7260
2018-07-01,industria,2353.7050
2018-08-01,industria,2521.7060
2018-09-01,industria,2278.0510
2018-10-01,industria,2624.8480
2018-11-01,industria,2658.7970
2018-12-01,industria,2516.1260
2019-01-01,industria,2156.3760
2019-02-01,industria,2317.6420
2019-03-01,industria,2400.9930
2019-04-01,industria,2715.4130
2019-05-01,industria,2312.0710
2019-06-01,industria,2290.7240
2019-07-01,industria,2362.1810
2019-08-01,industria,2219.5380
2019-09-01,industria,2192.6800
2019-10-01,industria,2538.9560
2019-11-01,industria,2534.8130
2019-12-01,industria,2353.0270
2020-01-01,industria,2297.5920
2020-02-01,industria,2308.8620
2020-03-01,industria,1985.1730
2020-04-01,industria,1805.6090
2020-05-01,industria,1693.4930
2020-06-01,industria,1745.0630
2020-07-01,industria,1861.6420
2020-08-01,industria,2106.7500
2020-09-01,industria,2080.5590
2020-10-01,industria,2424.6210
2020-11-01,industria,2323.2750
2020-12-01,industria,2366.1900
2021-01-01,industria,1870.4240
2021-02-01,industria,2120.2730
2021-03-01,industria,1939.9400
2021-04-01,industria,2080.7610
2021-05-01,industria,2096.3380
2021-06-01,industria,1989.6040
2021-07-01,industria,2179.3420
2021-08-01,industria,2058.4750
2021-09-01,industria,2198.9170
2021-10-01,industria,2206.6350
2021-11-01,industria,1975.1140
2021-12-01,industria,2261.9830
2022-01-01,industria,2068.8580
2022-02-01,industria,2334.2500
2022-03-01,industria,2406.0550
2022-04-01,industria,2382.1540
2022-05-01,industria,2198.1420
2022-06-01,industria,2258.1200
2022-07-01,industria,2457.9710
2022-08-01,industria,2239.0120
2022-09-01,industria,2426.8120
2022-10-01,industria,2443.2530
2022-11-01,industria,2397.1520
2022-12-01,industria,2510.8380
2023-01-01,industria,2270.0510
2023-02-01,industria,2336.4070
2023-03-01,industria,2431.5620
2023-04-01,industria,2544.6380
2023-05-01,industria,2411.4190
2023-06-01,industria,2316.3340
2023-07-01,industria,2494.3366
2023-08-01,industria,2444.6511
2023-09-01,industria,2467.3455
2023-10-01,industria,2335.5256
2023-11-01,industria,2385.6350
2023-12-01,industria,2376.1917
2024-01-01,industria,2385.2056
2024-02-01,industria,2485.3282
2024-03-01,industria,2405.4770
2024-04-01,industria,2452.0127
2024-05-01,industria,2500.9146
2024-06-01,industria,2469.0949
2024-07-01,industria,2560.9680
2024-08-01,industria,2401.3987
2024-09-01,industria,2429.0933
2024-10-01,industria,2610.7424
2024-11-01,industria,2532.2626
2024-12-01,industria,2374.1423
2025-01-01,industria,2417.4247
2025-02-01,industria,2578.8399
2025-03-01,industria,2622.9907
2025-04-01,industria,2564.4994
2025-05-01,industria,2379.2030
2025-06-01,industria,2785.3781
2025-07-01,industria,2634.1292
2025-08-01,industria,2600.1988
2025-09-01,industria,2673.5596
2025-10-01,industria,2740.7940
2025-11-01,industria,2430.3414
2025-12-01,industria,2884.5296
2026-01-01,industria,2551.6489
2026-02-01,industria,2715.7927
2026-03-01,industria,2456.7294
2026-04-01,industria,2576.1145
2026-05-01,industria,2597.0078
2026-06-01,industria,2660.8382
2026-07-01,industria,2715.7375
2026-08-01,industria,2360.6929
2015-01-01,informacion,379.7600
2015-02-01,informacion,343.6090
2015-03-01,informacion,326.8000
2015-04-01,informacion,411.9740
2015-05-01,informacion,368.4910
2015-06-01,informacion,388.9920
2015-07-01,informacion,370.4700
2015-08-01,informacion,376.9380
2015-09-01,informacion,316.0840
2015-10-01,informacion,383.6110
2015-11-01,informacion,434.7280
2015-12-01,informacion,429.9670
2016-01-01,informacion,319.3910
2016-02-01,informacion,341.6120
2016-03-01,informacion,319.4280
2016-04-01,informacion,325.2960
2016-05-01,informacion,346.3730
2016-06-01,informacion,312.7400
2016-07-01,informacion,310.4480
2016-08-01,informacion,344.7610
2016-09-01,informacion,340.4280
2016-10-01,informacion,321.8040
2016-11-01,informacion,323.0260
2016-12-01,informacion,336.0210
2017-01-01,informacion,290.0590
2017-02-01,informacion,366.2880
2017-03-01,informacion,348.4350
2017-04-01,informacion,344.9610
2017-05-01,informacion,358.3450
2017-06-01,informacion,339.4980
2017-07-01,informacion,350.7980
2017-08-01,informacion,336.1790
2017-09-01,informacion,342.7980
2017-10-01,informacion,333.1010
2017-11-01,informacion,311.4770
2017-12-01,informacion,291.1210
2018-01-01,informacion,298.8250
2018-02-01,informacion,357.6500
2018-03-01,informacion,300.7790
2018-04-01,informacion,314.4000
2018-05-01,informacion,328.6540
2018-06-01,informacion,315.9070
2018-07-01,informacion,323.6580
2018-08-01,informacion,311.4560
2018-09-01,informacion,370.6760
2018-10-01,informacion,332.2270
2018-11-01,informacion,298.6470
2018-12-01,informacion,358.8670
2019-01-01,informacion,265.9720
2019-02-01,informacion,328.7580
2019-03-01,informacion,305.0860
2019-04-01,informacion,395.0670
2019-05-01,informacion,342.3790
2019-06-01,informacion,338.5460
2019-07-01,informacion,259.5880
2019-08-01,informacion,329.5630
2019-09-01,informacion,343.7360
2019-10-01,informacion,282.5550
2019-11-01,informacion,266.0070
2019-12-01,informacion,281.4340
2020-01-01,informacion,322.5350
2020-02-01,informacion,303.2510
2020-03-01,informacion,293.4040
2020-04-01,informacion,282.9410
2020-05-01,informacion,255.9020
2020-06-01,informacion,294.0570
2020-07-01,informacion,260.8040
2020-08-01,informacion,256.1200
2020-09-01,informacion,296.3330
2020-10-01,informacion,290.8010
2020-11-01,informacion,319.8880
2020-12-01,informacion,310.2330
2021-01-01,informacion,386.4900
2021-02-01,informacion,366.2120
2021-03-01,informacion,357.8960
2021-04-01,informacion,340.8050
2021-05-01,informacion,316.9680
2021-06-01,informacion,366.9920
2021-07-01,informacion,348.6650
2021-08-01,informacion,340.8870
2021-09-01,informacion,360.5030
2021-10-01,informacion,389.4780
2021-11-01,informacion,418.6350
2021-12-01,informacion,379.9350
2022-01-01,informacion,385.8030
2022-02-01,informacion,399.3300
2022-03-01,informacion,344.7730
2022-04-01,informacion,418.2620
2022-05-01,informacion,338.0560
2022-06-01,informacion,474.1300
2022-07-01,informacion,339.9150
2022-08-01,informacion,371.5620
2022-09-01,informacion,365.5650
2022-10-01,informacion,353.8850
2022-11-01,informacion,402.7460
2022-12-01,informacion,399.7770
2023-01-01,informacion,430.5420
2023-02-01,informacion,355.8310
2023-03-01,informacion,385.6050
2023-04-01,informacion,426.5370
2023-05-01,informacion,414.4350
2023-06-01,informacion,366.6550
2023-07-01,informacion,373.8945
2023-08-01,informacion,422.2265
2023-09-01,informacion,478.7300
2023-10-01,informacion,392.9879
2023-11-01,informacion,454.5323
2023-12-01,informacion,333.2862
2024-01-01,informacion,361.8661
2024-02-01,informacion,388.4535
2024-03-01,informacion,330.8812
2024-04-01,informacion,412.4663
2024-05-01,informacion,389.7941
2024-06-01,informacion,490.9600
2024-07-01,informacion,436.5836
2024-08-01,informacion,419.3209
2024-09-01,informacion,379.9105
2024-10-01,informacion,349.1628
2024-11-01,informacion,496.5979
2024-12-01,informacion,415.9904
2025-01-01,informacion,368.7161
2025-02-01,informacion,351.2603
2025-03-01,informacion,406.9300
2025-04-01,informacion,474.5895
2025-05-01,informacion,430.9859
2025-06-01,informacion,366.7196
2025-07-01,informacion,356.7625
2025-08-01,informacion,408.2442
2025-09-01,informacion,426.5474
2025-10-01,informacion,393.5795
2025-11-01,informacion,498.8592
2025-12-01,informacion,391.1896
2026-01-01,informacion,461.7401
2026-02-01,informacion,447.2952
2026-03-01,informacion,402.4562
2026-04-01,informacion,442.6352
2026-05-01,informacion,391.5695
2026-06-01,informacion,386.4367
2026-07-01,informacion,448.3531
2026-08-01,informacion,402.0597
2015-01-01,inmobiliarias,240.0360
2015-02-01,inmobiliarias,227.0240
2015-03-01,inmobiliarias,231.8300
2015-04-01,inmobiliarias,224.5490
2015-05-01,inmobiliarias,242.3190
2015-06-01,inmobiliarias,296.9010
2015-07-01,inmobiliarias,226.8210
2015-08-01,inmobiliarias,244.8120
2015-09-01,inmobiliarias,199.2530
2015-10-01,inmobiliarias,246.4220
2015-11-01,inmobiliarias,268.7050
2015-12-01,inmobiliarias,271.6310
2016-01-01,inmobiliarias,277.9820
2016-02-01,inmobiliarias,207.0460
2016-03-01,inmobiliarias,212.6320
2016-04-01,inmobiliarias,268.6170
2016-05-01,inmobiliarias,222.3170
2016-06-01,inmobiliarias,271.8590
2016-07-01,inmobiliarias,215.5860
2016-08-01,inmobiliarias,236.0790
2016-09-01,inmobiliarias,270.5660
2016-10-01,inmobiliarias,292.2910
2016-11-01,inmobiliarias,221.3910
2016-12-01,inmobiliarias,240.5250
2017-01-01,inmobiliarias,337.5370
2017-02-01,inmobiliarias,269.2550
2017-03-01,inmobiliarias,230.7350
2017-04-01,inmobiliarias,263.9950
2017-05-01,inmobiliarias,193.2850
2017-06-01,inmobiliarias,267.8000
2017-07-01,inmobiliarias,252.1950
2017-08-01,inmobiliarias,285.6010
2017-09-01,inmobiliarias,243.3030
2017-10-01,inmobiliarias,310.9360
2017-11-01,inmobiliarias,259.0630
2017-12-01,inmobiliarias,237.6890
2018-01-01,inmobiliarias,259.7930
2018-02-01,inmobiliarias,230.1610
2018-03-01,inmobiliarias,283.3890
2018-04-01,inmobiliarias,272.1480
2018-05-01,inmobiliarias,243.3480
2018-06-01,inmobiliarias,353.0330
2018-07-01,inmobiliarias,263.1630
2018-08-01,inmobiliarias,269.0570
2018-09-01,inmobiliarias,273.6320
2018-10-01,inmobiliarias,310.9580
2018-11-01,inmobiliarias,256.0150
2018-12-01,inmobiliarias,318.0100
2019-01-01,inmobiliarias,279.5240
2019-02-01,inmobiliarias,220.4770
2019-03-01,inmobiliarias,289.8690
2019-04-01,inmobiliarias,216.2190
2019-05-01,inmobiliarias,260.4130
2019-06-01,inmobiliarias,265.9230
2019-07-01,inmobiliarias,308.4390
2019-08-01,inmobiliarias,256.7520
2019-09-01,inmobiliarias,289.4920
2019-10-01,inmobiliarias,294.3460
2019-11-01,inmobiliarias,272.1510
2019-12-01,inmobiliarias,234.8110
2020-01-01,inmobiliarias,299.1500
2020-02-01,inmobiliarias,247.8480
2020-03-01,inmobiliarias,225.1140
2020-04-01,inmobiliarias,155.9590
2020-05-01,inmobiliarias,157.8420
2020-06-01,inmobiliarias,208.8860
2020-07-01,inmobiliarias,199.1410
2020-08-01,inmobiliarias,235.8990
2020-09-01,inmobiliarias,253.4470
2020-10-01,inmobiliarias,276.2410
2020-11-01,inmobiliarias,234.7170
2020-12-01,inmobiliarias,235.6080
2021-01-01,inmobiliarias,130.9360
2021-02-01,inmobiliarias,148.9320
2021-03-01,inmobiliarias,156.9740
2021-04-01,inmobiliarias,144.4900
2021-05-01,inmobiliarias,197.2550
2021-06-01,inmobiliarias,194.6220
2021-07-01,inmobiliarias,204.6970
2021-08-01,inmobiliarias,183.8690
2021-09-01,inmobiliarias,159.9090
2021-10-01,inmobiliarias,159.9190
2021-11-01,inmobiliarias,200.6420
2021-12-01,inmobiliarias,181.3750
2022-01-01,inmobiliarias,183.6890
2022-02-01,inmobiliarias,176.4290
2022-03-01,inmobiliarias,182.8040
2022-04-01,inmobiliarias,223.1750
2022-05-01,inmobiliarias,227.8490
2022-06-01,inmobiliarias,202.6270
2022-07-01,inmobiliarias,239.2940
2022-08-01,inmobiliarias,236.8120
2022-09-01,inmobiliarias,240.6750
2022-10-01,inmobiliarias,225.7300
2022-11-01,inmobiliarias,247.3180
2022-12-01,inmobiliarias,268.9810
2023-01-01,inmobiliarias,245.4420
2023-02-01,inmobiliarias,246.1540
2023-03-01,inmobiliarias,261.9530
2023-04-01,inmobiliarias,242.5590
2023-05-01,inmobiliarias,246.4390
2023-06-01,inmobiliarias,268.9600
2023-07-01,inmobiliarias,296.8712
2023-08-01,inmobiliarias,387.5308
2023-09-01,inmobiliarias,283.1475
2023-10-01,inmobiliarias,308.7704
2023-11-01,inmobiliarias,270.4848
2023-12-01,inmobiliarias,244.8614
2024-01-01,inmobiliarias,283.8462
2024-02-01,inmobiliarias,318.8850
2024-03-01,inmobiliarias,284.8672
2024-04-01,inmobiliarias,235.3572
2024-05-01,inmobiliarias,294.9976
2024-06-01,inmobiliarias,345.9437
2024-07-01,inmobiliarias,342.1362
2024-08-01,inmobiliarias,316.4929
2024-09-01,inmobiliarias,255.0920
2024-10-01,inmobiliarias,301.9139
2024-11-01,inmobiliarias,289.9558
2024-12-01,inmobiliarias,389.8159
2025-01-01,inmobiliarias,370.9026
2025-02-01,inmobiliarias,249.8872
2025-03-01,inmobiliarias,328.0702
2025-04-01,inmobiliarias,290.2904
2025-05-01,inmobiliarias,336.9970
2025-06-01,inmobiliarias,305.5118
2025-07-01,inmobiliarias,341.7599
2025-08-01,inmobiliarias,360.1413
2025-09-01,inmobiliarias,282.0851
2025-10-01,inmobiliarias,303.4236
2025-11-01,inmobiliarias,338.6330
2025-12-01,inmobiliarias,355.8156
2026-01-01,inmobiliarias,331.6516
2026-02-01,inmobiliarias,268.3743
2026-03-01,inmobiliarias,332.4471
2026-04-01,inmobiliarias,333.5671
2026-05-01,inmobiliarias,310.7733
2026-06-01,inmobiliarias,302.9355
2026-07-01,inmobiliarias,341.1929
2026-08-01,inmobiliarias,328.8027
2015-01-01,profesionales,1129.6450
2015-02-01,profesionales,1094.0590
2015-03-01,profesionales,1154.5640
2015-04-01,profesionales,1102.0280
2015-05-01,profesionales,1160.8900
2015-06-01,profesionales,1251.1790
2015-07-01,profesionales,1158.1360
2015-08-01,profesionales,1209.2490
2015-09-01,profesionales,1118.7940
2015-10-01,profesionales,1132.6160
2015-11-01,profesionales,1373.2280
2015-12-01,profesionales,1211.9690
2016-01-01,profesionales,1142.2310
2016-02-01,profesionales,1190.1810
2016-03-01,profesionales,1196.2480
2016-04-01,profesionales,1309.7520
2016-05-01,profesionales,1243.1740
2016-06-01,profesionales,1273.1480
2016-07-01,profesionales,1162.1700
2016-08-01,profesionales,1221.5290
2016-09-01,profesionales,1265.5450
2016-10-01,profesionales,1397.1860
2016-11-01,profesionales,1261.2930
2016-12-01,profesionales,1240.1350
2017-01-01,profesionales,1214.1300
2017-02-01,profesionales,1256.3910
2017-03-01,profesionales,1163.0650
2017-04-01,profesionales,1359.2270
2017-05-01,profesionales,1287.5440
2017-06-01,profesionales,1271.1460
2017-07-01,profesionales,1265.9970
2017-08-01,profesionales,1430.0420
2017-09-01,profesionales,1319.2450
2017-10-01,profesionales,1318.6820
2017-11-01,profesionales,1406.7560
2017-12-01,profesionales,1342.4030
2018-01-01,profesionales,1286.6250
2018-02-01,profesionales,1286.2750
2018-03-01,profesionales,1301.5770
2018-04-01,profesionales,1213.9020
2018-05-01,profesionales,1285.2090
2018-06-01,profesionales,1388.6260
2018-07-01,profesionales,1248.5680
2018-08-01,profesionales,1302.5260
2018-09-01,profesionales,1339.8910
2018-10-01,profesionales,1392.7480
2018-11-01,profesionales,1365.0690
2018-12-01,profesionales,1367.3870
2019-01-01,profesionales,1211.2400
2019-02-01,profesionales,1272.8220
2019-03-01,profesionales,1205.9220
2019-04-01,profesionales,1381.4060
2019-05-01,profesionales,1300.7070
2019-06-01,profesionales,1331.1900
2019-07-01,profesionales,1260.6580
2019-08-01,profesionales,1332.4420
2019-09-01,profesionales,1442.9480
2019-10-01,profesionales,1405.0290
2019-11-01,profesionales,1399.3040
2019-12-01,profesionales,1366.2390
2020-01-01,profesionales,1398.8360
2020-02-01,profesionales,1277.5770
2020-03-01,profesionales,1305.0810
2020-04-01,profesionales,1054.9140
2020-05-01,profesionales,1171.0300
2020-06-01,profesionales,1191.0270
2020-07-01,profesionales,1099.3510
2020-08-01,profesionales,1070.4340
2020-09-01,profesionales,1207.7090
2020-10-01,profesionales,1187.7180
2020-11-01,profesionales,1298.9970
2020-12-01,profesionales,1330.2030
2021-01-01,profesionales,1484.7900
2021-02-01,profesionales,1699.5440
2021-03-01,profesionales,1549.8320
2021-04-01,profesionales,1599.6350
2021-05-01,profesionales,1617.4830
2021-06-01,profesionales,1637.4170
2021-07-01,profesionales,1631.5440
2021-08-01,profesionales,1712.6570
2021-09-01,profesionales,1708.1350
2021-10-01,profesionales,1733.2200
2021-11-01,profesionales,1785.7760
2021-12-01,profesionales,1868.7940
2022-01-01,profesionales,1705.7370
2022-02-01,profesionales,1777.8090
2022-03-01,profesionales,1529.7670
2022-04-01,profesionales,1729.0910
2022-05-01,profesionales,1726.4310
2022-06-01,profesionales,1554.3290
2022-07-01,profesionales,1820.9280
2022-08-01,profesionales,1805.6520
2022-09-01,profesionales,1740.1120
2022-10-01,profesionales,1714.4260
2022-11-01,profesionales,1871.1910
2022-12-01,profesionales,1827.6240
2023-01-01,profesionales,1913.5450
2023-02-01,profesionales,1756.1120
2023-03-01,profesionales,1793.1560
2023-04-01,profesionales,1745.5710
2023-05-01,profesionales,1753.6600
2023-06-01,profesionales,1820.3620
2023-07-01,profesionales,1761.2118
2023-08-01,profesionales,1894.5692
2023-09-01,profesionales,1747.1396
2023-10-01,profesionales,1770.8445
2023-11-01,profesionales,1941.2762
2023-12-01,profesionales,1965.6088
2024-01-01,profesionales,1851.8988
2024-02-01,profesionales,1641.0560
2024-03-01,profesionales,1826.0494
2024-04-01,profesionales,1808.5147
2024-05-01,profesionales,1737.1431
2024-06-01,profesionales,1710.7092
2024-07-01,profesionales,1821.5069
2024-08-01,profesionales,1835.4347
2024-09-01,profesionales,1922.7393
2024-10-01,profesionales,1673.3753
2024-11-01,profesionales,1892.3252
2024-12-01,profesionales,1846.0084
2025-01-01,profesionales,1734.1983
2025-02-01,profesionales,1748.5457
2025-03-01,profesionales,1777.7602
2025-04-01,profesionales,1787.9251
2025-05-01,profesionales,1873.9499
2025-06-01,profesionales,1822.2657
2025-07-01,profesionales,1936.3235
2025-08-01,profesionales,1780.7848
2025-09-01,profesionales,1711.0538
2025-10-01,profesionales,1811.2084
2025-11-01,profesionales,1842.9925
2025-12-01,profesionales,1915.1440
2026-01-01,profesionales,1889.0050
2026-02-01,profesionales,1998.4088
2026-03-01,profesionales,1844.4521
2026-04-01,profesionales,1901.5464
2026-05-01,profesionales,2017.3316
2026-06-01,profesionales,1906.0167
2026-07-01,profesionales,1916.5389
2026-08-01,profesionales,1794.7517
2015-01-01,transporte,1472.2010
2015-02-01,transporte,1400.1380
2015-03-01,transporte,1460.6500
2015-04-01,transporte,1547.4130
2015-05-01,transporte,1552.1280
2015-06-01,transporte,1391.1160
2015-07-01,transporte,1415.3900
2015-08-01,transporte,1518.3130
2015-09-01,transporte,1406.3380
2015-10-01,transporte,1388.1910
2015-11-01,transporte,1343.6520
2015-12-01,transporte,1429.0880
2016-01-01,transporte,1531.7230
2016-02-01,transporte,1506.9470
2016-03-01,transporte,1466.0160
2016-04-01,transporte,1460.8540
2016-05-01,transporte,1502.2390
2016-06-01,transporte,1355.1410
2016-07-01,transporte,1444.9720
2016-08-01,transporte,1412.3410
2016-09-01,transporte,1485.7940
2016-10-01,transporte,1448.9890
2016-11-01,transporte,1398.7140
2016-12-01,transporte,1496.3090
2017-01-01,transporte,1523.9500
2017-02-01,transporte,1470.2770
2017-03-01,transporte,1474.5460
2017-04-01,transporte,1446.2080
2017-05-01,transporte,1493.7350
2017-06-01,transporte,1485.3310
2017-07-01,transporte,1383.2110
2017-08-01,transporte,1436.6980
2017-09-01,transporte,1404.8410
2017-10-01,transporte,1426.8020
2017-11-01,transporte,1333.6040
2017-12-01,transporte,1640.7760
2018-01-01,transporte,1435.6140
2018-02-01,transporte,1438.6180
2018-03-01,transporte,1532.6490
2018-04-01,transporte,1508.2780
2018-05-01,transporte,1491.7260
2018-06-01,transporte,1351.7320
2018-07-01,transporte,1452.1380
2018-08-01,transporte,1473.5340
2018-09-01,transporte,1403.3020
2018-10-01,transporte,1398.3010
2018-11-01,transporte,1445.8640
2018-12-01,transporte,1584.0310
2019-01-01,transporte,1505.3070
2019-02-01,transporte,1513.6470
2019-03-01,transporte,1546.4410
2019-04-01,transporte,1497.2390
2019-05-01,transporte,1491.1010
2019-06-01,transporte,1388.1420
2019-07-01,transporte,1482.2940
2019-08-01,transporte,1446.3260
2019-09-01,transporte,1511.3600
2019-10-01,transporte,1467.4570
2019-11-01,transporte,1485.4660
2019-12-01,transporte,1561.0950
2020-01-01,transporte,1490.2070
2020-02-01,transporte,1587.3930
2020-03-01,transporte,1495.7600
2020-04-01,transporte,1191.9290
2020-05-01,transporte,1302.3330
2020-06-01,transporte,1095.2070
2020-07-01,transporte,1223.1130
2020-08-01,transporte,1164.1050
2020-09-01,transporte,1402.4030
2020-10-01,transporte,1424.2960
2020-11-01,transporte,1446.8770
2020-12-01,transporte,1420.4510
2021-01-01,transporte,1279.9770
2021-02-01,transporte,1344.0810
2021-03-01,transporte,1385.9810
2021-04-01,transporte,1335.3070
2021-05-01,transporte,1345.5170
2021-06-01,transporte,1450.5170
2021-07-01,transporte,1460.0320
2021-08-01,transporte,1476.1160
2021-09-01,transporte,1582.4810
2021-10-01,transporte,1540.7290
2021-11-01,transporte,1564.8950
2021-12-01,transporte,1537.4220
2022-01-01,transporte,1471.4570
2022-02-01,transporte,1488.3340
2022-03-01,transporte,1650.2070
2022-04-01,transporte,1638.3520
2022-05-01,transporte,1659.1400
2022-06-01,transporte,1600.9160
2022-07-01,transporte,1707.3100
2022-08-01,transporte,1529.1360
2022-09-01,transporte,1669.4990
2022-10-01,transporte,1671.8850
2022-11-01,transporte,1444.4240
2022-12-01,transporte,1610.9160
2023-01-01,transporte,1662.3880
2023-02-01,transporte,1682.8240
2023-03-01,transporte,1568.6890
2023-04-01,transporte,1641.0580
2023-05-01,transporte,1737.4860
2023-06-01,transporte,1746.4460
2023-07-01,transporte,1829.1528
2023-08-01,transporte,1608.6902
2023-09-01,transporte,1901.7976
2023-10-01,transporte,1692.6085
2023-11-01,transporte,1740.9351
2023-12-01,transporte,1665.0244
2024-01-01,transporte,1670.5326
2024-02-01,transporte,1794.3284
2024-03-01,transporte,1638.2956
2024-04-01,transporte,1660.1424
2024-05-01,transporte,1674.1603
2024-06-01,transporte,1721.8537
2024-07-01,transporte,1716.5547
2024-08-01,transporte,1664.5613
2024-09-01,transporte,1787.8385
2024-10-01,transporte,1677.1015
2024-11-01,transporte,1777.4785
2024-12-01,transporte,1715.7441
2025-01-01,transporte,1722.5330
2025-02-01,transporte,1899.5257
2025-03-01,transporte,1769.7967
2025-04-01,transporte,1766.2420
2025-05-01,transporte,1859.5982
2025-06-01,transporte,1722.2278
2025-07-01,transporte,1888.2265
2025-08-01,transporte,1836.6104
2025-09-01,transporte,1854.0346
2025-10-01,transporte,1908.2407
2025-11-01,transporte,1875.9013
2025-12-01,transporte,1733.9873
2026-01-01,transporte,1807.0621
2026-02-01,transporte,1813.0521
2026-03-01,transporte,1769.4797
2026-04-01,transporte,1827.8628
2026-05-01,transporte,1815.6077
2026-06-01,transporte,1867.1316
2026-07-01,transporte,1819.0787
2026-08-01,transporte,1884.5643
