fecha,area,tgp,to,td,ts,ocupados,fuera_ft
2007-03-01,cabeceras,64.1147,54.9530,14.2895,9.4079,12281.8670,8020.2897
2007-04-01,cabeceras,64.6335,56.1809,13.0777,9.9035,12577.0473,7917.3753
2007-05-01,cabeceras,64.6570,56.5228,12.5805,9.8049,12674.2960,7925.0723
2007-06-01,cabeceras,64.7621,56.8347,12.2409,9.9380,12765.8197,7914.8920
2007-07-01,cabeceras,64.7941,56.9419,12.1187,9.9704,12811.5823,7921.1190
2007-08-01,cabeceras,64.5893,56.8602,11.9666,10.2398,12815.1010,7980.8283
2007-09-01,cabeceras,64.6186,56.9789,11.8228,10.2386,12863.7957,7987.8530
2007-10-01,cabeceras,65.3740,57.7807,11.6151,10.0254,13066.7423,7830.4573
2007-11-01,cabeceras,65.7429,58.4621,11.0747,10.1310,13242.8850,7759.9587
2007-12-01,cabeceras,65.5047,58.5011,10.6918,10.1931,13273.4297,7826.7027
2008-01-01,cabeceras,64.6231,57.0674,11.6920,10.6132,12969.5543,8040.0090
2008-02-01,cabeceras,64.6498,56.4537,12.6778,10.8151,12851.2500,8047.1963
2008-03-01,cabeceras,65.1557,56.5321,13.2354,11.1929,12890.1130,7944.9787
2008-04-01,cabeceras,65.8187,57.5614,12.5455,10.7417,13146.2040,7806.5380
2008-05-01,cabeceras,65.9371,57.9049,12.1816,10.3548,13246.1090,7792.1050
2008-06-01,cabeceras,65.5221,57.6372,12.0340,9.8227,13206.8643,7900.1883
2008-07-01,cabeceras,65.2668,57.2703,12.2520,10.0090,13145.0750,7972.1940
2008-08-01,cabeceras,64.9807,57.0419,12.2171,10.1025,13115.2040,8051.7070
2008-09-01,cabeceras,65.2237,57.3279,12.1057,10.4210,13203.7350,8009.6640
2008-10-01,cabeceras,64.9607,57.3647,11.6932,10.4305,13234.5330,8083.8640
2008-11-01,cabeceras,64.5752,57.1641,11.4768,10.2238,13210.4207,8186.5410
2008-12-01,cabeceras,64.3230,56.9983,11.3873,9.8761,13193.9077,8258.4813
2009-01-01,cabeceras,64.4500,56.1694,12.8481,9.9060,13023.7637,8242.8213
2009-02-01,cabeceras,65.2379,56.2943,13.7092,10.3344,13074.5427,8073.6147
2009-03-01,cabeceras,66.0951,56.5696,14.4118,10.9962,13159.9540,7887.3890
2009-04-01,cabeceras,67.0324,57.9573,13.5383,11.5837,13504.8177,7681.8870
2009-05-01,cabeceras,67.5306,58.6819,13.1033,11.9289,13695.7930,7578.0483
2009-06-01,cabeceras,67.8038,58.9853,13.0060,12.3796,13789.7410,7526.9123
2009-07-01,cabeceras,67.8120,58.8577,13.2046,12.2143,13782.0830,7537.1253
2009-08-01,cabeceras,67.3625,58.3553,13.3712,12.0402,13686.6817,7654.8273
2009-09-01,cabeceras,67.0949,58.0760,13.4419,11.8032,13643.3210,7730.1340
2009-10-01,cabeceras,67.4466,58.6128,13.0975,11.9543,13792.4377,7660.2703
2009-11-01,cabeceras,68.2083,59.4702,12.8108,11.8115,14017.4440,7493.4783
2009-12-01,cabeceras,68.7276,60.1952,12.4147,11.4877,14211.4817,7383.1063
2010-01-01,cabeceras,68.3845,59.0972,13.5810,11.7458,13981.2663,7479.6253
2010-02-01,cabeceras,68.1990,58.6074,14.0642,12.3148,13894.1830,7539.1367
2010-03-01,cabeceras,67.5674,57.8817,14.3349,12.9678,13750.0870,7704.5167
2010-04-01,cabeceras,67.7539,58.7252,13.3257,12.9217,13972.7850,7672.4837
2010-05-01,cabeceras,67.6605,58.7547,13.1625,12.9300,14001.9227,7706.8750
2010-06-01,cabeceras,68.2971,59.2882,13.1908,12.8893,14152.2457,7567.5727
2010-07-01,cabeceras,68.2235,59.0641,13.4255,13.2444,14121.0313,7597.1177
2010-08-01,cabeceras,68.3884,59.4831,13.0216,13.4704,14243.9430,7569.7863
2010-09-01,cabeceras,68.3568,59.7668,12.5665,13.7170,14334.6233,7589.3823
2010-10-01,cabeceras,68.6360,60.6814,11.5896,14.0483,14577.6610,7534.6513
2010-11-01,cabeceras,69.0146,61.1660,11.3725,13.7929,14717.7380,7455.6890
2010-12-01,cabeceras,69.0363,61.1602,11.4087,13.3417,14739.6497,7462.2713
2011-01-01,cabeceras,68.8099,60.0508,12.7294,12.6139,14495.3863,7528.8283
2011-02-01,cabeceras,68.4578,59.1044,13.6631,12.7193,14289.5883,7625.9050
2011-03-01,cabeceras,68.3397,58.8866,13.8325,12.8993,14258.9760,7666.3203
2011-04-01,cabeceras,68.2421,59.4639,12.8634,13.0161,14420.9657,7701.8157
2011-05-01,cabeceras,68.4313,60.0330,12.2726,12.6186,14581.1687,7667.5890
2011-06-01,cabeceras,68.7341,60.4202,12.0958,12.2800,14698.3190,7606.0083
2011-07-01,cabeceras,68.8596,60.4575,12.2018,12.3880,14729.7997,7587.0090
2011-08-01,cabeceras,68.4476,60.4104,11.7422,12.4166,14740.9340,7699.1907
2011-09-01,cabeceras,68.6708,60.8681,11.3624,12.5104,14875.2757,7656.3957
2011-10-01,cabeceras,69.4824,62.0118,10.7518,12.5752,15178.1553,7469.5660
2011-11-01,cabeceras,70.2147,62.7490,10.6327,12.8221,15382.0987,7301.4760
2011-12-01,cabeceras,70.1555,62.7061,10.6184,12.8904,15394.6810,7326.9773
2012-01-01,cabeceras,69.4764,61.3303,11.7250,12.4527,15079.6923,7505.0303
2012-02-01,cabeceras,69.2615,60.5858,12.5260,12.6102,14919.0247,7569.2340
2012-03-01,cabeceras,69.1153,60.1948,12.9068,12.6321,14844.6980,7616.4990
2012-04-01,cabeceras,69.2825,60.7549,12.3083,13.2323,15004.9240,7586.4497
2012-05-01,cabeceras,69.4345,61.0962,12.0089,13.2197,15111.1713,7559.8790
2012-06-01,cabeceras,69.7899,61.4535,11.9451,13.4209,15222.1320,7483.0883
2012-07-01,cabeceras,69.8188,61.5466,11.8481,13.1790,15267.1723,7486.7210
2012-08-01,cabeceras,69.6812,61.6853,11.4750,12.8772,15323.8797,7531.8010
2012-09-01,cabeceras,69.1508,61.3549,11.2738,12.6800,15263.8137,7674.6343
2012-10-01,cabeceras,69.0550,61.5872,10.8144,12.4904,15344.0300,7709.7297
2012-11-01,cabeceras,69.0236,61.6504,10.6822,12.2750,15382.0450,7728.7473
2012-12-01,cabeceras,69.2248,61.9001,10.5809,11.7656,15466.3930,7689.5080
2013-01-01,cabeceras,68.9691,60.9318,11.6535,11.4905,15246.2697,7764.5243
2013-02-01,cabeceras,68.7266,60.1212,12.5213,11.8860,15064.9670,7836.3820
2013-03-01,cabeceras,68.2202,59.4474,12.8596,12.2552,14916.8987,7974.3807
2013-04-01,cabeceras,68.1315,59.9228,12.0483,12.5290,15057.1527,8007.7957
2013-05-01,cabeceras,68.4597,60.7475,11.2653,12.4211,15285.3780,7936.2243
2013-06-01,cabeceras,68.7575,61.2097,10.9773,12.4646,15423.7070,7872.5300
2013-07-01,cabeceras,68.9194,61.4295,10.8676,12.3192,15500.3287,7842.4720
2013-08-01,cabeceras,68.7978,61.4225,10.7203,12.1300,15520.0940,7884.0923
2013-09-01,cabeceras,68.7592,61.6042,10.4059,11.8133,15587.4753,7904.7450
2013-10-01,cabeceras,68.8494,62.0894,9.8184,11.7379,15732.4630,7893.0680
2013-11-01,cabeceras,68.6221,62.0729,9.5438,11.3965,15750.2910,7961.7960
2013-12-01,cabeceras,68.7331,62.2837,9.3832,11.2674,15825.5257,7944.5530
2014-01-01,cabeceras,68.4230,61.2128,10.5377,10.9907,15623.4037,8059.4237
2014-02-01,cabeceras,68.2614,60.5587,11.2840,11.0792,15525.7787,8137.0153
2014-03-01,cabeceras,67.8451,59.8932,11.7206,10.9112,15423.3810,8280.3570
2014-04-01,cabeceras,68.0026,60.5729,10.9256,10.6930,15619.5793,8250.9930
2014-05-01,cabeceras,68.1124,61.0526,10.3648,10.5610,15764.4457,8233.7293
2014-06-01,cabeceras,68.4535,61.4140,10.2837,11.0925,15879.7703,8156.9467
2014-07-01,cabeceras,68.3113,61.1875,10.4284,11.3067,15842.2343,8204.5970
2014-08-01,cabeceras,68.4730,61.4332,10.2811,11.1190,15927.1670,8173.7063
2014-09-01,cabeceras,68.5502,61.7469,9.9246,11.1095,16029.9197,8164.5747
2014-10-01,cabeceras,69.0506,62.5502,9.4139,11.6635,16260.8380,8045.7590
2014-11-01,cabeceras,69.1714,62.8625,9.1207,11.8558,16364.4227,8025.3240
2014-12-01,cabeceras,68.9703,62.6196,9.2079,11.3250,16323.2453,8088.5947
2015-01-01,cabeceras,68.3259,61.3432,10.2196,10.7368,16012.4107,8267.8913
2015-02-01,cabeceras,67.8714,60.4283,10.9665,10.5030,15795.2450,8398.0320
2015-03-01,cabeceras,67.6916,60.0946,11.2229,10.6229,15729.1667,8456.4177
2015-04-01,cabeceras,68.0372,60.6662,10.8338,10.9049,15900.2437,8377.2413
2015-05-01,cabeceras,68.2416,61.0858,10.4861,11.5049,16031.7177,8334.8547
2015-06-01,cabeceras,68.3795,61.3824,10.2328,11.8569,16132.1120,8310.2850
2015-07-01,cabeceras,68.1414,61.4645,9.7986,11.6563,16175.5057,8384.1717
2015-08-01,cabeceras,68.2032,61.5959,9.6877,11.3928,16232.3913,8379.4177
2015-09-01,cabeceras,68.1760,61.5763,9.6804,11.0670,16249.6583,8398.1743
2015-10-01,cabeceras,68.7766,62.2156,9.5395,11.1040,16441.8723,8251.4893
2015-11-01,cabeceras,68.8557,62.5996,9.0858,10.6218,16567.0807,8242.3827
2015-12-01,cabeceras,68.9251,62.6366,9.1237,10.5014,16600.4250,8235.6950
2016-01-01,cabeceras,68.3842,61.1479,10.5819,10.4987,16229.2907,8391.1617
2016-02-01,cabeceras,68.1166,60.2184,11.5951,11.1291,16005.7970,8474.4720
2016-03-01,cabeceras,67.7570,59.4573,12.2493,11.1906,15826.2647,8582.3893
2016-04-01,cabeceras,67.6250,60.1137,11.1074,10.9781,16024.0477,8629.9493
2016-05-01,cabeceras,67.1260,59.9454,10.6973,10.7637,16002.0860,8775.5223
2016-06-01,cabeceras,67.3560,60.4151,10.3048,10.8140,16151.2290,8726.9657
2016-07-01,cabeceras,67.1652,60.0289,10.6250,10.8256,16070.7107,8790.4113
2016-08-01,cabeceras,67.4510,60.3107,10.5859,10.5258,16169.3037,8726.3847
2016-09-01,cabeceras,67.2831,60.3174,10.3529,10.3710,16194.3423,8784.0037
2016-10-01,cabeceras,67.6116,60.9165,9.9023,10.2964,16379.4680,8708.7183
2016-11-01,cabeceras,67.7335,61.3287,9.4559,10.2180,16514.7863,8688.8137
2016-12-01,cabeceras,67.9392,61.4726,9.5181,9.8728,16577.9050,8646.1470
2017-01-01,cabeceras,67.5021,60.3060,10.6605,9.6368,16287.6423,8777.1470
2017-02-01,cabeceras,67.2890,59.4269,11.6840,9.8755,16074.4867,8848.0593
2017-03-01,cabeceras,66.8532,58.8089,12.0327,9.9531,15931.0157,8979.2877
2017-04-01,cabeceras,66.9366,59.4963,11.1155,10.1387,16141.4580,8970.1547
2017-05-01,cabeceras,66.7652,59.5419,10.8190,10.0032,16178.1340,9030.2237
2017-06-01,cabeceras,67.2499,60.0981,10.6346,10.5943,16355.0137,8912.5680
2017-07-01,cabeceras,67.0221,59.7752,10.8126,10.6651,16292.2643,8988.4253
2017-08-01,cabeceras,67.2335,60.0542,10.6782,10.5220,16394.2630,8944.9620
2017-09-01,cabeceras,66.7288,59.5449,10.7659,9.9892,16281.4823,9097.4243
2017-10-01,cabeceras,66.9672,59.9556,10.4702,9.7047,16421.3700,9047.4417
2017-11-01,cabeceras,66.7933,59.9159,10.2965,9.5344,16438.7357,9110.7080
2017-12-01,cabeceras,66.9492,60.2541,10.0002,9.3209,16560.2950,9083.7057
2018-01-01,cabeceras,66.5465,59.1638,11.0941,9.1142,16290.1137,9211.0437
2018-02-01,cabeceras,66.2356,58.2967,11.9858,9.1731,16081.4713,9314.0823
2018-03-01,cabeceras,65.9741,57.7975,12.3937,9.4044,15973.9817,9404.0353
2018-04-01,cabeceras,66.1908,58.5728,11.5091,9.6798,16220.1030,9362.5243
2018-05-01,cabeceras,66.3960,59.0472,11.0681,9.6313,16384.5910,9324.5363
2018-06-01,cabeceras,66.5290,59.2217,10.9837,9.6734,16468.8623,9307.8813
2018-07-01,cabeceras,66.3744,59.0593,11.0210,9.7826,16460.0390,9371.5643
2018-08-01,cabeceras,66.2792,59.1407,10.7704,9.9249,16521.0883,9419.9800
2018-09-01,cabeceras,66.4195,59.2322,10.8210,10.2357,16586.6277,9403.4627
2018-10-01,cabeceras,66.5038,59.3894,10.6978,10.2477,16672.6743,9403.5410
2018-11-01,cabeceras,66.3542,59.3483,10.5583,10.3061,16704.2863,9470.0133
2018-12-01,cabeceras,66.3217,59.2243,10.7015,10.0628,16712.8050,9503.8633
2019-01-01,cabeceras,66.1118,58.1865,11.9878,10.3585,16463.7450,9588.6090
2019-02-01,cabeceras,66.2562,57.5935,13.0746,10.6936,16339.7337,9573.3743
2019-03-01,cabeceras,65.9914,57.1354,13.4199,10.9844,16252.4760,9673.9160
2019-04-01,cabeceras,65.7060,57.5398,12.4284,10.9266,16410.4673,9780.7283
2019-05-01,cabeceras,65.4092,57.5576,12.0038,11.0515,16457.8227,9890.7733
2019-06-01,cabeceras,65.3401,57.7673,11.5898,11.0396,16561.1950,9936.5977
2019-07-01,cabeceras,65.5904,57.8869,11.7449,10.7378,16637.1013,9889.5743
2019-08-01,cabeceras,65.3685,57.6855,11.7535,10.4300,16620.3190,9978.0110
2019-09-01,cabeceras,65.1543,57.4361,11.8460,10.4907,16588.3523,10063.9383
2019-10-01,cabeceras,65.1684,57.6164,11.5885,10.8776,16680.2053,10083.8973
2019-11-01,cabeceras,65.6839,58.3968,11.0942,10.9841,16945.5273,9957.8073
2019-12-01,cabeceras,65.7280,58.5007,10.9958,10.8512,17013.8593,9967.3820
2020-01-01,cabeceras,65.4740,57.5303,12.1326,10.7580,16769.0767,10063.7183
2020-02-01,cabeceras,65.1829,56.5246,13.2831,10.7872,16512.1687,10170.8913
2020-10-01,cabeceras,62.0782,50.7481,18.2513,10.2642,15059.4753,11253.2633
2020-11-01,cabeceras,63.0325,52.2912,17.0409,10.4641,15543.8470,10988.8163
2020-12-01,cabeceras,63.3956,53.1583,16.1483,10.5497,15828.0213,10899.0563
2021-01-01,cabeceras,62.9599,52.3274,16.8878,9.5014,15606.7143,11047.2557
2021-02-01,cabeceras,63.0091,51.9703,17.5194,8.5447,15525.9517,11050.8910
2021-03-01,cabeceras,62.7928,51.6426,17.7571,7.4836,15452.8763,11133.4030
2021-04-01,cabeceras,62.6271,52.0003,16.9683,7.3711,15584.5263,11200.6837
2021-05-01,cabeceras,62.2260,51.8792,16.6278,7.5932,15572.2570,11338.3773
2021-06-01,cabeceras,62.0609,51.8544,16.4459,7.8994,15589.3267,11405.8783
2021-07-01,cabeceras,62.0970,52.4175,15.5877,8.0188,15782.0077,11411.9217
2021-08-01,cabeceras,62.0672,52.9027,14.7653,7.9642,15951.5230,11437.7190
2021-09-01,cabeceras,61.8808,53.3107,13.8494,7.7641,16097.6070,11510.4240
2021-10-01,cabeceras,62.0765,53.7845,13.3577,7.7241,16264.2850,11467.9633
2021-11-01,cabeceras,62.3934,54.3797,12.8438,7.5161,16467.5900,11388.2417
2021-12-01,cabeceras,62.8292,54.9956,12.4681,7.5155,16676.9647,11271.7347
2022-01-01,cabeceras,63.1818,54.7025,13.4205,7.2939,16610.7680,11180.0977
2022-02-01,cabeceras,63.7519,54.9346,13.8308,7.8867,16703.7460,11021.8170
2022-03-01,cabeceras,64.3978,55.2155,14.2587,8.2200,16811.1110,10839.5550
2022-04-01,cabeceras,64.6419,56.2402,12.9974,8.5783,17145.1730,10779.1333
2022-05-01,cabeceras,64.5469,56.6271,12.2697,8.1600,17285.0770,10821.8400
2022-06-01,cabeceras,64.5108,56.8021,11.9494,8.1279,17361.2107,10847.0533
2022-07-01,cabeceras,64.4698,56.8744,11.7815,8.1037,17405.0157,10873.1423
2022-08-01,cabeceras,64.4663,56.9387,11.6768,8.3971,17446.7407,10887.9607
2022-09-01,cabeceras,64.5882,57.2283,11.3951,8.6412,17557.5650,10864.2960
2022-10-01,cabeceras,64.7845,57.6378,11.0315,8.6214,17706.2107,10818.1123
2022-11-01,cabeceras,64.8090,57.9173,10.6338,8.4698,17815.1207,10824.6083
2022-12-01,cabeceras,64.7580,57.9565,10.5030,7.9999,17849.9750,10854.1760
2023-01-01,cabeceras,64.5598,56.8476,11.9458,7.8774,17531.1020,10929.3057
2023-02-01,cabeceras,64.4908,56.3004,12.7001,7.8969,17384.8470,10964.7870
2023-03-01,cabeceras,64.5540,56.4478,12.5572,8.0950,17452.5167,10959.2090
2023-04-01,cabeceras,64.9526,57.4377,11.5698,8.2459,17781.2883,10849.7997
2023-05-01,cabeceras,65.0192,57.6849,11.2801,8.1406,17880.5277,10842.9747
2023-06-01,cabeceras,65.1133,57.9022,11.0746,8.2035,17971.6760,10828.1220
2023-07-01,cabeceras,65.2447,58.3425,10.5789,8.2257,18131.4607,10801.1372
2023-08-01,cabeceras,65.5083,58.9213,10.0552,8.4356,18335.2174,10733.1697
2023-09-01,cabeceras,65.4166,58.8986,9.9639,8.3741,18352.1014,10775.7828
2023-10-01,cabeceras,65.1670,58.7880,9.7886,8.3076,18342.4191,10868.2435
2023-11-01,cabeceras,65.1624,58.8885,9.6281,8.1933,18398.5187,10884.3225
2023-12-01,cabeceras,65.0099,58.5331,9.9629,7.8100,18311.8091,10946.4970
2024-01-01,cabeceras,64.7939,57.5432,11.1903,7.6408,18026.2940,11028.8588
2024-02-01,cabeceras,64.6170,56.7601,12.1592,7.5268,17804.7173,11099.0926
2024-03-01,cabeceras,64.6452,56.5207,12.5677,7.8314,17753.0223,11104.8664
2024-04-01,cabeceras,64.8895,57.1497,11.9277,8.0127,17974.1695,11042.6186
2024-05-01,cabeceras,65.0061,57.5118,11.5285,8.0598,18111.5834,11020.2482
2024-06-01,cabeceras,65.0303,57.7706,11.1636,7.9830,18217.1562,11027.2056
2024-07-01,cabeceras,65.0300,57.9189,10.9352,7.8502,18287.0623,11041.2609
2024-08-01,cabeceras,65.0866,58.1258,10.6947,7.6189,18375.7116,11037.4232
2024-09-01,cabeceras,64.9110,58.1756,10.3764,7.6780,18414.5589,11106.8783
2024-10-01,cabeceras,64.9104,58.4386,9.9704,7.8395,18521.4014,11121.2093
2024-11-01,cabeceras,64.8003,58.7228,9.3787,7.8384,18634.9391,11170.1794
2024-12-01,cabeceras,65.0389,58.9983,9.2877,7.4553,18745.4384,11108.1178
2025-01-01,cabeceras,64.9523,58.3150,10.2188,7.3437,18551.2812,11149.4276
2025-02-01,cabeceras,65.1014,57.9202,11.0308,7.3914,18448.3518,11115.6627
2025-03-01,cabeceras,65.3648,58.0317,11.2189,7.5690,18506.0173,11044.9854
2025-04-01,cabeceras,65.2418,58.6042,10.1737,7.3087,18710.9031,11097.4494
2025-05-01,cabeceras,65.0264,58.7546,9.6450,7.2903,18781.0290,11179.3966
2025-06-01,cabeceras,64.7817,58.7541,9.3044,7.4973,18803.7902,11271.3446
2025-07-01,cabeceras,65.1772,59.0963,9.3298,7.7916,18935.5188,11157.8499
2025-08-01,cabeceras,65.3425,59.3865,9.1150,7.7731,19051.1025,11118.0871
2025-09-01,cabeceras,65.3122,59.4483,8.9782,7.4489,19093.5304,11140.9885
2025-10-01,cabeceras,65.5499,59.8003,8.7713,7.2144,19229.9005,11078.0746
2025-11-01,cabeceras,65.7228,60.1979,8.4064,7.2498,19381.1265,11035.7762
2025-12-01,cabeceras,65.9354,60.4840,8.2679,6.9804,19496.3680,10980.3512
2026-01-01,cabeceras,65.2528,59.2588,9.1858,6.8260,19124.3608,11213.8438
2026-02-01,cabeceras,65.1906,58.7316,9.9079,6.6629,18976.9450,11247.3666
2026-03-01,cabeceras,65.3289,58.6377,10.2423,6.6849,18968.7951,11215.7894
2026-04-01,cabeceras,65.8459,59.5635,9.5411,6.8036,19290.7705,11061.4662
2026-05-01,cabeceras,65.7679,59.7169,9.2005,6.8906,19362.8176,11099.5335
2026-06-01,cabeceras,65.5246,59.7217,8.8560,7.1775,19387.5399,11191.7913
2026-07-01,cabeceras,65.3957,59.7356,8.6551,7.0241,19414.3289,11246.5517
2026-08-01,cabeceras,65.0663,59.2224,8.9816,6.8603,19269.8549,11366.7578
2007-03-01,nacional,62.9004,54.6917,13.0504,8.8145,16018.5960,10866.0573
2007-04-01,nacional,63.6549,56.0833,11.8947,9.1864,16450.2843,10660.7023
2007-05-01,nacional,63.4763,56.1712,11.5084,9.2335,16499.9647,10728.6370
2007-06-01,nacional,63.7050,56.5483,11.2341,9.3211,16635.7140,10677.4707
2007-07-01,nacional,63.3484,56.1152,11.4181,9.3572,16534.4797,10799.4943
2007-08-01,nacional,63.2117,56.1709,11.1385,9.3593,16577.4020,10857.1150
2007-09-01,nacional,63.3313,56.3467,11.0286,9.3937,16655.7607,10839.0413
2007-10-01,nacional,64.2891,57.4478,10.6415,9.3305,17006.2633,10571.4883
2007-11-01,nacional,64.8757,58.2674,10.1862,9.6626,17273.9333,10412.9393
2007-12-01,nacional,64.6930,58.3036,9.8765,9.7517,17309.1807,10481.9663
2008-01-01,nacional,63.6455,56.7135,10.8916,10.0387,16861.1787,10808.3697
2008-02-01,nacional,63.5718,56.0651,11.8082,10.2115,16692.1733,10845.6927
2008-03-01,nacional,64.1008,56.2376,12.2669,10.4145,16767.1247,10703.2523
2008-04-01,nacional,64.8019,57.3270,11.5351,10.0825,17116.0413,10509.0373
2008-05-01,nacional,64.7894,57.6131,11.0765,9.6701,17225.7333,10527.6070
2008-06-01,nacional,64.0321,56.9256,11.0984,9.2954,17045.0810,10769.7720
2008-07-01,nacional,63.6835,56.3735,11.4787,9.3835,16908.9677,10892.9707
2008-08-01,nacional,63.3239,55.9235,11.6866,9.3424,16803.7393,11020.3343
2008-09-01,nacional,63.8035,56.4270,11.5614,9.4472,16985.4247,10895.7177
2008-10-01,nacional,63.6239,56.6990,10.8841,9.4406,17093.5830,10966.6400
2008-11-01,nacional,63.3092,56.5271,10.7127,9.2728,17067.8097,11078.4393
2008-12-01,nacional,63.3172,56.5923,10.6210,9.0954,17113.1710,11092.6597
2009-01-01,nacional,63.4384,55.7860,12.0626,9.0757,16895.0190,11072.8250
2009-02-01,nacional,64.3281,56.1753,12.6737,9.4826,17038.7580,10819.7907
2009-03-01,nacional,64.9925,56.4592,13.1298,10.0374,17150.3047,10634.0407
2009-04-01,nacional,66.0524,57.8915,12.3552,10.7096,17611.5753,10327.4197
2009-05-01,nacional,66.7029,58.6855,12.0196,11.1402,17879.5240,10144.5343
2009-06-01,nacional,66.9480,59.0316,11.8247,11.6434,18012.7460,10085.3813
2009-07-01,nacional,66.9970,58.9119,12.0679,11.4486,18002.5183,10085.1963
2009-08-01,nacional,66.4767,58.4140,12.1285,11.2847,17876.8940,10259.3890
2009-09-01,nacional,66.2965,58.0691,12.4100,11.0168,17797.6687,10329.8183
2009-10-01,nacional,66.8607,58.8103,12.0405,11.1824,18052.6420,10172.5660
2009-11-01,nacional,67.7098,59.6830,11.8547,11.0409,18348.5687,9927.1040
2009-12-01,nacional,68.2272,60.3903,11.4865,10.8541,18593.9273,9782.7277
2010-01-01,nacional,67.6734,59.1997,12.5214,11.0704,18261.0977,9971.6387
2010-02-01,nacional,67.4897,58.7434,12.9594,11.6641,18153.8340,10046.8540
2010-03-01,nacional,67.1066,58.2621,13.1798,12.2646,18037.7363,10183.6743
2010-04-01,nacional,67.4575,59.1152,12.3667,12.3588,18328.9233,10089.9617
2010-05-01,nacional,67.3735,59.1385,12.2230,12.3483,18363.0060,10130.7970
2010-06-01,nacional,67.7520,59.4671,12.2282,12.2523,18493.2133,10028.5540
2010-07-01,nacional,67.5126,59.1629,12.3676,12.5012,18425.3193,10117.6560
2010-08-01,nacional,67.4971,59.3482,12.0730,12.8026,18510.2430,10137.4193
2010-09-01,nacional,67.6883,59.7700,11.6981,13.0321,18669.0657,10092.5053
2010-10-01,nacional,68.0666,60.6505,10.8954,13.2798,18972.7140,9989.4083
2010-11-01,nacional,68.4844,61.1217,10.7509,13.0117,19148.6707,9873.4497
2010-12-01,nacional,68.2979,60.8742,10.8695,12.6746,19099.0887,9946.4360
2011-01-01,nacional,67.9884,59.8181,12.0173,12.0759,18795.4553,10058.3767
2011-02-01,nacional,67.5690,58.9506,12.7549,11.9956,18550.1363,10205.1513
2011-03-01,nacional,67.4591,58.9170,12.6625,12.0592,18566.1837,10254.4393
2011-04-01,nacional,67.3249,59.3902,11.7856,12.1825,18742.0540,10311.4417
2011-05-01,nacional,67.6145,60.0010,11.2601,11.9794,18961.5633,10234.4933
2011-06-01,nacional,67.6781,60.0382,11.2886,11.7572,19001.1457,10229.3640
2011-07-01,nacional,67.8304,60.0760,11.4320,11.8405,19039.8693,10195.4877
2011-08-01,nacional,67.4398,59.9847,11.0545,11.7104,19037.9820,10333.9717
2011-09-01,nacional,67.6700,60.4418,10.6815,11.6954,19210.1200,10275.3963
2011-10-01,nacional,68.5936,61.8090,9.8910,11.6986,19672.9417,9996.2320
2011-11-01,nacional,69.4572,62.7962,9.5901,11.9354,20015.6077,9735.1927
2011-12-01,nacional,69.5548,62.8518,9.6370,12.0381,20061.3367,9717.6270
2012-01-01,nacional,68.8244,61.4063,10.7784,11.6743,19627.5447,9964.7723
2012-02-01,nacional,68.5877,60.6003,11.6456,11.9398,19397.0463,10054.4863
2012-03-01,nacional,68.6705,60.5764,11.7868,11.9902,19416.1937,10041.8497
2012-04-01,nacional,68.8033,61.0828,11.2212,12.4884,19605.4010,10013.0213
2012-05-01,nacional,68.9069,61.4223,10.8620,12.5019,19741.1360,9993.3330
2012-06-01,nacional,69.1430,61.6939,10.7735,12.7200,19856.0610,9931.2617
2012-07-01,nacional,68.9115,61.4721,10.7955,12.8061,19811.1963,10019.1973
2012-08-01,nacional,68.6722,61.4886,10.4607,12.5790,19843.4447,10110.0153
2012-09-01,nacional,68.0443,60.9476,10.4295,12.3985,19695.3147,10326.5390
2012-10-01,nacional,68.3560,61.6818,9.7638,11.9684,19959.9710,10239.8780
2012-11-01,nacional,68.2379,61.6951,9.5882,11.7094,19991.3553,10292.0373
2012-12-01,nacional,68.4687,61.9485,9.5229,11.2824,20100.2687,10230.8837
2013-01-01,nacional,68.0318,60.8346,10.5792,11.1070,19765.3553,10386.5620
2013-02-01,nacional,67.8432,60.0907,11.4271,11.4182,19549.8397,10461.8427
2013-03-01,nacional,67.3148,59.5175,11.5834,11.6553,19388.6357,10647.6447
2013-04-01,nacional,67.2289,59.8672,10.9502,11.8604,19528.0117,10689.5857
2013-05-01,nacional,67.5657,60.6633,10.2158,11.7264,19813.3087,10593.3887
2013-06-01,nacional,67.8221,61.0897,9.9266,11.7580,19979.4143,10523.7993
2013-07-01,nacional,67.9775,61.2939,9.8320,11.6831,20071.9367,10486.4347
2013-08-01,nacional,67.8134,61.1821,9.7788,11.5291,20061.3807,10553.8703
2013-09-01,nacional,67.8147,61.2603,9.6651,11.3342,20112.9730,10567.0753
2013-10-01,nacional,68.1842,62.0604,8.9813,11.0547,20402.7920,10459.6720
2013-11-01,nacional,68.0601,62.1813,8.6378,10.7919,20469.4660,10514.2877
2013-12-01,nacional,68.0936,62.3289,8.4658,10.6826,20544.6397,10516.8547
2014-01-01,nacional,67.4246,60.9499,9.6028,10.5239,20164.5313,10777.1823
2014-02-01,nacional,67.1393,60.1419,10.4223,10.6469,19970.7560,10911.7417
2014-03-01,nacional,66.8116,59.5808,10.8227,10.4952,19856.8640,11060.9087
2014-04-01,nacional,66.9541,60.2071,10.0769,10.3969,20091.3173,11027.5423
2014-05-01,nacional,67.1474,60.8324,9.4047,10.2624,20325.6737,10976.9227
2014-06-01,nacional,67.4989,61.2489,9.2595,10.8468,20491.7443,10873.7287
2014-07-01,nacional,67.2798,60.9657,9.3848,10.9519,20422.3817,10960.6757
2014-08-01,nacional,67.3924,61.0475,9.4149,10.7664,20475.5897,10936.7080
2014-09-01,nacional,67.3551,61.1932,9.1484,10.6151,20550.1857,10962.9843
2014-10-01,nacional,68.1511,62.2793,8.6160,11.1159,20942.2597,10709.6193
2014-11-01,nacional,68.2634,62.6300,8.2524,11.1236,21087.5050,10685.7243
2014-12-01,nacional,68.0587,62.3462,8.3935,10.5578,21018.7770,10768.3770
2015-01-01,nacional,67.1835,60.8628,9.4082,10.0753,20545.2537,11077.7520
2015-02-01,nacional,66.7704,60.0014,10.1377,10.0231,20280.7693,11231.7937
2015-03-01,nacional,66.7370,59.9530,10.1653,10.1976,20290.2467,11257.3873
2015-04-01,nacional,67.2272,60.7090,9.6958,10.3976,20572.3973,11105.6913
2015-05-01,nacional,67.4909,61.1722,9.3623,10.9012,20755.8230,11030.3693
2015-06-01,nacional,67.6507,61.4578,9.1542,11.2677,20880.5787,10990.8223
2015-07-01,nacional,67.2995,61.2552,8.9813,11.1685,20838.2007,11124.2760
2015-08-01,nacional,67.2597,61.2003,9.0089,11.0023,20846.6457,11152.3253
2015-09-01,nacional,67.2843,61.0952,9.1984,10.7036,20837.9697,11158.4857
2015-10-01,nacional,67.9893,61.9163,8.9323,10.6024,21146.9463,10932.9537
2015-11-01,nacional,68.1957,62.4987,8.3539,10.2162,21374.9913,10877.2867
2015-12-01,nacional,68.2232,62.5783,8.2741,10.1585,21431.1420,10882.5613
2016-01-01,nacional,67.5607,61.1335,9.5132,10.3813,20965.0887,11124.7307
2016-02-01,nacional,67.1382,60.1192,10.4545,10.8885,20645.7003,11285.1703
2016-03-01,nacional,66.6862,59.3463,11.0066,10.8597,20408.1583,11456.0400
2016-04-01,nacional,66.8021,60.0910,10.0463,10.5523,20692.5200,11431.8090
2016-05-01,nacional,66.6513,60.2059,9.6703,10.3186,20760.3090,11499.3510
2016-06-01,nacional,67.0373,60.8370,9.2491,10.3458,21007.3360,11382.1723
2016-07-01,nacional,66.5749,60.2233,9.5406,10.3301,20823.1140,11557.2113
2016-08-01,nacional,66.6858,60.3253,9.5381,10.0961,20886.5520,11534.4277
2016-09-01,nacional,66.3787,60.1212,9.4269,10.0231,20843.9537,11656.4773
2016-10-01,nacional,67.0639,61.0935,8.9025,9.9392,21210.8443,11434.9707
2016-11-01,nacional,67.2324,61.5735,8.4168,9.8171,21407.4820,11392.4247
2016-12-01,nacional,67.3767,61.6504,8.4990,9.4774,21464.0030,11358.0310
2017-01-01,nacional,66.7354,60.3284,9.6006,9.3581,21033.5127,11597.7313
2017-02-01,nacional,66.4481,59.3787,10.6389,9.6300,20732.0837,11714.6450
2017-03-01,nacional,66.1026,58.8889,10.9129,9.7036,20590.1370,11852.0273
2017-04-01,nacional,66.3612,59.7465,9.9678,9.7512,20919.9837,11778.4670
2017-05-01,nacional,66.3724,59.9849,9.6237,9.5189,21033.7637,11791.5753
2017-06-01,nacional,66.9123,60.6796,9.3147,10.0199,21309.7753,11619.8913
2017-07-01,nacional,66.5782,60.1990,9.5815,10.0918,21172.2733,11754.5977
2017-08-01,nacional,66.6024,60.2918,9.4751,10.0856,21237.3277,11764.0610
2017-09-01,nacional,66.1474,59.7527,9.6675,9.6056,21080.3270,11942.9520
2017-10-01,nacional,66.5609,60.3942,9.2647,9.3032,21341.7457,11816.5237
2017-11-01,nacional,66.5577,60.5578,9.0145,9.0778,21435.4957,11837.4893
2017-12-01,nacional,66.5900,60.7266,8.8053,8.9103,21531.5587,11846.0437
2018-01-01,nacional,65.9507,59.4023,9.9294,8.7847,21098.9130,12093.8557
2018-02-01,nacional,65.5111,58.4755,10.7395,8.9153,20807.0870,12272.0230
2018-03-01,nacional,65.1754,57.9851,11.0323,9.1866,20669.7973,12413.8183
2018-04-01,nacional,65.5007,58.8027,10.2259,9.5592,21000.0923,12320.6540
2018-05-01,nacional,65.7351,59.2754,9.8269,9.5307,21208.9873,12260.1063
2018-06-01,nacional,66.0495,59.6613,9.6719,9.4975,21390.1053,12172.1207
2018-07-01,nacional,65.7711,59.3415,9.7758,9.5251,21318.1463,12296.5577
2018-08-01,nacional,65.7630,59.4548,9.5923,9.6070,21403.3733,12325.1373
2018-09-01,nacional,65.6962,59.3150,9.7132,9.9578,21398.7527,12375.5800
2018-10-01,nacional,65.9705,59.7120,9.4868,9.9992,21590.0093,12303.9923
2018-11-01,nacional,65.5710,59.4449,9.3426,10.0630,21542.0863,12476.6290
2018-12-01,nacional,65.7639,59.5480,9.4518,9.8727,21628.1673,12434.7453
2019-01-01,nacional,65.3254,58.3447,10.6860,10.1427,21239.8663,12622.9807
2019-02-01,nacional,65.6125,57.9301,11.7088,10.3616,21137.5237,12547.3013
2019-03-01,nacional,65.1208,57.2314,12.1151,10.5041,20929.6553,12755.4013
2019-04-01,nacional,64.8503,57.5132,11.3140,10.5008,21079.8543,12883.1243
2019-05-01,nacional,64.5819,57.5226,10.9309,10.6710,21129.5660,13009.9983
2019-06-01,nacional,64.6423,57.8931,10.4409,10.7851,21313.4490,13017.0090
2019-07-01,nacional,64.7056,57.8152,10.6488,10.4761,21330.2723,13021.4513
2019-08-01,nacional,64.4948,57.5746,10.7298,10.2925,21286.5117,13127.0087
2019-09-01,nacional,64.2258,57.1016,11.0923,10.2042,21155.1920,13253.7457
2019-10-01,nacional,64.6106,57.6959,10.7021,10.4576,21419.3577,13138.1607
2019-11-01,nacional,64.9325,58.3238,10.1777,10.5300,21695.9073,13044.7660
2019-12-01,nacional,65.0372,58.6001,9.8977,10.5307,21840.9560,13031.0460
2020-01-01,nacional,64.5162,57.4195,10.9999,10.5735,21442.3273,13250.8087
2020-02-01,nacional,64.2884,56.5292,12.0695,10.5727,21150.1010,13361.3020
2020-10-01,nacional,61.5325,51.4904,16.3199,9.6834,19529.6177,14590.1907
2020-11-01,nacional,62.1890,52.7645,15.1547,9.8756,20042.5043,14362.4277
2020-12-01,nacional,62.6598,53.6532,14.3738,9.9899,20409.6250,14204.1703
2021-01-01,nacional,61.7944,52.4565,15.1112,9.2507,19983.4810,14554.5250
2021-02-01,nacional,61.8972,52.1971,15.6714,8.4149,19913.3877,14536.3737
2021-03-01,nacional,61.6205,51.7936,15.9475,7.4689,19787.2103,14662.4687
2021-04-01,nacional,61.7108,52.2894,15.2671,7.3815,20004.1573,14648.1627
2021-05-01,nacional,61.3563,52.0680,15.1383,7.5434,19946.4380,14803.7767
2021-06-01,nacional,61.2306,51.9773,15.1123,7.8395,19939.2570,14872.4990
2021-07-01,nacional,61.2436,52.4831,14.3044,7.8225,20159.4170,14886.8363
2021-08-01,nacional,61.2003,52.9251,13.5215,7.7874,20355.4507,14922.6790
2021-09-01,nacional,61.1002,53.3849,12.6274,7.5549,20558.2067,14980.0773
2021-10-01,nacional,61.4319,53.8931,12.2718,7.6016,20780.7357,14871.5373
2021-11-01,nacional,61.7222,54.4213,11.8287,7.4777,21010.8817,14778.2273
2021-12-01,nacional,62.2396,55.0570,11.5402,7.6067,21282.2917,14596.2777
2022-01-01,nacional,62.4125,54.6550,12.4294,7.4536,21152.7250,14547.2150
2022-02-01,nacional,63.0717,54.9450,12.8849,7.9285,21290.6710,14309.3593
2022-03-01,nacional,63.4205,55.0392,13.2154,8.1979,21352.1777,14190.8500
2022-04-01,nacional,63.7511,56.0583,12.0669,8.5532,21772.7143,14078.8683
2022-05-01,nacional,63.6226,56.4262,11.3111,8.2627,21940.6620,14144.9053
2022-06-01,nacional,63.6733,56.6528,11.0257,8.2679,22054.9177,14141.9760
2022-07-01,nacional,63.6531,56.6728,10.9661,8.2150,22087.4733,14165.7240
2022-08-01,nacional,63.5530,56.5872,10.9605,8.4694,22079.2203,14220.8947
2022-09-01,nacional,63.7100,56.8361,10.7893,8.5720,22201.4663,14175.6813
2022-10-01,nacional,63.8584,57.2387,10.3663,8.5054,22385.1290,14134.4023
2022-11-01,nacional,63.8268,57.4494,9.9918,8.2759,22493.8867,14163.3503
2022-12-01,nacional,63.7146,57.4500,9.8323,7.9282,22520.1587,14223.7130
2023-01-01,nacional,63.5250,56.4363,11.1589,7.8268,22148.6640,14314.7823
2023-02-01,nacional,63.6482,56.1549,11.7730,7.9473,22064.1353,14283.1750
2023-03-01,nacional,63.8248,56.3660,11.6864,8.2157,22172.6517,14230.1800
2023-04-01,nacional,64.2328,57.3591,10.7013,8.3200,22589.4487,14086.0290
2023-05-01,nacional,64.2667,57.5757,10.4112,8.1672,22701.0360,14089.0003
2023-06-01,nacional,64.2668,57.7243,10.1802,8.1334,22787.2217,14106.0293
2023-07-01,nacional,64.3293,58.0287,9.7942,8.1383,22933.8338,14097.6125
2023-08-01,nacional,64.5243,58.4605,9.3978,8.3570,23131.7082,14037.0565
2023-09-01,nacional,64.4774,58.4372,9.3680,8.3692,23149.8199,14072.2382
2023-10-01,nacional,64.2237,58.2807,9.2537,8.3640,23116.4823,14190.3168
2023-11-01,nacional,64.1037,58.2295,9.1636,8.1942,23124.6374,14255.4729
2023-12-01,nacional,63.9807,57.9557,9.4169,7.7667,23043.8814,14321.6770
2024-01-01,nacional,63.7254,56.9997,10.5542,7.5537,22691.4886,14440.8814
2024-02-01,nacional,63.6333,56.3509,11.4443,7.5791,22460.6204,14495.2040
2024-03-01,nacional,63.6544,56.0998,11.8681,7.9074,22387.5368,14504.2720
2024-04-01,nacional,63.8877,56.7331,11.1987,8.2220,22667.5487,14428.5685
2024-05-01,nacional,63.9886,57.1130,10.7452,8.2507,22846.6004,14405.4391
2024-06-01,nacional,63.9263,57.2735,10.4070,8.2011,22938.8950,14448.0578
2024-07-01,nacional,63.9926,57.4885,10.1638,7.9853,23051.6767,14438.2220
2024-08-01,nacional,64.1226,57.7434,9.9483,7.6934,23180.9373,14402.8977
2024-09-01,nacional,64.0502,57.9186,9.5731,7.6628,23278.0567,14448.5594
2024-10-01,nacional,63.9633,58.0073,9.3116,7.8042,23341.4310,14500.7092
2024-11-01,nacional,63.7085,58.0946,8.8118,7.8389,23403.8938,14620.3377
2024-12-01,nacional,64.0040,58.3649,8.8106,7.5313,23539.6829,14517.8911
2025-01-01,nacional,64.0741,57.8929,9.6469,7.3811,23376.2593,14506.3029
2025-02-01,nacional,64.3869,57.7147,10.3627,7.2891,23330.9978,14396.4754
2025-03-01,nacional,64.5058,57.7176,10.5234,7.3989,23358.2350,14364.4769
2025-04-01,nacional,64.3741,58.2072,9.5798,7.2597,23582.6496,14433.8071
2025-05-01,nacional,64.1393,58.2723,9.1472,7.3462,23635.1013,14545.0285
2025-06-01,nacional,63.8609,58.2469,8.7910,7.4690,23651.9544,14674.7751
2025-07-01,nacional,64.1585,58.5056,8.8109,7.6034,23782.9431,14569.8063
2025-08-01,nacional,64.1503,58.5914,8.6654,7.6320,23844.2789,14589.3356
2025-09-01,nacional,64.1464,58.6691,8.5388,7.3015,23902.2433,14607.0275
2025-10-01,nacional,64.2800,58.9291,8.3244,7.0732,24035.7662,14569.3441
2025-11-01,nacional,64.5386,59.5051,7.7992,7.0357,24298.3680,14480.3178
2025-12-01,nacional,64.6841,59.6806,7.7353,6.9255,24397.3027,14437.0445
2026-01-01,nacional,64.2112,58.6825,8.6102,6.9533,24016.4321,14646.9204
2026-02-01,nacional,64.2105,58.2057,9.3517,6.8350,23848.2049,14663.7896
2026-03-01,nacional,64.4453,58.2456,9.6201,6.7774,23890.9880,14583.7302
2026-04-01,nacional,64.8266,59.0336,8.9362,6.8081,24241.0227,14443.2703
2026-05-01,nacional,64.9026,59.3655,8.5314,6.8725,24404.0763,14427.8995
2026-06-01,nacional,64.7422,59.3841,8.2760,7.1666,24439.6746,14510.4175
2026-07-01,nacional,64.7513,59.5384,8.0507,7.0148,24529.5998,14522.3254
2026-08-01,nacional,64.1999,58.7475,8.4928,6.8804,24230.3378,14765.6965
2007-03-01,rural,58.9896,53.8500,8.7127,6.7370,3736.7297,2845.7677
2007-04-01,rural,60.5003,55.7687,7.8209,6.7170,3873.2380,2743.3270
2007-05-01,rural,59.6675,55.0367,7.7609,7.2362,3825.6693,2803.5647
2007-06-01,rural,60.2921,55.6238,7.7428,7.1818,3869.8947,2762.5787
2007-07-01,rural,58.6787,53.4450,8.9193,7.1703,3722.8973,2878.3753
2007-08-01,rural,58.7600,53.9436,8.1969,6.2319,3762.3007,2876.2867
2007-09-01,rural,59.1694,54.3030,8.2245,6.4105,3791.9647,2851.1883
2007-10-01,rural,60.7787,56.3705,7.2528,6.9120,3939.5203,2741.0310
2007-11-01,rural,62.0671,57.6368,7.1380,8.0556,4031.0480,2652.9803
2007-12-01,rural,62.0614,57.6631,7.0870,8.2416,4035.7507,2655.2630
2008-01-01,rural,60.4730,55.5651,8.1158,8.0465,3891.6243,2768.3600
2008-02-01,rural,60.0704,54.8032,8.7684,8.1013,3840.9233,2798.4960
2008-03-01,rural,60.6712,55.2803,8.8855,7.6967,3877.0117,2758.2737
2008-04-01,rural,61.4934,56.5643,8.0157,7.7866,3969.8373,2702.4993
2008-05-01,rural,61.0514,56.6626,7.1888,7.2616,3979.6243,2735.5020
2008-06-01,rural,59.1748,54.6059,7.7211,7.3918,3838.2167,2869.5837
2008-07-01,rural,58.5227,53.4502,8.6675,7.1098,3763.8927,2920.7767
2008-08-01,rural,57.9248,52.2787,9.7473,6.5637,3688.5353,2968.6273
2008-09-01,rural,59.1770,53.4918,9.6071,5.9508,3781.6897,2886.0537
2008-10-01,rural,59.2661,54.5288,7.9933,5.9036,3859.0500,2882.7757
2008-11-01,rural,59.1793,54.4491,7.9929,5.8876,3857.3890,2891.8980
2008-12-01,rural,60.0342,55.2670,7.9409,6.3650,3919.2633,2834.1777
2009-01-01,rural,60.1341,54.5339,9.3129,6.1691,3871.2557,2830.0033
2009-02-01,rural,61.3544,55.7865,9.0750,6.5222,3964.2160,2746.1753
2009-03-01,rural,61.3866,56.0978,8.6155,6.6609,3990.3513,2746.6510
2009-04-01,rural,62.8456,57.6762,8.2255,7.6586,4106.7580,2645.5320
2009-05-01,rural,63.9925,58.6972,8.2749,8.4147,4183.7307,2566.4857
2009-06-01,rural,64.1442,59.1835,7.7336,9.0938,4223.0047,2558.4687
2009-07-01,rural,64.3250,59.0894,8.1392,8.8024,4220.4350,2548.0710
2009-08-01,rural,63.5711,58.6068,7.8091,8.6585,4190.2123,2604.5613
2009-09-01,rural,63.6759,58.0466,8.8406,8.2965,4154.3473,2599.6847
2009-10-01,rural,64.9363,59.4590,8.4347,8.5493,4260.2037,2512.2957
2009-11-01,rural,66.0718,60.3821,8.6113,8.4268,4331.1240,2433.6260
2009-12-01,rural,66.5820,61.0316,8.3362,8.7036,4382.4457,2399.6213
2010-01-01,rural,65.3333,59.5373,8.8715,8.7438,4279.8317,2492.0133
2010-02-01,rural,65.1530,59.1916,9.1498,9.4204,4259.6513,2507.7173
2010-03-01,rural,65.5871,59.5164,9.2560,9.8757,4287.6490,2479.1573
2010-04-01,rural,66.4795,60.4018,9.1423,10.4660,4356.1380,2417.4777
2010-05-01,rural,66.4264,60.4052,9.0644,10.3927,4361.0830,2423.9220
2010-06-01,rural,65.9518,60.0582,8.9362,10.0739,4340.9677,2460.9817
2010-07-01,rural,65.1637,59.4895,8.7076,9.9299,4304.2880,2520.5387
2010-08-01,rural,64.5503,58.9021,8.7501,10.4638,4266.3000,2567.6330
2010-09-01,rural,65.4768,59.7808,8.6994,10.6667,4334.4420,2503.1233
2010-10-01,rural,66.1822,60.5481,8.5130,10.6420,4395.0527,2454.7570
2010-11-01,rural,66.7286,60.9751,8.6222,10.3365,4430.9323,2417.7607
2010-12-01,rural,65.8515,59.9270,8.9968,10.3577,4359.4393,2484.1643
2011-01-01,rural,65.2654,59.0466,9.5285,10.1958,4300.0693,2529.5483
2011-02-01,rural,64.6213,58.4406,9.5644,9.4533,4260.5480,2579.2463
2011-03-01,rural,64.5372,59.0180,8.5519,9.1077,4307.2070,2588.1187
2011-04-01,rural,64.2802,59.1458,7.9875,9.2449,4321.0880,2609.6253
2011-05-01,rural,64.9018,59.8947,7.7148,9.7411,4380.3947,2566.9037
2011-06-01,rural,64.1695,58.7691,8.4159,9.8966,4302.8270,2623.3553
2011-07-01,rural,64.4091,58.8079,8.6962,9.8949,4310.0697,2608.4787
2011-08-01,rural,64.0879,58.5688,8.6117,9.2020,4297.0480,2634.7807
2011-09-01,rural,64.3397,59.0233,8.2630,8.8009,4334.8443,2619.0007
2011-10-01,rural,65.6347,61.1339,6.8574,8.6093,4494.7867,2526.6663
2011-11-01,rural,66.9343,62.9533,5.9477,8.8377,4633.5097,2433.7173
2011-12-01,rural,67.5533,63.3373,6.2410,9.0889,4666.6563,2390.6500
2012-01-01,rural,66.6510,61.6595,7.4890,8.9694,4547.8523,2459.7420
2012-02-01,rural,66.3407,60.6487,8.5799,9.6054,4478.0213,2485.2523
2012-03-01,rural,67.1863,61.8498,7.9429,9.7867,4571.4957,2425.3507
2012-04-01,rural,67.2040,62.1771,7.4801,9.9284,4600.4773,2426.5717
2012-05-01,rural,67.1450,62.5110,6.9015,10.0232,4629.9650,2433.4540
2012-06-01,rural,66.9818,62.4972,6.6953,10.2803,4633.9290,2448.1733
2012-07-01,rural,65.8791,61.2232,7.0673,11.4853,4544.0240,2532.4767
2012-08-01,rural,65.2986,60.8309,6.8419,11.5148,4519.5650,2578.2147
2012-09-01,rural,64.3429,59.5852,7.3943,11.3865,4431.5010,2651.9050
2012-10-01,rural,66.0166,61.9985,6.0865,10.1413,4615.9410,2530.1483
2012-11-01,rural,65.6074,61.8448,5.7351,9.7175,4609.3100,2563.2900
2012-12-01,rural,65.9366,62.1104,5.8028,9.5836,4633.8750,2541.3757
2013-01-01,rural,64.8918,60.5091,6.7539,9.7413,4519.0853,2622.0377
2013-02-01,rural,64.8824,59.9887,7.5424,9.7573,4484.8727,2625.4607
2013-03-01,rural,64.2791,59.7526,7.0420,9.5208,4471.7370,2673.2640
2013-04-01,rural,64.2014,59.6805,7.0416,9.4804,4470.8587,2681.7900
2013-05-01,rural,64.5661,60.3811,6.4817,9.2548,4527.9303,2657.1640
2013-06-01,rural,64.6825,60.6865,6.1777,9.2370,4555.7073,2651.2690
2013-07-01,rural,64.8145,60.8384,6.1345,9.4119,4571.6083,2643.9623
2013-08-01,rural,64.5065,60.3743,6.4058,9.3761,4541.2873,2669.7777
2013-09-01,rural,64.6406,60.1048,7.0170,9.6218,4525.4983,2662.3300
2013-10-01,rural,65.9481,61.9627,6.0431,8.6572,4670.3293,2566.6037
2013-11-01,rural,66.1705,62.5458,5.4778,8.6834,4719.1750,2552.4917
2013-12-01,rural,65.9426,62.4813,5.2490,8.6319,4719.1140,2572.3017
2014-01-01,rural,64.0540,60.0624,6.2316,8.8404,4541.1277,2717.7587
2014-02-01,rural,63.3386,58.7299,7.2763,9.0687,4444.9773,2774.7263
2014-03-01,rural,63.2988,58.5186,7.5517,8.9797,4433.4830,2780.5513
2014-04-01,rural,63.3889,58.9635,6.9813,9.3168,4471.7380,2776.5490
2014-05-01,rural,63.8651,60.0831,5.9219,9.1793,4561.2280,2743.1930
2014-06-01,rural,64.2510,60.6870,5.5471,9.9560,4611.9740,2716.7820
2014-07-01,rural,63.7686,60.2106,5.5795,9.6580,4580.1477,2756.0787
2014-08-01,rural,63.7134,59.7345,6.2450,9.4765,4548.4230,2763.0017
2014-09-01,rural,63.2841,59.3071,6.2843,8.7911,4520.2663,2798.4097
2014-10-01,rural,65.0867,61.3561,5.7317,9.1367,4681.4217,2663.8603
2014-11-01,rural,65.1684,61.8375,5.1113,8.4748,4723.0823,2660.4003
2014-12-01,rural,64.9506,61.4138,5.4453,7.7804,4695.5320,2679.7823
2015-01-01,rural,63.2876,59.2242,6.4205,7.6395,4532.8433,2809.8607
2015-02-01,rural,63.0139,58.5448,7.0923,8.2594,4485.5247,2833.7617
2015-03-01,rural,63.4795,59.4698,6.3166,8.6498,4561.0800,2800.9697
2015-04-01,rural,64.4619,60.8549,5.5956,8.5699,4672.1537,2728.4500
2015-05-01,rural,64.9275,61.4674,5.3292,8.7345,4724.1053,2695.5147
2015-06-01,rural,65.1613,61.7154,5.2882,9.1558,4748.4667,2680.5373
2015-07-01,rural,64.4228,60.5398,6.0273,9.4055,4662.6950,2740.1043
2015-08-01,rural,64.0346,59.8482,6.5377,9.5807,4614.2543,2772.9080
2015-09-01,rural,64.2352,59.4499,7.4496,9.3849,4588.3113,2760.3113
2015-10-01,rural,65.2967,60.8927,6.7446,8.7951,4705.0740,2681.4643
2015-11-01,rural,65.9378,62.1534,5.7393,8.7672,4807.9107,2634.9033
2015-12-01,rural,65.8210,62.3790,5.2293,8.9294,4830.7170,2646.8660
2016-01-01,rural,64.7413,61.0843,5.6486,9.9566,4735.7983,2733.5687
2016-02-01,rural,63.7875,59.7796,6.2832,10.0088,4639.9040,2810.6983
2016-03-01,rural,63.0179,58.9661,6.4296,9.6406,4581.8940,2873.6510
2016-04-01,rural,63.9821,60.0131,6.2033,9.0100,4668.4723,2801.8600
2016-05-01,rural,65.0240,61.0990,6.0362,8.7435,4758.2227,2723.8290
2016-06-01,rural,65.9447,62.2837,5.5517,8.7059,4856.1070,2655.2067
2016-07-01,rural,64.5504,60.8902,5.6703,8.5617,4752.4033,2766.8000
2016-08-01,rural,64.0602,60.3754,5.7521,8.5437,4717.2483,2808.0430
2016-09-01,rural,63.2738,59.4479,6.0466,8.7532,4649.6113,2872.4737
2016-10-01,rural,65.1831,61.7014,5.3414,8.6670,4831.3763,2726.2523
2016-11-01,rural,65.5109,62.4146,4.7264,8.3930,4892.6957,2703.6110
2016-12-01,rural,65.4439,62.2610,4.8634,8.0667,4886.0980,2711.8840
2017-01-01,rural,64.0997,60.4053,5.7635,8.3489,4745.8703,2820.5843
2017-02-01,rural,63.5565,59.2130,6.8341,8.7360,4657.5970,2866.5857
2017-03-01,rural,63.5205,59.1638,6.8588,8.8007,4659.1213,2872.7397
2017-04-01,rural,64.3813,60.6075,5.8618,8.3647,4778.5260,2808.3123
2017-05-01,rural,65.0201,61.5095,5.3992,7.8073,4855.6300,2761.3513
2017-06-01,rural,65.7503,62.6816,4.6672,7.9973,4954.7620,2707.3230
2017-07-01,rural,65.0497,61.6584,5.2135,8.0578,4880.0090,2766.1720
2017-08-01,rural,64.4284,61.1101,5.1503,8.5167,4843.0647,2819.0990
2017-09-01,rural,64.1445,60.4686,5.7305,8.2305,4798.8447,2845.5277
2017-10-01,rural,65.1608,61.9057,4.9956,7.8813,4920.3757,2769.0820
2017-11-01,rural,65.7457,62.7702,4.5257,7.4789,4996.7603,2726.7813
2017-12-01,rural,65.3517,62.3551,4.5853,7.4603,4971.2640,2762.3380
2018-01-01,rural,63.8962,60.2244,5.7465,7.6016,4808.7993,2882.8120
2018-02-01,rural,63.0119,59.0923,6.2205,7.9803,4725.6153,2957.9407
2018-03-01,rural,62.4194,58.6326,6.0667,8.3922,4695.8153,3009.7827
2018-04-01,rural,63.1184,59.5964,5.5799,9.1226,4779.9893,2958.1290
2018-05-01,rural,63.4522,60.0637,5.3402,9.1670,4824.3967,2935.5693
2018-06-01,rural,64.3917,61.1810,4.9862,8.8691,4921.2433,2864.2390
2018-07-01,rural,63.6835,60.3178,5.2850,8.5962,4858.1073,2924.9933
2018-08-01,rural,63.9745,60.5429,5.3641,8.4660,4882.2847,2905.1570
2018-09-01,rural,63.1878,59.6022,5.6744,8.9448,4812.1243,2972.1173
2018-10-01,rural,64.1184,60.8325,5.1247,9.1040,4917.3347,2900.4513
2018-11-01,rural,62.8470,59.7810,4.8786,9.1703,4837.7997,3006.6160
2018-12-01,rural,63.8208,60.6759,4.9278,9.1844,4915.3623,2930.8820
2019-01-01,rural,62.5815,58.8970,5.8875,9.3471,4776.1213,3034.3717
2019-02-01,rural,63.3626,59.1065,6.7172,9.1485,4797.7900,2973.9270
2019-03-01,rural,62.0727,57.5673,7.2582,8.7166,4677.1790,3081.4853
2019-04-01,rural,61.8494,57.4201,7.1615,8.9143,4669.3867,3102.3960
2019-05-01,rural,61.6757,57.3993,6.9336,9.2533,4671.7430,3119.2253
2019-06-01,rural,62.1867,58.3358,6.1924,9.8439,4752.2540,3080.4117
2019-07-01,rural,61.5868,57.5628,6.5340,9.4937,4693.1713,3131.8773
2019-08-01,rural,61.4098,57.1831,6.8827,9.7759,4666.1927,3148.9977
2019-09-01,rural,60.9422,55.9190,8.2426,9.1210,4566.8397,3189.8070
2019-10-01,rural,62.6349,57.9777,7.4355,8.9101,4739.1520,3054.2630
2019-11-01,rural,62.2674,58.0650,6.7489,8.8310,4750.3800,3086.9587
2019-12-01,rural,62.5836,58.9531,5.8012,9.3351,4827.0967,3063.6643
2020-01-01,rural,61.1096,57.0252,6.6837,9.8705,4673.2507,3187.0907
2020-02-01,rural,61.1027,56.5455,7.4583,9.7579,4637.9320,3190.4107
2020-10-01,rural,59.5705,54.1593,9.0836,7.5074,4470.1423,3336.9273
2020-11-01,rural,59.1536,54.4681,7.9210,7.6187,4498.6573,3373.6113
2020-12-01,rural,60.0089,55.4363,7.6199,7.8591,4581.6037,3305.1140
2021-01-01,rural,57.5913,52.9223,8.1072,8.2622,4376.7667,3507.2693
2021-02-01,rural,57.8831,53.0156,8.4092,7.9047,4387.4360,3485.4827
2021-03-01,rural,57.3848,52.3392,8.7925,7.4107,4334.3340,3529.0657
2021-04-01,rural,58.3970,53.3346,8.6689,7.4217,4419.6310,3447.4790
2021-05-01,rural,58.2082,52.7515,9.3745,7.3507,4374.1810,3465.3993
2021-06-01,rural,58.2226,52.4225,9.9619,7.6082,4349.9303,3466.6207
2021-07-01,rural,58.1488,52.7207,9.3349,7.0626,4377.4093,3474.9147
2021-08-01,rural,58.0544,53.0064,8.6953,7.1013,4403.9280,3484.9600
2021-09-01,rural,58.2653,53.6544,7.9136,6.7479,4460.5997,3469.6533
2021-10-01,rural,59.0890,54.2878,8.1254,7.1338,4516.4507,3403.5740
2021-11-01,rural,59.2807,54.5724,7.9422,7.3304,4543.2913,3389.9857
2021-12-01,rural,60.0935,55.2805,8.0091,7.9539,4605.3270,3324.5430
2022-01-01,rural,59.6105,54.4820,8.6033,8.0697,4541.9570,3367.1173
2022-02-01,rural,60.5924,54.9832,9.2574,8.0889,4586.9250,3287.5427
2022-03-01,rural,59.8559,54.3960,9.1217,8.1110,4541.0670,3351.2953
2022-04-01,rural,60.5001,55.3946,8.4388,8.4554,4627.5417,3299.7353
2022-05-01,rural,60.2478,55.6924,7.5611,8.6644,4655.5853,3323.0653
2022-06-01,rural,60.6134,56.1073,7.4341,8.8122,4693.7067,3294.9230
2022-07-01,rural,60.6672,55.9361,7.7983,8.6472,4682.4570,3292.5820
2022-08-01,rural,60.2122,55.3015,8.1556,8.7524,4632.4787,3332.9343
2022-09-01,rural,60.4959,55.4008,8.4222,8.3015,4643.9007,3311.3853
2022-10-01,rural,60.4668,55.7769,7.7562,8.0500,4678.9183,3316.2900
2022-11-01,rural,60.2280,55.7348,7.4603,7.5114,4678.7663,3338.7420
2022-12-01,rural,59.8895,55.5932,7.1738,7.6440,4670.1840,3369.5370
2023-01-01,rural,59.7288,54.9273,8.0389,7.6260,4617.5620,3385.4770
2023-02-01,rural,60.5556,55.6209,8.1490,8.1444,4679.2883,3318.3883
2023-03-01,rural,61.1472,56.0660,8.3099,8.6837,4720.1350,3270.9710
2023-04-01,rural,61.5879,57.0700,7.3356,8.6074,4808.1603,3236.2293
2023-05-01,rural,61.5001,57.1742,7.0340,8.2705,4820.5083,3246.0257
2023-06-01,rural,61.1530,57.0698,6.6770,7.8587,4815.5457,3277.9080
2023-07-01,rural,60.9602,56.8740,6.7031,7.7943,4802.3731,3296.4753
2023-08-01,rural,60.9008,56.7632,6.7940,8.0456,4796.4908,3303.8868
2023-09-01,rural,61.0167,56.7369,7.0142,8.3500,4797.7185,3296.4554
2023-10-01,rural,60.7464,56.4103,7.1379,8.5873,4774.0633,3322.0733
2023-11-01,rural,60.1986,55.7987,7.3090,8.1977,4726.1187,3371.1504
2023-12-01,rural,60.1824,55.8251,7.2402,7.5941,4732.0723,3375.1801
2024-01-01,rural,59.7797,54.9925,8.0080,7.2051,4665.1946,3412.0226
2024-02-01,rural,59.9990,54.8394,8.5995,7.7871,4655.9031,3396.1114
2024-03-01,rural,59.9921,54.5440,9.0814,8.2103,4634.5145,3399.4056
2024-04-01,rural,60.1824,55.1925,8.2914,9.0570,4693.3792,3385.9499
2024-05-01,rural,60.2237,55.6369,7.6162,9.0134,4735.0170,3385.1910
2024-06-01,rural,59.8393,55.4331,7.3633,9.0786,4721.7388,3420.8521
2024-07-01,rural,60.1498,55.8943,7.0748,8.5264,4764.6144,3396.9611
2024-08-01,rural,60.5501,56.3266,6.9753,7.9903,4805.2257,3365.4745
2024-09-01,rural,60.8590,56.9660,6.3969,7.6026,4863.4978,3341.6811
2024-10-01,rural,60.4504,56.4078,6.6875,7.6637,4820.0296,3379.5000
2024-11-01,rural,59.6573,55.7634,6.5270,7.8410,4768.9547,3450.1583
2024-12-01,rural,60.1621,56.0133,6.8960,7.8365,4794.2445,3409.7733
2025-01-01,rural,60.8127,56.3255,7.3787,7.5291,4824.9781,3356.8753
2025-02-01,rural,61.7325,56.9514,7.7448,6.8883,4882.6460,3280.8127
2025-03-01,rural,61.3130,56.5502,7.7680,6.7249,4852.2177,3319.4915
2025-04-01,rural,61.1483,56.7312,7.2237,7.0654,4871.7466,3336.3576
2025-05-01,rural,60.8398,56.4786,7.1684,7.5684,4854.0723,3365.6319
2025-06-01,rural,60.4352,56.3598,6.7435,7.3560,4848.1642,3403.4306
2025-07-01,rural,60.3671,56.3071,6.7256,6.8472,4847.4243,3411.9564
2025-08-01,rural,59.7116,55.6311,6.8338,7.0568,4793.1764,3471.2484
2025-09-01,rural,59.8044,55.7666,6.7517,6.7022,4808.7128,3466.0391
2025-10-01,rural,59.5486,55.6829,6.4917,6.4940,4805.8657,3491.2696
2025-11-01,rural,60.1252,56.9231,5.3256,6.1635,4917.2415,3444.5416
2025-12-01,rural,60.0190,56.6855,5.5541,6.7007,4900.9347,3456.6933
2026-01-01,rural,60.3269,56.5335,6.2880,7.4667,4892.0713,3433.0766
2026-02-01,rural,60.5540,56.2436,7.1182,7.5263,4871.2598,3416.4230
2026-03-01,rural,61.1476,56.7822,7.1390,7.1465,4922.1929,3367.9408
2026-04-01,rural,61.0219,57.0557,6.4997,6.8261,4950.2522,3381.8041
2026-05-01,rural,61.6717,58.0533,5.8672,6.8005,5041.2587,3328.3660
2026-06-01,rural,61.8202,58.1232,5.9802,7.1235,5052.1347,3318.6262
2026-07-01,rural,62.3441,58.8014,5.6825,6.9785,5115.2710,3275.7737
2026-08-01,rural,60.9619,56.9730,6.5432,6.9608,4960.4829,3398.9387
