fecha,sexo,tgp,to,td,ts,ocupados,fuera_ft
2010-01-01,hombres,81.3507,71.4531,12.1666,11.9631,10630.1220,2774.4700
2010-02-01,hombres,80.3512,72.4467,9.8374,12.9717,10794.3820,2927.6220
2010-03-01,hombres,79.9199,72.7619,8.9565,12.5288,10856.2490,2995.9990
2010-04-01,hombres,80.7296,72.7666,9.8639,12.1445,10873.3940,2879.5430
2010-05-01,hombres,80.5683,72.6958,9.7711,12.4455,10878.9820,2907.9680
2010-06-01,hombres,81.1977,73.7631,9.1562,12.0565,11055.8990,2818.1690
2010-07-01,hombres,80.6116,72.3833,10.2073,12.6830,10863.3170,2909.8160
2010-08-01,hombres,80.6998,74.0028,8.2986,13.6346,11123.6610,2901.0900
2010-09-01,hombres,80.9815,74.4334,8.0859,13.1062,11205.5030,2863.1250
2010-10-01,hombres,81.3357,75.1070,7.6580,13.6602,11323.3740,2813.8960
2010-11-01,hombres,81.0242,74.4093,8.1642,12.2309,11235.0640,2865.1570
2010-12-01,hombres,81.5911,75.0280,8.0439,11.6996,11344.8950,2783.5890
2011-01-01,hombres,81.0219,72.5469,10.4601,12.4064,10986.1840,2873.9620
2011-02-01,hombres,80.6224,73.0921,9.3402,12.1210,11085.2420,2938.8280
2011-03-01,hombres,81.0546,74.3299,8.2965,11.7734,11288.1520,2877.1500
2011-04-01,hombres,80.5967,73.6856,8.5749,12.1325,11206.9010,2951.0650
2011-05-01,hombres,81.0780,73.4646,9.3902,11.4846,11189.3620,2882.0090
2011-06-01,hombres,81.0285,73.9642,8.7183,10.9411,11282.4230,2893.8990
2011-07-01,hombres,80.9080,73.6718,8.9438,12.9848,11252.6070,2916.0990
2011-08-01,hombres,79.9169,73.4138,8.1373,11.6105,11229.9700,3072.0710
2011-09-01,hombres,80.7319,74.7972,7.3510,11.0972,11458.2910,2951.7090
2011-10-01,hombres,82.9021,76.9724,7.1526,12.5548,11808.0480,2622.9200
2011-11-01,hombres,81.8024,75.8904,7.2272,11.6591,11658.9190,2795.6680
2011-12-01,hombres,82.2990,76.1936,7.4186,11.5776,11721.6950,2723.1350
2012-01-01,hombres,81.0945,73.6743,9.1501,11.7841,11350.3620,2912.6140
2012-02-01,hombres,81.3219,74.1209,8.8549,13.2335,11435.3730,2881.6660
2012-03-01,hombres,81.4435,74.7571,8.2098,12.0948,11548.8550,2866.7080
2012-04-01,hombres,80.8946,73.6600,8.9433,13.2568,11395.4700,2955.6690
2012-05-01,hombres,81.4428,74.4961,8.5296,13.0257,11540.6190,2874.8030
2012-06-01,hombres,81.5300,75.3423,7.5894,12.5160,11688.4020,2865.3850
2012-07-01,hombres,80.8660,73.8012,8.7364,13.5135,11463.7920,2972.1500
2012-08-01,hombres,81.7453,75.5306,7.6026,12.5961,11749.1030,2839.5930
2012-09-01,hombres,80.4512,73.8242,8.2374,11.4167,11499.6890,3045.1370
2012-10-01,hombres,81.4601,75.7700,6.9852,11.9798,11818.6570,2891.8670
2012-11-01,hombres,80.8920,74.9685,7.3227,11.6125,11709.6560,2984.5600
2012-12-01,hombres,80.9114,75.2710,6.9710,10.7265,11772.4540,2985.4750
2013-01-01,hombres,81.1711,73.5016,9.4485,11.7463,11511.4400,2948.8800
2013-02-01,hombres,80.7682,73.5540,8.9319,11.9257,11535.3420,3016.0930
2013-03-01,hombres,79.6452,72.9541,8.4012,10.9979,11455.2890,3196.1160
2013-04-01,hombres,79.5231,72.9831,8.2240,12.4752,11475.3920,3219.6610
2013-05-01,hombres,80.9735,74.4670,8.0354,12.3467,11724.1820,2995.5540
2013-06-01,hombres,79.4286,73.5218,7.4366,11.2547,11591.3950,3243.2760
2013-07-01,hombres,80.1684,74.1364,7.5243,11.8150,11701.9580,3130.2880
2013-08-01,hombres,79.9597,74.0775,7.3565,11.3054,11708.7150,3167.5780
2013-09-01,hombres,80.0466,74.2732,7.2126,10.8830,11755.4600,3158.0980
2013-10-01,hombres,80.9675,75.7655,6.4247,10.9009,12007.1910,3016.2410
2013-11-01,hombres,79.9915,74.7780,6.5175,10.5005,11866.4230,3175.1280
2013-12-01,hombres,80.9299,76.1584,5.8958,10.8662,12100.8780,3030.0600
2014-01-01,hombres,80.2087,73.4065,8.4806,10.4953,11765.3070,3172.0680
2014-02-01,hombres,79.7792,73.3172,8.0999,11.1801,11766.5620,3245.1960
2014-03-01,hombres,79.2813,73.0824,7.8189,9.4659,11742.9590,3329.1000
2014-04-01,hombres,79.3675,73.5281,7.3575,10.2211,11830.2460,3319.6520
2014-05-01,hombres,80.3545,74.5922,7.1711,10.5756,12016.8720,3164.9030
2014-06-01,hombres,79.7856,74.0358,7.2065,11.7158,11943.2600,3260.9410
2014-07-01,hombres,79.3657,72.9500,8.0836,10.3277,11781.1770,3332.3720
2014-08-01,hombres,80.0195,74.2235,7.2432,10.4943,12002.8760,3231.1050
2014-09-01,hombres,79.7142,74.3137,6.7747,11.0450,12033.3320,3284.8070
2014-10-01,hombres,81.4047,76.2484,6.3342,11.9194,12362.3220,3014.8900
2014-11-01,hombres,80.3789,75.6626,5.8675,9.9299,12283.4040,3185.3820
2014-12-01,hombres,80.3366,74.7769,6.9206,9.5371,12154.8920,3196.2570
2015-01-01,hombres,79.8813,73.1381,8.4415,10.9560,11904.1680,3274.5850
2015-02-01,hombres,79.8980,73.9145,7.4888,9.9842,12046.3060,3276.1510
2015-03-01,hombres,79.1415,73.5178,7.1060,9.9667,11995.7920,3403.4460
2015-04-01,hombres,79.8677,73.7315,7.6829,11.1458,12046.6200,3289.3080
2015-05-01,hombres,79.8637,73.9475,7.4079,11.2622,12097.4830,3294.2110
2015-06-01,hombres,78.9824,74.1892,6.0687,11.1850,12153.4230,3443.0270
2015-07-01,hombres,80.0065,73.9418,7.5802,10.6449,12126.4310,3278.9350
2015-08-01,hombres,79.4366,74.0567,6.7725,10.9787,12161.7790,3376.9790
2015-09-01,hombres,78.6677,72.9740,7.2376,10.3315,12000.1550,3507.9710
2015-10-01,hombres,80.7639,75.6388,6.3458,10.3439,12454.5870,3167.3910
2015-11-01,hombres,80.2804,75.8000,5.5810,9.8961,12497.9310,3251.3700
2015-12-01,hombres,80.5880,75.5470,6.2552,10.1325,12472.4310,3204.8320
2016-01-01,hombres,79.7154,72.6944,8.8076,11.4429,12017.9740,3353.4870
2016-02-01,hombres,79.3582,73.1874,7.7759,11.5215,12116.0100,3417.2100
2016-03-01,hombres,78.4191,71.8827,8.3352,9.8934,11915.1980,3577.2190
2016-04-01,hombres,79.5463,73.8805,7.1227,9.9435,12263.2690,3395.0610
2016-05-01,hombres,78.0085,72.3689,7.2294,10.2151,12028.5990,3655.2610
2016-06-01,hombres,79.4589,73.6264,7.3402,9.8492,12254.9260,3419.0150
2016-07-01,hombres,78.4602,72.1621,8.0271,10.2315,12025.3960,3589.4810
2016-08-01,hombres,79.4714,73.6655,7.3056,9.9847,12293.4520,3425.8610
2016-09-01,hombres,78.1607,72.8111,6.8445,9.6968,12168.1290,3649.7600
2016-10-01,hombres,79.8061,74.4806,6.6731,9.7064,12464.2970,3379.4370
2016-11-01,hombres,79.3640,74.4265,6.2214,9.0152,12472.8950,3458.3170
2016-12-01,hombres,79.8367,74.4064,6.8017,8.4067,12486.8130,3383.7880
2017-01-01,hombres,79.7181,72.1083,9.5459,9.6616,12118.6940,3408.6300
2017-02-01,hombres,78.4623,72.3150,7.8347,10.7154,12171.0630,3624.9350
2017-03-01,hombres,78.1522,72.2909,7.4998,9.2883,12182.9190,3681.9300
2017-04-01,hombres,78.5811,72.7321,7.4432,9.4334,12275.4720,3615.0110
2017-05-01,hombres,78.7983,72.9004,7.4849,9.4376,12321.6660,3583.5190
2017-06-01,hombres,79.1377,73.7744,6.7771,10.5543,12487.6560,3531.3310
2017-07-01,hombres,78.2785,72.5400,7.3308,10.2311,12295.0900,3681.6660
2017-08-01,hombres,78.9018,72.9379,7.5585,9.5230,12381.5130,3581.5130
2017-09-01,hombres,77.9996,72.2371,7.3879,9.2140,12281.6820,3740.4840
2017-10-01,hombres,78.7138,73.2018,7.0026,8.6747,12464.6590,3624.5810
2017-11-01,hombres,79.1343,73.8599,6.6650,8.8437,12596.8480,3558.6630
2017-12-01,hombres,78.5093,73.1203,6.8642,9.0123,12490.3560,3671.0290
2018-01-01,hombres,78.2380,70.9470,9.3189,9.0908,12139.5880,3723.6490
2018-02-01,hombres,78.1911,71.4039,8.6802,9.9332,12238.9060,3738.1320
2018-03-01,hombres,77.6263,71.8505,7.4406,9.8428,12335.3140,3841.1190
2018-04-01,hombres,77.8838,71.8111,7.7971,9.8973,12351.4700,3803.9750
2018-05-01,hombres,78.3614,72.2204,7.8368,9.1280,12445.3450,3728.8550
2018-06-01,hombres,78.6860,73.0937,7.1070,9.6939,12621.1350,3680.3030
2018-07-01,hombres,78.5276,72.3086,7.9194,10.2825,12508.9890,3714.6120
2018-08-01,hombres,78.2805,72.2440,7.7114,9.3036,12524.9360,3765.5050
2018-09-01,hombres,78.3924,72.2602,7.8225,10.4328,12555.6750,3754.4540
2018-10-01,hombres,78.2981,72.8539,6.9532,10.0291,12685.9170,3778.9160
2018-11-01,hombres,77.1242,71.9113,6.7592,9.3351,12551.6430,3992.8140
2018-12-01,hombres,79.5694,73.6816,7.3995,9.9908,12889.6050,3574.0620
2019-01-01,hombres,78.0128,70.0720,10.1789,11.4777,12287.1700,3855.4700
2019-02-01,hombres,77.9703,70.6181,9.4294,10.4946,12412.0630,3872.0160
2019-03-01,hombres,77.3191,70.4451,8.8905,10.4543,12407.9230,3994.9230
2019-04-01,hombres,76.4914,69.9321,8.5752,10.7789,12346.3640,4150.3890
2019-05-01,hombres,76.8440,70.1958,8.6516,10.6276,12420.3740,4097.1950
2019-06-01,hombres,77.5605,71.7386,7.5063,10.4365,12722.2630,3979.4630
2019-07-01,hombres,76.5312,69.5197,9.1617,10.0300,12353.3690,4170.3130
2019-08-01,hombres,76.9928,70.3493,8.6288,10.7324,12527.7980,4097.1170
2019-09-01,hombres,76.3359,69.7743,8.5956,10.4957,12451.2680,4222.8760
2019-10-01,hombres,77.2982,70.9891,8.1620,10.3193,12693.0190,4059.1400
2019-11-01,hombres,77.9007,72.1244,7.4149,10.7627,12921.5970,3959.2420
2019-12-01,hombres,78.1655,72.4578,7.3020,10.6676,13005.7020,3919.1560
2020-01-01,hombres,77.1737,68.7111,10.9656,11.0796,12357.2010,4105.1440
2020-02-01,hombres,77.5444,70.1729,9.5062,10.4876,12644.0270,4046.1390
2020-03-01,hombres,72.6197,64.8699,10.6717,,11708.7460,4942.0270
2020-04-01,hombres,65.8439,54.0304,17.9417,,9770.2760,6176.4270
2020-05-01,hombres,69.6793,56.2700,19.2443,,10193.4580,5492.6780
2020-06-01,hombres,71.9776,59.8196,16.8913,,10856.4370,5085.6800
2020-07-01,hombres,72.7743,60.4170,16.9802,,10980.7620,4948.2600
2020-08-01,hombres,74.3938,64.0270,13.9350,9.9656,11654.3770,4660.9140
2020-09-01,hombres,74.1254,64.4721,13.0229,9.8953,11752.8480,4716.7800
2020-10-01,hombres,76.1727,67.4432,11.4601,10.1944,12312.2000,4349.8230
2020-11-01,hombres,75.3748,67.4619,10.4982,9.8270,12333.3260,4501.9530
2020-12-01,hombres,75.9541,67.7669,10.7792,10.2758,12406.2980,4402.1520
2021-01-01,hombres,74.7198,63.7520,14.6786,8.0005,11688.3120,4634.8920
2021-02-01,hombres,76.3860,66.7412,12.6264,7.2553,12253.5720,4335.4910
2021-03-01,hombres,76.4540,67.4115,11.8274,6.7701,12392.2610,4328.4620
2021-04-01,hombres,75.5406,65.5348,13.2456,7.7475,12063.9200,4502.6010
2021-05-01,hombres,75.4159,65.8515,12.6822,7.6441,12138.2190,4531.5220
2021-06-01,hombres,75.5080,66.2015,12.3252,7.5240,12219.1400,4520.6060
2021-07-01,hombres,74.7750,67.2311,10.0889,7.3166,12422.9050,4661.0490
2021-08-01,hombres,75.7322,67.8909,10.3540,7.7150,12561.0090,4489.9740
2021-09-01,hombres,75.5038,68.0721,9.8428,6.9072,12610.3420,4537.9240
2021-10-01,hombres,76.4940,69.0093,9.7847,7.5250,12799.2340,4359.6910
2021-11-01,hombres,75.8525,68.9167,9.1439,7.0772,12797.3080,4484.0000
2021-12-01,hombres,76.1704,69.5789,8.6536,7.8435,12934.9790,4430.0000
2022-01-01,hombres,75.6249,67.1427,11.2162,7.3393,12496.9370,4536.8130
2022-02-01,hombres,76.7883,68.9118,10.2574,8.5142,12840.9200,4325.2330
2022-03-01,hombres,77.0074,69.5839,9.6399,8.3868,12979.5120,4288.8210
2022-04-01,hombres,76.0673,69.2849,8.9162,8.4093,12938.5160,4469.2840
2022-05-01,hombres,76.8726,70.3793,8.4469,7.8996,13157.3390,4323.6440
2022-06-01,hombres,76.9803,69.8942,9.2051,8.4828,13081.6860,4308.4650
2022-07-01,hombres,76.3135,69.5647,8.8435,8.2051,13032.2730,4437.4390
2022-08-01,hombres,76.0444,69.4661,8.6506,8.2151,13028.7500,4493.0070
2022-09-01,hombres,76.4820,69.7210,8.8400,8.2732,13091.3800,4415.9210
2022-10-01,hombres,76.9147,71.0860,7.5781,7.7171,13362.4290,4339.4640
2022-11-01,hombres,76.0414,70.2694,7.5906,7.7479,13223.8050,4508.7110
2022-12-01,hombres,76.6993,70.3011,8.3420,7.4593,13244.2830,4389.6990
2023-01-01,hombres,76.3694,67.9558,11.0171,7.4732,12817.0670,4456.9390
2023-02-01,hombres,75.9415,69.4037,8.6090,8.4105,13105.2400,4542.8640
2023-03-01,hombres,77.1837,71.0713,7.9193,8.3361,13434.0750,4312.7920
2023-04-01,hombres,77.2132,70.7610,8.3563,7.6992,13391.0440,4312.2540
2023-05-01,hombres,75.8215,69.4625,8.3868,7.8253,13160.4530,4580.8780
2023-06-01,hombres,77.1995,71.2751,7.6741,8.1396,13520.2480,4325.0500
2023-07-01,hombres,77.0730,71.0199,7.8537,7.5844,13485.3061,4353.3907
2023-08-01,hombres,76.8199,71.1178,7.4226,8.5197,13520.6451,4406.9192
2023-09-01,hombres,76.6426,70.7345,7.7086,8.1246,13464.3283,4446.0799
2023-10-01,hombres,76.0931,70.3708,7.5201,7.6897,13411.0279,4556.1064
2023-11-01,hombres,76.6905,70.9930,7.4292,7.9587,13546.1371,4447.6798
2023-12-01,hombres,76.6799,70.2413,8.3967,7.0670,13418.5892,4454.9733
2024-01-01,hombres,76.5348,68.6126,10.3511,7.2888,13123.4708,4488.1584
2024-02-01,hombres,76.3441,69.1466,9.4277,8.2207,13241.5945,4530.1203
2024-03-01,hombres,75.9188,69.1438,8.9239,8.2014,13256.2025,4616.8319
2024-04-01,hombres,76.0197,69.3090,8.8276,8.0389,13304.0367,4603.0838
2024-05-01,hombres,76.9716,70.0630,8.9755,7.8914,13464.6345,4425.5665
2024-06-01,hombres,76.6788,70.2672,8.3617,7.7234,13520.4896,4487.3586
2024-07-01,hombres,76.2806,70.4180,7.6855,7.7370,13563.0545,4568.5348
2024-08-01,hombres,76.7174,70.4670,8.1472,7.0270,13588.7942,4489.8056
2024-09-01,hombres,76.0991,70.6467,7.1648,7.4454,13639.3490,4614.4197
2024-10-01,hombres,76.9058,71.0449,7.6208,7.4945,13731.4469,4463.6105
2024-11-01,hombres,75.6806,70.7384,6.5304,7.0857,13687.7252,4705.7445
2024-12-01,hombres,76.3199,70.9698,7.0100,6.7505,13747.4546,4587.0440
2025-01-01,hombres,77.1823,70.5617,8.5779,7.5665,13683.7892,4424.9596
2025-02-01,hombres,76.4955,70.4019,7.9659,7.1499,13667.9606,4563.2095
2025-03-01,hombres,76.6459,71.0082,7.3556,7.2770,13799.5238,4538.5601
2025-04-01,hombres,76.5227,71.1456,7.0269,7.0497,13841.5700,4567.5724
2025-05-01,hombres,77.0154,71.5250,7.1289,7.1315,13930.4720,4476.5686
2025-06-01,hombres,76.3337,71.0868,6.8737,7.5523,13860.8629,4614.5716
2025-07-01,hombres,76.7372,71.2618,7.1352,7.4640,13907.9520,4540.1357
2025-08-01,hombres,76.9959,71.8255,6.7152,7.2562,14033.9529,4494.7570
2025-09-01,hombres,76.0499,70.6719,7.0717,6.2777,13824.0654,4684.8520
2025-10-01,hombres,77.6015,72.7731,6.2221,6.7255,14250.3932,4386.0694
2025-11-01,hombres,77.2639,73.0060,5.5108,7.1665,14311.8894,4457.1250
2025-12-01,hombres,76.7547,71.8556,6.3828,6.0582,14101.4143,4561.8064
2026-01-01,hombres,76.0119,69.4312,8.6574,6.8798,13640.8553,4712.8390
2026-02-01,hombres,76.8337,71.1579,7.3871,6.9448,13995.6278,4556.4388
2026-03-01,hombres,77.3966,71.8891,7.1159,5.9991,14153.5359,4450.1642
2026-04-01,hombres,76.3982,70.9484,7.1334,6.7759,13983.9140,4651.9133
2026-05-01,hombres,77.5778,72.4418,6.6204,6.4205,14293.7404,4424.2021
2026-06-01,hombres,76.0046,70.9866,6.6022,7.1331,14022.5813,4740.0128
2026-07-01,hombres,77.3818,72.2358,6.6501,6.6683,14282.3956,4472.0449
2026-08-01,hombres,75.0994,69.3412,7.6675,6.5155,13725.6393,4928.9091
2010-01-01,mujeres,54.1917,44.0819,18.6556,11.8762,7069.2890,7346.1580
2010-02-01,mujeres,55.6490,46.4547,16.5219,11.8249,7461.3060,7123.4110
2010-03-01,mujeres,54.0942,45.3991,16.0741,12.1885,7301.8610,7383.3630
2010-04-01,mujeres,56.7929,47.7987,15.8368,12.3011,7699.5770,6959.9470
2010-05-01,mujeres,54.9628,46.3599,15.6524,12.4565,7478.9540,7265.5710
2010-06-01,mujeres,55.1018,46.3735,15.8403,12.1509,7492.8330,7254.4650
2010-07-01,mujeres,55.5153,46.3946,16.4292,13.3249,7505.9730,7196.9800
2010-08-01,mujeres,54.7529,46.2179,15.5881,12.9770,7489.0460,7331.7390
2010-09-01,mujeres,56.4048,48.1855,14.5721,12.3620,7819.6970,7074.7670
2010-10-01,mujeres,57.0290,48.9595,14.1498,13.7364,7956.8610,6983.6090
2010-11-01,mujeres,56.8711,48.5707,14.5951,12.9770,7905.5130,7019.7950
2010-12-01,mujeres,54.7641,46.2071,15.6251,11.8603,7531.5600,7373.2610
2011-01-01,mujeres,55.5289,45.2294,18.5480,11.2236,7383.1510,7259.3650
2011-02-01,mujeres,54.8169,44.7728,18.3231,12.5855,7319.3770,7386.4490
2011-03-01,mujeres,54.6253,46.6507,14.5988,12.2113,7636.4430,7427.5630
2011-04-01,mujeres,55.1450,46.9094,14.9345,12.4626,7690.0450,7353.2680
2011-05-01,mujeres,56.0669,47.9617,14.4562,12.0150,7873.7860,7212.4230
2011-06-01,mujeres,55.0186,47.2044,14.2029,11.7686,7760.9200,7395.4270
2011-07-01,mujeres,55.7371,47.1416,15.4215,11.8860,7760.5100,7286.6060
2011-08-01,mujeres,54.8849,47.4789,13.4938,10.9198,7827.5160,7437.8130
2011-09-01,mujeres,56.6212,49.0697,13.3370,11.4570,8101.4660,7161.8910
2011-10-01,mujeres,59.2188,51.9785,12.2263,12.4063,8593.5350,6742.2930
2011-11-01,mujeres,58.1360,50.8966,12.4525,12.5405,8426.5650,6931.0980
2011-12-01,mujeres,55.7400,48.1052,13.6971,11.5601,7975.2490,7337.7670
2012-01-01,mujeres,56.6681,46.6797,17.6261,10.9051,7749.8440,7194.0340
2012-02-01,mujeres,57.2084,47.8704,16.3227,12.3122,7958.6160,7114.2420
2012-03-01,mujeres,57.0116,49.2913,13.5418,11.2319,8205.5310,7156.2860
2012-04-01,mujeres,57.6218,49.6239,13.8799,12.4457,8272.3580,7064.4940
2012-05-01,mujeres,57.6934,49.4866,14.2248,12.6746,8260.5750,7062.0390
2012-06-01,mujeres,58.2953,50.3153,13.6889,12.2149,8410.7590,6971.3940
2012-07-01,mujeres,56.3123,48.2144,14.3803,12.7046,8069.4420,7311.8200
2012-08-01,mujeres,56.0282,48.6206,13.2212,11.6423,8148.8360,7369.7040
2012-09-01,mujeres,55.6621,48.5915,12.7027,12.3987,8155.0820,7441.2130
2012-10-01,mujeres,57.5598,50.6308,12.0380,11.7440,8508.5460,7132.1200
2012-11-01,mujeres,56.1367,49.2189,12.3231,11.1469,8282.4360,7381.2150
2012-12-01,mujeres,56.5727,48.7190,13.8824,10.3194,8209.0570,7317.4140
2013-01-01,mujeres,55.2990,46.2946,16.2831,10.8314,7811.0240,7542.1420
2013-02-01,mujeres,55.1612,46.2279,16.1949,12.9310,7810.2030,7575.5240
2013-03-01,mujeres,54.6910,47.5462,13.0639,11.5947,8042.6090,7664.1780
2013-04-01,mujeres,56.3282,48.7964,13.3714,11.3101,8265.1990,7397.1840
2013-05-01,mujeres,56.9141,49.9831,12.1779,11.4184,8477.2540,7307.4710
2013-06-01,mujeres,56.3795,49.4884,12.2227,11.4849,8404.8210,7408.2510
2013-07-01,mujeres,56.6286,48.9101,13.6301,11.6511,8316.2000,7374.4630
2013-08-01,mujeres,56.9030,49.6945,12.6680,11.7244,8461.0530,7337.7550
2013-09-01,mujeres,55.8153,49.2435,11.7742,10.6158,8395.5340,7533.0440
2013-10-01,mujeres,58.0201,52.0212,10.3393,10.9203,8880.4240,7166.3000
2013-11-01,mujeres,56.1579,49.7469,11.4160,10.9531,8503.3670,7494.0510
2013-12-01,mujeres,55.1928,48.3529,12.3929,9.8567,8275.6360,7668.7830
2014-01-01,mujeres,54.8515,46.2525,15.6769,10.3594,7981.9830,7791.4560
2014-02-01,mujeres,54.7016,46.4225,15.1350,10.9102,8021.9020,7827.6620
2014-03-01,mujeres,54.8156,47.9278,12.5654,10.6752,8291.8790,7817.2440
2014-04-01,mujeres,56.4539,49.7609,11.8556,10.0481,8620.4040,7543.7730
2014-05-01,mujeres,55.2854,48.8572,11.6273,10.7631,8474.6620,7756.0960
2014-06-01,mujeres,56.3829,49.4550,12.2873,11.7584,8589.7900,7575.8210
2014-07-01,mujeres,55.1888,48.6614,11.8274,10.6342,8461.3850,7791.8940
2014-08-01,mujeres,56.2471,49.6703,11.6927,9.5903,8648.2810,7617.9900
2014-09-01,mujeres,56.2312,50.0365,11.0165,11.5893,8723.5060,7630.7840
2014-10-01,mujeres,57.8991,51.8806,10.3950,11.9724,9056.4620,7349.2810
2014-11-01,mujeres,56.5649,50.3660,10.9589,10.4101,8803.4890,7592.0290
2014-12-01,mujeres,54.4756,47.9727,11.9372,9.5841,8395.7620,7967.2920
2015-01-01,mujeres,54.2480,46.1876,14.8584,9.9539,8094.0460,8017.7110
2015-02-01,mujeres,54.6178,46.9993,13.9487,9.9776,8247.1340,7963.3850
2015-03-01,mujeres,55.3921,48.8564,11.7990,10.2308,8583.2940,7836.8840
2015-04-01,mujeres,57.0948,50.0115,12.4062,11.0779,8798.0460,7547.9000
2015-05-01,mujeres,56.1776,49.6519,11.6162,11.8014,8746.2340,7719.3600
2015-06-01,mujeres,56.4691,49.8875,11.6552,11.2034,8799.9300,7678.6630
2015-07-01,mujeres,54.9347,48.6466,11.4465,11.0474,8591.1010,7958.6340
2015-08-01,mujeres,56.3436,49.2346,12.6173,11.0218,8707.2720,7720.7400
2015-09-01,mujeres,56.9047,50.4073,11.4181,10.2559,8927.1700,7632.1980
2015-10-01,mujeres,58.3093,51.8196,11.1297,10.7322,9189.8740,7393.5820
2015-11-01,mujeres,56.7588,50.9887,10.1660,9.7513,9055.2560,7679.3470
2015-12-01,mujeres,55.2893,48.4905,12.2969,10.1100,8623.3460,7951.1620
2016-01-01,mujeres,55.4500,46.2027,16.6769,10.8632,8228.3280,7933.9940
2016-02-01,mujeres,55.1722,47.5427,13.8285,11.1267,8479.0120,7994.8260
2016-03-01,mujeres,54.6909,47.4178,13.2986,10.1958,8467.9530,8091.3840
2016-04-01,mujeres,56.2749,49.4084,12.2017,10.7211,8836.1180,7819.7270
2016-05-01,mujeres,55.5554,48.9697,11.8542,11.2199,8769.7900,7959.4010
2016-06-01,mujeres,55.9613,49.4543,11.6277,10.4552,8869.3060,7898.0510
2016-07-01,mujeres,54.6093,47.4563,13.0986,10.2315,8521.3250,8150.4240
2016-08-01,mujeres,54.8405,48.3561,11.8242,9.8976,8695.2510,8120.4510
2016-09-01,mujeres,55.3875,49.0266,11.4845,10.1477,8828.3090,8033.4570
2016-10-01,mujeres,57.3204,50.9269,11.1540,10.3266,9183.0960,7695.9480
2016-11-01,mujeres,55.9162,50.4267,9.8174,10.3272,9105.7200,7960.3570
2016-12-01,mujeres,54.6726,47.9982,12.2079,9.4850,8679.1870,8196.2470
2017-01-01,mujeres,53.6914,45.4878,15.2792,9.5844,8237.2280,8385.8570
2017-02-01,mujeres,55.0904,46.8880,14.8890,9.9814,8503.2660,8144.4790
2017-03-01,mujeres,54.2381,47.1220,13.1202,8.7957,8557.2410,8310.2510
2017-04-01,mujeres,56.2410,49.8685,11.3307,10.2097,9069.9900,7958.7940
2017-05-01,mujeres,54.8448,47.7287,12.9750,10.0505,8694.0040,8225.2200
2017-06-01,mujeres,56.4511,49.7681,11.8386,10.6148,9080.5390,7945.7990
2017-07-01,mujeres,54.5958,47.2738,13.4113,9.6606,8637.8660,8296.2570
2017-08-01,mujeres,54.8959,48.2385,12.1272,9.8979,8829.3190,8255.6160
2017-09-01,mujeres,54.8789,48.0781,12.3923,9.0606,8815.5110,8273.3190
2017-10-01,mujeres,56.5869,50.3736,10.9802,9.6045,9252.5530,7974.0590
2017-11-01,mujeres,54.6709,48.3390,11.5817,9.2223,8895.2340,8341.3630
2017-12-01,mujeres,54.6064,48.2500,11.6405,8.1492,8895.0260,8368.4370
2018-01-01,mujeres,53.3415,44.8246,15.9667,8.1810,8279.6870,8618.4260
2018-02-01,mujeres,53.0127,45.2654,14.6140,8.6763,8377.6980,8696.3960
2018-03-01,mujeres,53.4902,46.5878,12.9039,8.9293,8638.1990,8623.7320
2018-04-01,mujeres,55.5519,48.7541,12.2369,9.7131,9058.6900,8258.6070
2018-05-01,mujeres,54.2179,47.2532,12.8457,9.5753,8797.9440,8524.0300
2018-06-01,mujeres,54.3357,47.6748,12.2587,8.9013,8895.7320,8520.5920
2018-07-01,mujeres,53.3540,46.4536,12.9333,9.3841,8685.2940,8721.2810
2018-08-01,mujeres,54.2495,47.8900,11.7225,9.9155,8974.0340,8573.1180
2018-09-01,mujeres,54.2226,47.6386,12.1426,10.3654,8947.3300,8597.7690
2018-10-01,mujeres,55.1534,48.2460,12.5239,10.0230,9082.1370,8442.2140
2018-11-01,mujeres,53.0200,46.6611,11.9933,10.3190,8803.5580,8863.7200
2018-12-01,mujeres,54.2417,46.9172,13.5034,9.6224,8871.6430,8652.5090
2019-01-01,mujeres,52.8816,43.8768,17.0282,9.9727,8315.9800,8930.3660
2019-02-01,mujeres,53.9001,45.4610,15.6571,10.3180,8636.1090,8757.4800
2019-03-01,mujeres,53.4777,45.8592,14.2462,9.9860,8729.7190,8855.9480
2019-04-01,mujeres,52.7307,45.6381,13.4506,10.9063,8707.3830,9018.6150
2019-05-01,mujeres,53.3857,45.9031,14.0161,11.3268,8776.9340,8912.9230
2019-06-01,mujeres,53.5957,46.7936,12.6915,10.8114,8967.0300,8892.4410
2019-07-01,mujeres,53.0633,45.5765,14.1092,9.7328,8750.8480,9012.0190
2019-08-01,mujeres,52.0314,44.3750,14.7150,9.8861,8538.2280,9229.6730
2019-09-01,mujeres,53.1699,45.8697,13.7299,10.1204,8844.0660,9029.2380
2019-10-01,mujeres,54.5698,47.6419,12.6955,11.1031,9203.6960,8776.4370
2019-11-01,mujeres,53.0533,46.3614,12.6135,10.3634,8974.0780,9087.3650
2019-12-01,mujeres,52.0871,44.9891,13.6271,9.8819,8724.7760,9291.7990
2020-01-01,mujeres,51.6758,42.9404,16.9042,10.3901,8343.6280,9389.7210
2020-02-01,mujeres,52.0644,43.0199,17.3718,10.7340,8374.9690,9331.9470
2020-03-01,mujeres,49.1177,40.9549,16.6189,,7986.8990,9922.8990
2020-04-01,mujeres,41.9707,31.8228,24.1784,,6217.5670,11337.8150
2020-05-01,mujeres,44.6822,33.1057,25.9087,,6479.8950,10827.5570
2020-06-01,mujeres,46.7557,34.9266,25.2997,,6849.0340,10441.0840
2020-07-01,mujeres,44.5110,32.5519,26.8679,,6392.8980,10897.5420
2020-08-01,mujeres,47.1339,36.4976,22.5662,8.4128,7178.9430,10398.5720
2020-09-01,mujeres,48.8807,38.6738,20.8814,8.9261,7618.6750,10070.4220
2020-10-01,mujeres,51.4723,40.9133,20.5141,10.2038,8071.8090,9574.0610
2020-11-01,mujeres,50.0257,40.6842,18.6733,10.0557,8038.6540,9874.2440
2020-12-01,mujeres,49.9154,40.7670,18.3278,9.2408,8066.5880,9910.2780
2021-01-01,mujeres,47.8222,37.4289,21.7332,7.8863,7417.2640,10340.0560
2021-02-01,mujeres,49.6812,39.8475,19.7937,7.6963,7908.1280,9986.2520
2021-03-01,mujeres,47.8551,38.7585,19.0087,7.3991,7702.0940,10362.2530
2021-04-01,mujeres,47.5926,38.6545,18.7804,7.5929,7692.4980,10429.4290
2021-05-01,mujeres,48.5305,39.3926,18.8292,8.3225,7850.3230,10257.0630
2021-06-01,mujeres,48.0060,39.3536,18.0236,8.4720,7853.6720,10376.2760
2021-07-01,mujeres,48.3800,40.0087,17.3031,8.0889,7993.9930,10313.9930
2021-08-01,mujeres,47.9902,40.0621,16.5204,7.9664,8015.6350,10406.1390
2021-09-01,mujeres,47.4362,40.2832,15.0792,7.6598,8070.7370,10531.1530
2021-10-01,mujeres,48.7069,41.3010,15.2050,8.1292,8285.2510,10289.7310
2021-11-01,mujeres,49.5573,42.1665,14.9137,7.9651,8469.7730,10132.1830
2021-12-01,mujeres,49.8127,42.5652,14.5495,7.2667,8560.3300,10093.2280
2022-01-01,mujeres,50.5121,40.7152,19.3952,7.2736,8198.8480,9965.4210
2022-02-01,mujeres,52.4984,43.8443,16.4844,9.2898,8839.9990,9577.3830
2022-03-01,mujeres,51.0579,43.1033,15.5796,8.4588,8700.3170,9878.8790
2022-04-01,mujeres,52.0187,44.6259,14.2117,8.3789,9018.8790,9697.0050
2022-05-01,mujeres,51.6809,44.6143,13.6735,8.0819,9027.4230,9777.0830
2022-06-01,mujeres,51.3794,44.1312,14.1071,8.3608,8940.9100,9850.4480
2022-07-01,mujeres,51.6794,44.4880,13.9153,8.2807,9022.7890,9800.0940
2022-08-01,mujeres,51.8722,44.9664,13.3131,9.4490,9131.2530,9773.2320
2022-09-01,mujeres,52.7479,45.7304,13.3039,9.3592,9297.9540,9607.3510
2022-10-01,mujeres,51.9844,45.4090,12.6488,8.4840,9243.6210,9774.2320
2022-11-01,mujeres,51.6989,45.4460,12.0949,8.4516,9262.4700,9844.3710
2022-12-01,mujeres,51.9018,45.2029,12.9069,8.0236,9223.8670,9814.6610
2023-01-01,mujeres,51.3966,42.4584,17.3906,8.0997,8674.5000,9929.9650
2023-02-01,mujeres,52.5052,44.6205,15.0169,8.3971,9127.4500,9715.3960
2023-03-01,mujeres,52.4744,45.7044,12.9016,8.7196,9359.6240,9732.5830
2023-04-01,mujeres,52.9743,45.6051,13.9108,8.5429,9350.9130,9642.1970
2023-05-01,mujeres,52.8167,45.8228,13.2418,8.0996,9406.9990,9686.2970
2023-06-01,mujeres,52.4625,46.3728,11.6077,8.7451,9532.0070,9771.4130
2023-07-01,mujeres,53.4636,47.1229,11.8598,8.7255,9696.4872,9575.8098
2023-08-01,mujeres,53.0244,46.7904,11.7569,8.7115,9640.4305,9678.5872
2023-09-01,mujeres,52.7090,46.7401,11.3243,8.8469,9642.2626,9755.9277
2023-10-01,mujeres,52.9054,46.8206,11.5012,8.5427,9670.7527,9727.3300
2023-11-01,mujeres,52.4518,46.6106,11.1364,8.2747,9639.4035,9833.2949
2023-12-01,mujeres,51.9667,45.6189,12.2151,7.2617,9445.7338,9945.6466
2024-01-01,mujeres,51.0272,42.9349,15.8589,7.5919,8901.1314,10152.8911
2024-02-01,mujeres,52.2397,44.5688,14.6841,8.1001,9251.3413,9913.8222
2024-03-01,mujeres,52.7903,45.1784,14.4191,8.0390,9388.8699,9810.9921
2024-04-01,mujeres,52.8499,45.9474,13.0605,8.7969,9560.6013,9810.8550
2024-05-01,mujeres,52.2439,45.9151,12.1139,8.7506,9565.4565,9948.9880
2024-06-01,mujeres,51.7320,45.0711,12.8759,8.3368,9401.4664,10068.3214
2024-07-01,mujeres,52.9920,46.1653,12.8825,7.6946,9639.9284,9815.8967
2024-08-01,mujeres,53.2281,47.0125,11.6772,7.8572,9829.0788,9778.7762
2024-09-01,mujeres,51.8550,45.7360,11.8004,8.4918,9573.9653,10078.2453
2024-10-01,mujeres,51.9159,46.1010,11.2007,9.0289,9661.6586,10077.2704
2024-11-01,mujeres,52.7148,47.2652,10.3379,8.0108,9917.5363,9921.7226
2024-12-01,mujeres,53.3572,46.9996,11.9152,7.2654,9873.2271,9798.2815
2025-01-01,mujeres,52.0680,43.8330,15.8159,7.8561,9219.0455,10081.1565
2025-02-01,mujeres,53.7696,46.5473,13.4320,7.2835,9801.5165,9734.7753
2025-03-01,mujeres,53.7436,46.9779,12.5888,7.3374,9902.8695,9750.7699
2025-04-01,mujeres,51.9232,46.1246,11.1677,7.5652,9734.5085,10146.5341
2025-05-01,mujeres,51.9382,45.8907,11.6436,7.9259,9696.3601,10155.0805
2025-06-01,mujeres,52.4271,46.7603,10.8090,7.8293,9892.0898,10063.9982
2025-07-01,mujeres,53.4432,47.5109,11.1002,7.9463,10061.0925,9859.0644
2025-08-01,mujeres,51.9128,46.1129,11.1725,7.9598,9776.8865,10195.4798
2025-09-01,mujeres,52.6704,47.5933,9.6394,7.2065,10102.7803,10046.7937
2025-10-01,mujeres,53.4150,47.6161,10.8563,7.3474,10119.2203,9900.0806
2025-11-01,mujeres,53.1598,48.3476,9.0524,7.7927,10286.7553,9966.0328
2025-12-01,mujeres,52.8652,47.5207,10.1097,6.7350,10122.2357,10040.0195
2026-01-01,mujeres,52.1569,44.9509,13.8159,7.3413,9586.1463,10202.9385
2026-02-01,mujeres,53.5505,47.2972,11.6774,7.2607,10098.3352,9917.3265
2026-03-01,mujeres,53.6272,47.7155,11.0235,6.4288,10198.4634,9911.4835
2026-04-01,mujeres,54.0042,48.1021,10.9289,7.6662,10293.1918,9842.4845
2026-05-01,mujeres,53.3053,48.0294,9.8975,8.4132,10289.3834,10003.4509
2026-06-01,mujeres,53.9872,48.6564,9.8742,6.9764,10436.2130,9869.1889
2026-07-01,mujeres,53.1528,47.8086,10.0546,6.7608,10264.4858,10058.0766
2026-08-01,mujeres,52.4144,46.3335,11.6017,7.3360,9959.6984,10228.8572
