fecha,td,tgp,td_h,td_m,nini,nini_h,nini_m
2007-03-01,22.0888,56.1538,17.4239,28.7690,29.5722,9.1422,20.4299
2007-04-01,20.5068,56.6247,16.0231,26.8801,27.0244,7.9808,19.0436
2007-05-01,19.9108,56.3709,15.5824,25.9869,26.4340,7.8762,18.5578
2007-06-01,19.4888,56.8394,15.2542,25.5129,26.3648,7.5552,18.8096
2007-07-01,19.4035,56.5143,15.2894,25.3173,26.5043,7.8645,18.6398
2007-08-01,18.6951,55.9262,14.7525,24.3686,26.1230,7.5520,18.5710
2007-09-01,18.7046,55.6540,14.8489,24.2444,25.9238,7.7000,18.2238
2007-10-01,18.1310,56.4346,14.4411,23.4034,25.1116,7.3074,17.8043
2007-11-01,17.3367,57.0213,13.7554,22.4731,24.2479,6.9381,17.3098
2007-12-01,16.7891,57.5408,13.2159,21.9651,24.4421,6.8150,17.6271
2008-01-01,18.6919,56.3907,14.9213,24.1637,26.0951,7.5626,18.5325
2008-02-01,20.4176,56.5797,16.1168,26.5742,27.1893,8.1578,19.0316
2008-03-01,21.4261,56.3495,16.8383,27.9218,27.0002,8.1720,18.8282
2008-04-01,20.4706,57.2810,15.9288,26.8817,25.7886,7.4780,18.3106
2008-05-01,19.7817,57.2896,15.8255,25.4207,25.0856,7.1290,17.9565
2008-06-01,19.6778,56.4305,15.6808,25.4099,25.3924,7.2678,18.1246
2008-07-01,19.9475,56.3404,15.9899,25.4537,25.4281,7.5766,17.8515
2008-08-01,20.1635,55.9707,16.1516,25.8796,25.8177,7.7991,18.0186
2008-09-01,19.9331,56.7792,15.8376,25.7434,25.1292,7.5583,17.5708
2008-10-01,18.6527,55.9279,14.7690,24.3362,24.6542,7.0462,17.6080
2008-11-01,18.6286,55.4538,14.9098,24.1128,24.4882,7.1319,17.3562
2008-12-01,18.4400,55.9509,15.0560,23.4187,25.0259,7.2290,17.7969
2009-01-01,20.9482,56.0552,16.7672,27.1702,27.0917,8.0862,19.0055
2009-02-01,21.4962,57.1942,16.5321,28.7282,27.5249,8.1270,19.3979
2009-03-01,22.3000,57.5970,16.8536,30.2293,27.4492,8.0373,19.4119
2009-04-01,21.1121,59.0165,15.9512,28.4057,26.0268,7.4474,18.5794
2009-05-01,20.7058,59.5657,16.0592,27.1284,25.3526,7.2555,18.0971
2009-06-01,20.2544,59.4043,16.0195,26.1169,24.9992,7.3896,17.6096
2009-07-01,20.3252,59.5265,16.1879,26.1215,24.5936,7.3052,17.2883
2009-08-01,20.1915,59.0267,15.8454,26.2641,24.4433,7.1065,17.3368
2009-09-01,20.5678,58.8808,15.9476,26.9366,24.1741,6.9370,17.2371
2009-10-01,19.9705,60.0663,15.4827,26.1375,23.4853,6.7183,16.7670
2009-11-01,19.8960,61.3699,15.7051,25.6627,22.8688,6.6748,16.1941
2009-12-01,19.5373,62.1047,15.5230,25.1512,23.0800,6.8703,16.2097
2010-01-01,21.3823,60.9419,17.1083,27.3934,24.8741,7.6828,17.1914
2010-02-01,21.8172,60.3096,17.4511,27.8940,25.4281,7.7288,17.6993
2010-03-01,22.2800,59.7426,17.5526,28.7422,25.2495,7.4838,17.7656
2010-04-01,21.4684,59.7255,17.1665,27.2266,24.1701,7.0846,17.0855
2010-05-01,21.6470,59.5035,17.3083,27.5204,24.3803,7.3784,17.0019
2010-06-01,21.4300,59.7737,17.4526,26.8298,24.2157,7.4072,16.8084
2010-07-01,21.2936,59.9503,17.3534,26.7074,23.9681,7.4127,16.5554
2010-08-01,20.6591,60.1392,16.2331,26.7475,23.4339,6.8357,16.5982
2010-09-01,19.7051,60.5214,15.2255,25.8414,22.7418,6.4354,16.3064
2010-10-01,18.0746,61.0178,13.2381,24.6534,21.8361,5.7490,16.0872
2010-11-01,18.1512,61.4623,13.4781,24.4001,21.8217,5.9235,15.8982
2010-12-01,18.7832,61.6959,13.8045,25.6015,22.9431,6.3325,16.6107
2011-01-01,20.7797,61.4048,15.3616,28.2203,24.5664,7.0470,17.5194
2011-02-01,21.9463,60.6912,16.5067,29.5012,25.6729,7.6285,18.0445
2011-03-01,21.9173,60.1068,16.5409,29.4292,25.2604,7.5475,17.7129
2011-04-01,20.7184,59.5011,15.6967,27.7418,24.3070,7.0989,17.2081
2011-05-01,19.6714,59.9934,15.0980,26.2052,23.5830,6.6884,16.8946
2011-06-01,19.9397,60.1353,15.9161,25.5111,23.4015,6.7887,16.6128
2011-07-01,19.9213,60.5573,15.8390,25.6581,23.5036,6.6478,16.8558
2011-08-01,19.5939,60.0527,15.3741,25.4214,23.1036,6.6255,16.4782
2011-09-01,18.4290,60.2247,13.8312,24.8469,22.4076,6.2042,16.2034
2011-10-01,17.0927,61.8832,12.8137,22.9408,21.3122,6.0651,15.2471
2011-11-01,16.4233,63.0097,12.2772,22.1121,20.8251,5.7985,15.0266
2011-12-01,16.8235,63.8596,12.8726,22.2642,22.1524,6.2566,15.8958
2012-01-01,18.6822,62.5335,13.8978,25.3647,24.0787,6.7515,17.3272
2012-02-01,19.9955,62.4579,14.7361,27.2171,25.0620,7.2093,17.8526
2012-03-01,20.2087,61.5657,14.8809,27.5573,24.3164,6.9972,17.3191
2012-04-01,19.5046,61.6147,15.1488,25.4096,23.3211,6.9932,16.3279
2012-05-01,18.5126,61.6528,14.5055,24.0019,22.7870,6.6970,16.0899
2012-06-01,18.3288,62.5160,14.1505,23.8822,22.4127,6.4781,15.9346
2012-07-01,18.5419,62.1358,14.3054,24.2119,22.5593,6.3753,16.1839
2012-08-01,18.3306,61.7895,13.9822,24.2365,22.3984,6.2390,16.1594
2012-09-01,18.1121,60.7884,14.0842,23.7055,22.3296,6.3230,16.0065
2012-10-01,16.8235,61.4312,12.7573,22.5191,21.3289,5.9005,15.4284
2012-11-01,16.6666,61.4451,12.8621,21.9715,21.2960,6.0608,15.2352
2012-12-01,16.8748,62.1439,12.5936,22.7396,22.2282,6.3424,15.8858
2013-01-01,18.5088,61.6211,13.9211,24.7200,24.2695,7.2385,17.0309
2013-02-01,19.5453,61.1385,14.5487,26.2959,25.2115,7.6171,17.5943
2013-03-01,19.6889,60.0327,15.2057,25.8846,25.2194,7.7761,17.4434
2013-04-01,18.6500,59.7849,14.6018,24.1588,23.9135,7.3613,16.5523
2013-05-01,17.7127,60.2688,14.1801,22.4605,22.7073,6.9324,15.7749
2013-06-01,17.3258,60.3183,13.7203,22.0934,22.0578,6.5457,15.5121
2013-07-01,17.2319,60.0230,13.3080,22.5216,21.7481,6.2462,15.5019
2013-08-01,17.1112,60.0088,13.0853,22.5542,21.3997,6.1316,15.2681
2013-09-01,16.7417,60.2700,12.8700,22.1302,20.7660,5.9607,14.8053
2013-10-01,15.5435,61.1026,12.1835,20.1315,19.7523,5.5446,14.2077
2013-11-01,14.8260,60.8388,11.4387,19.4408,20.1816,5.7126,14.4691
2013-12-01,14.5660,61.5016,10.8431,19.5756,21.0234,5.9478,15.0756
2014-01-01,16.3330,60.9645,11.9534,22.3738,22.9481,6.7889,16.1593
2014-02-01,17.7345,60.6217,13.0383,24.2396,23.3116,6.9659,16.3456
2014-03-01,18.6481,59.3976,14.1925,24.7888,23.2610,7.1606,16.1004
2014-04-01,17.7111,59.1659,13.9546,22.8405,22.1317,6.8371,15.2946
2014-05-01,16.5152,59.2335,13.1579,21.0845,21.5090,6.4559,15.0530
2014-06-01,16.1307,59.9739,12.8614,20.4746,21.1747,6.3411,14.8336
2014-07-01,16.4145,59.8409,13.1846,20.7321,21.1427,6.4737,14.6690
2014-08-01,16.9183,59.8567,13.7037,21.2382,21.4292,6.5844,14.8448
2014-09-01,16.3967,59.6896,13.3136,20.6259,20.8399,6.3095,14.5303
2014-10-01,15.3357,60.7372,11.9462,19.9448,20.1993,5.7157,14.4836
2014-11-01,14.6577,61.0091,11.1538,19.4654,19.8467,5.4492,14.3975
2014-12-01,14.9361,61.3767,11.2209,20.0446,21.0197,5.8767,15.1430
2015-01-01,15.6903,60.2769,12.1010,20.7842,22.4351,6.5499,15.8853
2015-02-01,16.5986,59.5651,12.8507,21.9778,23.4510,6.9942,16.4568
2015-03-01,16.7997,59.0038,12.7960,22.5739,23.0478,6.5814,16.4664
2015-04-01,16.6589,59.4151,12.5700,22.4067,22.5013,6.3646,16.1367
2015-05-01,16.3631,59.8724,12.3842,21.8719,22.0263,6.3814,15.6449
2015-06-01,15.8951,60.0444,11.9716,21.2570,21.2920,6.3048,14.9872
2015-07-01,15.8905,59.9435,12.3679,20.7466,21.0091,6.2982,14.7109
2015-08-01,16.0134,59.6566,12.0008,21.5547,20.6940,5.9923,14.7017
2015-09-01,16.1116,59.6224,12.3961,21.1669,20.3483,5.8848,14.4635
2015-10-01,15.3842,60.3954,11.2521,20.8577,19.8169,5.5270,14.2899
2015-11-01,14.3547,60.8349,10.7735,19.0951,19.4520,5.3040,14.1479
2015-12-01,14.2475,61.6057,10.2609,19.6262,20.4030,5.4071,14.9959
2016-01-01,16.4951,60.8329,11.5298,23.3316,22.4470,6.0810,16.3660
2016-02-01,17.8263,60.6369,12.6214,24.9483,23.2492,6.4689,16.7802
2016-03-01,18.6857,59.5031,13.9209,25.0694,23.3023,7.0044,16.2979
2016-04-01,17.1494,59.4874,13.3567,22.1693,21.4498,6.4644,14.9854
2016-05-01,16.7177,58.8077,13.3343,21.1380,20.9255,6.5059,14.4196
2016-06-01,16.5399,59.0185,13.0863,21.1281,20.5694,6.2726,14.2968
2016-07-01,17.2022,58.2227,13.7413,21.8713,21.4336,6.5844,14.8492
2016-08-01,16.8548,58.5111,13.4305,21.5311,21.3402,6.3979,14.9423
2016-09-01,16.3168,57.7784,12.6424,21.3488,21.1701,6.2052,14.9650
2016-10-01,15.1619,58.8401,11.5023,20.0380,20.1782,5.8818,14.2964
2016-11-01,14.8045,59.2823,11.3632,19.3623,19.9038,5.9179,13.9859
2016-12-01,15.2473,60.1243,11.7890,19.8469,20.9116,6.1517,14.7599
2017-01-01,16.6825,59.6503,13.1251,21.5973,22.9998,6.9591,16.0408
2017-02-01,17.9515,59.2316,13.3988,24.2836,24.2658,7.1137,17.1521
2017-03-01,18.2337,58.4426,13.5926,24.6534,24.1817,7.1956,16.9861
2017-04-01,17.1679,58.4822,12.6786,23.1892,22.6715,6.5760,16.0955
2017-05-01,16.6359,58.4611,12.7258,21.9060,22.1539,6.6129,15.5411
2017-06-01,16.3600,59.4371,12.8997,20.9404,21.2343,6.4568,14.7775
2017-07-01,16.7493,58.9784,12.9763,21.8243,21.4948,6.4783,15.0165
2017-08-01,16.5990,58.8490,12.9595,21.5065,21.0021,6.3154,14.6868
2017-09-01,16.9796,57.8652,12.8503,22.6540,21.2676,6.3420,14.9256
2017-10-01,16.2789,58.1539,12.6312,21.2291,20.5947,6.0676,14.5271
2017-11-01,16.2377,58.0727,12.4538,21.3371,21.2447,6.1980,15.0467
2017-12-01,15.6498,58.8446,12.1459,20.2838,22.0690,6.4628,15.6062
2018-01-01,17.6799,58.3450,13.7260,22.9812,24.5275,7.4842,17.0433
2018-02-01,18.5766,58.2663,14.4174,24.1556,25.2376,7.8114,17.4262
2018-03-01,19.4802,57.2867,14.9856,25.6457,25.3032,7.7743,17.5288
2018-04-01,17.7814,57.6495,13.8645,23.0797,23.3441,7.1586,16.1855
2018-05-01,17.3865,57.6731,13.6941,22.4095,22.6154,6.9335,15.6820
2018-06-01,16.7854,58.2559,13.3166,21.5162,21.8194,6.6075,15.2119
2018-07-01,17.2308,57.9519,13.4934,22.4350,22.2273,6.6979,15.5294
2018-08-01,16.9045,57.6941,13.1414,22.1492,22.1271,6.6540,15.4731
2018-09-01,16.9915,57.2107,13.3651,22.0469,22.1968,6.6433,15.5535
2018-10-01,16.7321,57.7952,12.7946,22.1174,21.8335,6.5617,15.2719
2018-11-01,16.8343,57.8033,12.9747,22.0605,21.7419,6.5526,15.1893
2018-12-01,17.1425,58.8005,12.7434,23.1646,22.9855,6.8705,16.1150
2019-01-01,18.7430,58.2010,14.2282,25.0304,24.9356,7.5119,17.4237
2019-02-01,19.6196,58.2404,14.7274,26.4283,26.0510,7.8875,18.1635
2019-03-01,20.2475,57.1185,15.6896,26.4621,25.4862,7.8755,17.6107
2019-04-01,19.2989,56.6674,15.2065,24.7910,24.4547,7.6342,16.8205
2019-05-01,18.9478,56.4390,15.2392,23.8545,23.9141,7.5693,16.3448
2019-06-01,17.9495,56.1675,14.4385,22.6009,23.6889,7.5039,16.1850
2019-07-01,18.3553,56.0708,14.6524,23.2680,23.8674,7.5382,16.3292
2019-08-01,18.6246,55.6785,14.8650,23.7328,24.0588,7.5615,16.4973
2019-09-01,19.1440,55.7207,15.1805,24.5173,23.8293,7.5413,16.2881
2019-10-01,18.2946,56.4250,14.5769,23.2745,22.9863,7.2621,15.7243
2019-11-01,17.3119,57.0212,13.6454,22.2160,22.8020,7.0500,15.7519
2019-12-01,16.5995,57.7501,12.8923,21.7066,23.6520,7.1921,16.4600
2020-01-01,18.2262,57.1036,14.2826,23.8265,25.6410,8.1022,17.5388
2020-02-01,19.5209,56.7202,15.1833,25.7771,26.6850,8.5009,18.1841
2020-03-01,21.4634,54.6926,17.1262,27.6567,,,
2020-04-01,23.9124,50.8678,19.4086,30.2494,,,
2020-05-01,27.6148,48.0856,23.4325,33.5155,,,
2020-06-01,30.4514,48.0810,25.6587,37.2040,,,
2020-07-01,30.6385,49.7959,25.3737,38.2990,34.1546,12.2825,21.8720
2020-08-01,29.0650,51.5487,23.3667,37.3751,32.6758,11.3557,21.3201
2020-09-01,27.0540,52.4711,21.1651,35.5358,30.7107,10.1682,20.5425
2020-10-01,24.6753,54.8195,18.5216,33.2115,28.3646,9.0996,19.2649
2020-11-01,23.4506,55.7170,17.0722,31.9676,27.1463,8.3519,18.7944
2020-12-01,22.6374,55.9409,16.4952,30.8414,27.7929,8.7246,19.0683
2021-01-01,23.2587,55.3122,17.9389,30.4788,29.5796,9.6778,19.9018
2021-02-01,23.8797,55.1732,18.5324,31.3831,30.6043,10.2976,20.3067
2021-03-01,24.6410,55.0132,20.0172,31.2678,30.1995,10.4087,19.7907
2021-04-01,23.8568,54.7346,19.2729,30.5416,28.4392,9.5551,18.8841
2021-05-01,23.9304,54.0632,20.1171,29.4375,28.0202,9.5059,18.5142
2021-06-01,23.9396,53.6006,19.8517,29.7436,27.9207,9.2683,18.6524
2021-07-01,23.4903,53.2485,19.3291,29.3262,27.9181,9.1494,18.7687
2021-08-01,22.5121,53.1350,18.3303,28.3728,27.3879,8.8314,18.5566
2021-09-01,21.3574,52.9329,17.5905,26.7925,26.4223,8.5451,17.8772
2021-10-01,20.2615,53.2550,16.9438,24.9985,25.7522,8.4241,17.3281
2021-11-01,19.5034,53.5192,16.5419,23.7180,24.5289,8.0176,16.5113
2021-12-01,19.1915,53.9889,15.3645,24.5680,25.8680,8.5698,17.2982
2022-01-01,20.6402,54.2949,16.2761,26.6844,27.4879,9.3753,18.1126
2022-02-01,21.0971,55.4561,16.1093,27.9047,28.5590,9.6747,18.8842
2022-03-01,21.2668,55.8601,16.5725,27.5317,27.7965,9.3575,18.4390
2022-04-01,19.9569,55.7653,15.4518,25.9179,25.9619,8.5507,17.4112
2022-05-01,19.0463,54.9560,14.9318,24.4966,25.2011,8.3064,16.8947
2022-06-01,18.4184,54.6909,14.9078,23.1541,24.5244,8.0915,16.4329
2022-07-01,17.9574,54.6840,14.5486,22.6521,24.1423,8.0501,16.0922
2022-08-01,18.2338,54.5722,14.8628,22.8860,23.8784,7.8861,15.9923
2022-09-01,18.2935,54.9282,14.8738,22.8821,23.6123,7.8693,15.7430
2022-10-01,17.9290,55.2620,14.3805,22.7002,22.8439,7.3092,15.5347
2022-11-01,17.1369,55.0187,13.6926,21.8534,22.8570,7.4308,15.4262
2022-12-01,16.6992,55.1879,13.1988,21.5743,23.3089,7.5308,15.7781
2023-01-01,18.2069,55.4027,14.6529,23.1173,25.5836,8.6853,16.8983
2023-02-01,18.7470,56.3100,14.7530,24.1570,25.9916,8.7660,17.2256
2023-03-01,18.9520,55.9370,14.9880,24.3250,25.6030,8.6266,16.9764
2023-04-01,18.0230,56.1000,14.4510,22.8910,24.2223,8.1011,16.1212
2023-05-01,17.6920,55.4920,14.4470,22.1180,23.7967,7.9957,15.8010
2023-06-01,17.0940,55.8030,14.1850,21.0970,23.4945,7.8493,15.6452
2023-07-01,16.6140,55.4690,13.7610,20.4570,22.9484,7.6230,15.3254
2023-08-01,16.2300,55.7300,13.7060,19.6680,22.2003,7.5616,14.6387
2023-09-01,16.2110,55.2880,13.3760,19.9750,21.6769,7.2977,14.3792
2023-10-01,15.8450,54.9410,13.3560,19.1880,21.8294,7.3735,14.4558
2023-11-01,15.9900,54.8480,13.2640,19.6330,22.0915,7.2947,14.7968
2023-12-01,16.4610,55.0370,13.8160,20.0420,23.6111,7.8980,15.7130
2024-01-01,18.0170,55.0250,14.9180,22.2560,25.4609,8.7252,16.7357
2024-02-01,19.2970,55.1340,15.8520,24.0150,26.7983,9.3317,17.4666
2024-03-01,19.9550,54.8790,16.4140,24.7220,26.4123,9.3658,17.0465
2024-04-01,19.1790,54.7960,15.8320,23.6220,24.7400,8.6573,16.0827
2024-05-01,17.9360,55.0250,15.1080,21.6750,23.5853,8.2634,15.3219
2024-06-01,17.6770,55.2990,14.9760,21.2720,23.3164,8.1378,15.1786
2024-07-01,17.2320,55.6960,14.2260,21.1960,23.1336,7.8441,15.2895
2024-08-01,17.2690,55.5940,14.4760,20.9950,22.7540,7.6315,15.1224
2024-09-01,16.4440,54.9600,13.2620,20.6810,21.6481,7.0209,14.6272
2024-10-01,16.1700,54.7620,13.1970,20.2200,21.2950,6.8487,14.4463
2024-11-01,15.6610,53.5460,12.4730,19.9590,21.2862,6.7420,14.5442
2024-12-01,15.5590,54.1670,12.7680,19.3230,22.5491,7.3319,15.2172
2025-01-01,16.3640,54.5040,12.8070,21.2680,24.1733,7.9959,16.1774
2025-02-01,16.7860,55.4460,12.9050,22.1460,24.7343,8.1563,16.5780
2025-03-01,17.1030,55.4260,12.9710,22.7910,24.2347,7.9821,16.2526
2025-04-01,15.9620,54.6650,12.5500,20.6030,22.7543,7.3887,15.3656
2025-05-01,15.7480,54.4410,12.7980,19.8260,22.5484,7.3509,15.1975
2025-06-01,15.3130,54.3090,12.5600,19.2310,22.3501,7.1396,15.2105
2025-07-01,15.0130,54.8000,12.6860,18.2300,21.9884,7.2315,14.7569
2025-08-01,14.7890,55.0400,12.1720,18.3570,21.3820,6.9536,14.4283
2025-09-01,14.5710,54.7200,12.2470,17.7460,20.7619,6.7785,13.9835
2025-10-01,14.6870,55.0910,11.8310,18.5990,20.5711,6.4544,14.1167
2025-11-01,14.0060,54.8110,11.3200,17.6230,20.3023,6.2659,14.0364
2025-12-01,14.1500,55.3840,11.3450,17.8260,21.3863,6.6928,14.6935
2026-01-01,15.3060,54.8860,12.8390,18.5300,23.2437,7.6732,15.5705
2026-02-01,16.5390,55.1750,13.8680,20.0810,24.2416,8.2708,15.9708
2026-03-01,16.9870,55.3600,13.9520,20.9890,23.7698,8.0188,15.7510
2026-04-01,16.2430,55.1640,13.0140,20.5770,22.7811,7.5408,15.2403
2026-05-01,15.2980,55.5270,12.1370,19.6110,21.9740,7.0816,14.8924
2026-06-01,14.7450,55.3620,12.0020,18.4970,21.4026,6.9625,14.4401
2026-07-01,14.0860,55.7510,11.5790,17.5080,20.5765,6.4840,14.0925
