mes,categoria,matriculas,cancelaciones
2010-01-01,PERSONA NATURAL,15778,6983
2010-02-01,PERSONA NATURAL,17143,8535
2010-03-01,PERSONA NATURAL,20848,16999
2010-04-01,PERSONA NATURAL,15228,4367
2010-05-01,PERSONA NATURAL,14607,3641
2010-06-01,PERSONA NATURAL,14183,3701
2010-07-01,PERSONA NATURAL,14750,4186
2010-08-01,PERSONA NATURAL,15404,4652
2010-09-01,PERSONA NATURAL,16701,4841
2010-10-01,PERSONA NATURAL,13916,4182
2010-11-01,PERSONA NATURAL,11503,4813
2010-12-01,PERSONA NATURAL,5372,7243
2011-01-01,PERSONA NATURAL,16896,7649
2011-02-01,PERSONA NATURAL,18011,10775
2011-03-01,PERSONA NATURAL,21676,26714
2011-04-01,PERSONA NATURAL,15545,5214
2011-05-01,PERSONA NATURAL,17592,4953
2011-06-01,PERSONA NATURAL,16532,8503
2011-07-01,PERSONA NATURAL,15321,4574
2011-08-01,PERSONA NATURAL,14742,4396
2011-09-01,PERSONA NATURAL,15117,4247
2011-10-01,PERSONA NATURAL,12378,3847
2011-11-01,PERSONA NATURAL,11389,4372
2011-12-01,PERSONA NATURAL,5873,609103
2012-01-01,PERSONA NATURAL,18143,8044
2012-02-01,PERSONA NATURAL,20426,8612
2012-03-01,PERSONA NATURAL,25994,16498
2012-04-01,PERSONA NATURAL,16499,3990
2012-05-01,PERSONA NATURAL,17717,3627
2012-06-01,PERSONA NATURAL,15890,3740
2012-07-01,PERSONA NATURAL,17295,4148
2012-08-01,PERSONA NATURAL,20683,4520
2012-09-01,PERSONA NATURAL,21172,4264
2012-10-01,PERSONA NATURAL,20395,4559
2012-11-01,PERSONA NATURAL,16244,4810
2012-12-01,PERSONA NATURAL,5183,6415
2013-01-01,PERSONA NATURAL,16788,7852
2013-02-01,PERSONA NATURAL,18180,8965
2013-03-01,PERSONA NATURAL,17459,15355
2013-04-01,PERSONA NATURAL,19934,4930
2013-05-01,PERSONA NATURAL,19712,4148
2013-06-01,PERSONA NATURAL,17868,3978
2013-07-01,PERSONA NATURAL,22014,5512
2013-08-01,PERSONA NATURAL,19664,5151
2013-09-01,PERSONA NATURAL,19698,5238
2013-10-01,PERSONA NATURAL,19594,5170
2013-11-01,PERSONA NATURAL,14151,4793
2013-12-01,PERSONA NATURAL,7898,7647
2014-01-01,PERSONA NATURAL,21867,8696
2014-02-01,PERSONA NATURAL,22886,10025
2014-03-01,PERSONA NATURAL,23501,19375
2014-04-01,PERSONA NATURAL,20769,4668
2014-05-01,PERSONA NATURAL,22311,4232
2014-06-01,PERSONA NATURAL,16069,3695
2014-07-01,PERSONA NATURAL,22891,5696
2014-08-01,PERSONA NATURAL,18056,5746
2014-09-01,PERSONA NATURAL,20208,6422
2014-10-01,PERSONA NATURAL,19656,5902
2014-11-01,PERSONA NATURAL,14943,4871
2014-12-01,PERSONA NATURAL,9200,7863
2015-01-01,PERSONA NATURAL,16713,8076
2015-02-01,PERSONA NATURAL,18643,10506
2015-03-01,PERSONA NATURAL,20612,31211
2015-04-01,PERSONA NATURAL,17923,6969
2015-05-01,PERSONA NATURAL,15939,4328
2015-06-01,PERSONA NATURAL,16280,4579
2015-07-01,PERSONA NATURAL,20510,662422
2015-08-01,PERSONA NATURAL,17578,9542
2015-09-01,PERSONA NATURAL,18811,5202
2015-10-01,PERSONA NATURAL,15929,4707
2015-11-01,PERSONA NATURAL,11992,4997
2015-12-01,PERSONA NATURAL,5961,8350
2016-01-01,PERSONA NATURAL,18545,7886
2016-02-01,PERSONA NATURAL,22795,11107
2016-03-01,PERSONA NATURAL,21797,27395
2016-04-01,PERSONA NATURAL,21382,119155
2016-05-01,PERSONA NATURAL,19134,5274
2016-06-01,PERSONA NATURAL,20750,4204
2016-07-01,PERSONA NATURAL,19299,4315
2016-08-01,PERSONA NATURAL,21976,5085
2016-09-01,PERSONA NATURAL,21161,6068
2016-10-01,PERSONA NATURAL,17671,6101
2016-11-01,PERSONA NATURAL,14371,5835
2016-12-01,PERSONA NATURAL,6686,9474
2017-01-01,PERSONA NATURAL,22702,10168
2017-02-01,PERSONA NATURAL,26234,11808
2017-03-01,PERSONA NATURAL,28595,33916
2017-04-01,PERSONA NATURAL,19650,103367
2017-05-01,PERSONA NATURAL,22307,6033
2017-06-01,PERSONA NATURAL,21545,8351
2017-07-01,PERSONA NATURAL,22486,4571
2017-08-01,PERSONA NATURAL,24604,5055
2017-09-01,PERSONA NATURAL,22855,4959
2017-10-01,PERSONA NATURAL,20932,5085
2017-11-01,PERSONA NATURAL,17237,5650
2017-12-01,PERSONA NATURAL,7399,7839
2018-01-01,PERSONA NATURAL,24823,9890
2018-02-01,PERSONA NATURAL,26700,12112
2018-03-01,PERSONA NATURAL,26625,32061
2018-04-01,PERSONA NATURAL,25093,106239
2018-05-01,PERSONA NATURAL,24079,4703
2018-06-01,PERSONA NATURAL,21682,4218
2018-07-01,PERSONA NATURAL,22841,5080
2018-08-01,PERSONA NATURAL,23502,5845
2018-09-01,PERSONA NATURAL,22028,5616
2018-10-01,PERSONA NATURAL,22543,6209
2018-11-01,PERSONA NATURAL,16283,6465
2018-12-01,PERSONA NATURAL,7629,9225
2019-01-01,PERSONA NATURAL,25627,11361
2019-02-01,PERSONA NATURAL,27967,13244
2019-03-01,PERSONA NATURAL,30471,32143
2019-04-01,PERSONA NATURAL,25339,105576
2019-05-01,PERSONA NATURAL,24967,5375
2019-06-01,PERSONA NATURAL,20327,4641
2019-07-01,PERSONA NATURAL,24423,5892
2019-08-01,PERSONA NATURAL,23284,6066
2019-09-01,PERSONA NATURAL,22315,6683
2019-10-01,PERSONA NATURAL,20915,6463
2019-11-01,PERSONA NATURAL,15043,5741
2019-12-01,PERSONA NATURAL,7614,9148
2020-01-01,PERSONA NATURAL,27713,11567
2020-02-01,PERSONA NATURAL,28313,13146
2020-03-01,PERSONA NATURAL,18590,14740
2020-04-01,PERSONA NATURAL,3496,592
2020-05-01,PERSONA NATURAL,12291,1622
2020-06-01,PERSONA NATURAL,25053,9100
2020-07-01,PERSONA NATURAL,27577,91419
2020-08-01,PERSONA NATURAL,20674,20196
2020-09-01,PERSONA NATURAL,25685,5348
2020-10-01,PERSONA NATURAL,25029,5760
2020-11-01,PERSONA NATURAL,19362,5568
2020-12-01,PERSONA NATURAL,9943,7736
2021-01-01,PERSONA NATURAL,22800,8151
2021-02-01,PERSONA NATURAL,28856,12133
2021-03-01,PERSONA NATURAL,33262,29530
2021-04-01,PERSONA NATURAL,22210,101578
2021-05-01,PERSONA NATURAL,16593,3703
2021-06-01,PERSONA NATURAL,20742,4099
2021-07-01,PERSONA NATURAL,23251,4617
2021-08-01,PERSONA NATURAL,26706,5267
2021-09-01,PERSONA NATURAL,26195,13644
2021-10-01,PERSONA NATURAL,22253,5007
2021-11-01,PERSONA NATURAL,18852,5742
2021-12-01,PERSONA NATURAL,8649,8808
2022-01-01,PERSONA NATURAL,24213,8508
2022-02-01,PERSONA NATURAL,27987,11173
2022-03-01,PERSONA NATURAL,31916,23383
2022-04-01,PERSONA NATURAL,24315,125399
2022-05-01,PERSONA NATURAL,25084,4667
2022-06-01,PERSONA NATURAL,23181,4658
2022-07-01,PERSONA NATURAL,23488,5406
2022-08-01,PERSONA NATURAL,26555,5961
2022-09-01,PERSONA NATURAL,24587,5984
2022-10-01,PERSONA NATURAL,20956,5649
2022-11-01,PERSONA NATURAL,16939,6317
2022-12-01,PERSONA NATURAL,8075,8152
2023-01-01,PERSONA NATURAL,24620,10170
2023-02-01,PERSONA NATURAL,26168,12259
2023-03-01,PERSONA NATURAL,29644,31047
2023-04-01,PERSONA NATURAL,21404,119010
2023-05-01,PERSONA NATURAL,23831,9256
2023-06-01,PERSONA NATURAL,21328,4847
2023-07-01,PERSONA NATURAL,20214,4914
2023-08-01,PERSONA NATURAL,21757,5604
2023-09-01,PERSONA NATURAL,20163,5525
2023-10-01,PERSONA NATURAL,17966,5484
2023-11-01,PERSONA NATURAL,14505,5872
2023-12-01,PERSONA NATURAL,6745,7752
2024-01-01,PERSONA NATURAL,23810,10749
2024-02-01,PERSONA NATURAL,26437,13360
2024-03-01,PERSONA NATURAL,23114,23033
2024-04-01,PERSONA NATURAL,24775,167832
2024-05-01,PERSONA NATURAL,22472,10227
2024-06-01,PERSONA NATURAL,18830,4718
2024-07-01,PERSONA NATURAL,22467,6183
2024-08-01,PERSONA NATURAL,20814,5872
2024-09-01,PERSONA NATURAL,19339,6123
2024-10-01,PERSONA NATURAL,19062,6627
2024-11-01,PERSONA NATURAL,13899,6009
2024-12-01,PERSONA NATURAL,7046,8414
2025-01-01,PERSONA NATURAL,24183,10185
2025-02-01,PERSONA NATURAL,25915,12376
2025-03-01,PERSONA NATURAL,26294,26327
2025-04-01,PERSONA NATURAL,22393,115252
2025-05-01,PERSONA NATURAL,21617,6439
2025-06-01,PERSONA NATURAL,18800,4262
2025-07-01,PERSONA NATURAL,24900,5697
2025-08-01,PERSONA NATURAL,19721,5082
2025-09-01,PERSONA NATURAL,21469,5591
2025-10-01,PERSONA NATURAL,19802,5585
2025-11-01,PERSONA NATURAL,14143,5000
2025-12-01,PERSONA NATURAL,7296,7398
2026-01-01,PERSONA NATURAL,21464,8985
2026-02-01,PERSONA NATURAL,25744,12024
2026-03-01,PERSONA NATURAL,27695,26342
2026-04-01,PERSONA NATURAL,22778,114484
2026-05-01,PERSONA NATURAL,20480,6550
2026-06-01,PERSONA NATURAL,19236,4548
2026-07-01,PERSONA NATURAL,21147,5594
2026-08-01,PERSONA NATURAL,18146,21612
2026-09-01,PERSONA NATURAL,2996,817
2010-01-01,SOCIEDAD Ó PERSONA JURIDICA PRINCIPAL Ó ESAL,4313,826
2010-02-01,SOCIEDAD Ó PERSONA JURIDICA PRINCIPAL Ó ESAL,5367,892
2010-03-01,SOCIEDAD Ó PERSONA JURIDICA PRINCIPAL Ó ESAL,5687,1624
2010-04-01,SOCIEDAD Ó PERSONA JURIDICA PRINCIPAL Ó ESAL,4794,874
2010-05-01,SOCIEDAD Ó PERSONA JURIDICA PRINCIPAL Ó ESAL,4821,800
2010-06-01,SOCIEDAD Ó PERSONA JURIDICA PRINCIPAL Ó ESAL,4871,828
2010-07-01,SOCIEDAD Ó PERSONA JURIDICA PRINCIPAL Ó ESAL,4816,841
2010-08-01,SOCIEDAD Ó PERSONA JURIDICA PRINCIPAL Ó ESAL,5354,896
2010-09-01,SOCIEDAD Ó PERSONA JURIDICA PRINCIPAL Ó ESAL,5692,955
2010-10-01,SOCIEDAD Ó PERSONA JURIDICA PRINCIPAL Ó ESAL,5037,947
2010-11-01,SOCIEDAD Ó PERSONA JURIDICA PRINCIPAL Ó ESAL,4903,1035
2010-12-01,SOCIEDAD Ó PERSONA JURIDICA PRINCIPAL Ó ESAL,4616,2063
2011-01-01,SOCIEDAD Ó PERSONA JURIDICA PRINCIPAL Ó ESAL,5111,885
2011-02-01,SOCIEDAD Ó PERSONA JURIDICA PRINCIPAL Ó ESAL,5968,962
2011-03-01,SOCIEDAD Ó PERSONA JURIDICA PRINCIPAL Ó ESAL,6821,2205
2011-04-01,SOCIEDAD Ó PERSONA JURIDICA PRINCIPAL Ó ESAL,5792,1147
2011-05-01,SOCIEDAD Ó PERSONA JURIDICA PRINCIPAL Ó ESAL,6595,1001
2011-06-01,SOCIEDAD Ó PERSONA JURIDICA PRINCIPAL Ó ESAL,6268,1229
2011-07-01,SOCIEDAD Ó PERSONA JURIDICA PRINCIPAL Ó ESAL,5841,955
2011-08-01,SOCIEDAD Ó PERSONA JURIDICA PRINCIPAL Ó ESAL,6290,940
2011-09-01,SOCIEDAD Ó PERSONA JURIDICA PRINCIPAL Ó ESAL,6384,946
2011-10-01,SOCIEDAD Ó PERSONA JURIDICA PRINCIPAL Ó ESAL,5389,872
2011-11-01,SOCIEDAD Ó PERSONA JURIDICA PRINCIPAL Ó ESAL,5667,934
2011-12-01,SOCIEDAD Ó PERSONA JURIDICA PRINCIPAL Ó ESAL,4810,7332
2012-01-01,SOCIEDAD Ó PERSONA JURIDICA PRINCIPAL Ó ESAL,6607,844
2012-02-01,SOCIEDAD Ó PERSONA JURIDICA PRINCIPAL Ó ESAL,7952,998
2012-03-01,SOCIEDAD Ó PERSONA JURIDICA PRINCIPAL Ó ESAL,10264,1685
2012-04-01,SOCIEDAD Ó PERSONA JURIDICA PRINCIPAL Ó ESAL,7979,970
2012-05-01,SOCIEDAD Ó PERSONA JURIDICA PRINCIPAL Ó ESAL,7551,916
2012-06-01,SOCIEDAD Ó PERSONA JURIDICA PRINCIPAL Ó ESAL,6720,826
2012-07-01,SOCIEDAD Ó PERSONA JURIDICA PRINCIPAL Ó ESAL,6703,853
2012-08-01,SOCIEDAD Ó PERSONA JURIDICA PRINCIPAL Ó ESAL,6346,874
2012-09-01,SOCIEDAD Ó PERSONA JURIDICA PRINCIPAL Ó ESAL,6015,804
2012-10-01,SOCIEDAD Ó PERSONA JURIDICA PRINCIPAL Ó ESAL,6149,1020
2012-11-01,SOCIEDAD Ó PERSONA JURIDICA PRINCIPAL Ó ESAL,5659,1054
2012-12-01,SOCIEDAD Ó PERSONA JURIDICA PRINCIPAL Ó ESAL,4000,1869
2013-01-01,SOCIEDAD Ó PERSONA JURIDICA PRINCIPAL Ó ESAL,6087,882
2013-02-01,SOCIEDAD Ó PERSONA JURIDICA PRINCIPAL Ó ESAL,6954,888
2013-03-01,SOCIEDAD Ó PERSONA JURIDICA PRINCIPAL Ó ESAL,5764,1393
2013-04-01,SOCIEDAD Ó PERSONA JURIDICA PRINCIPAL Ó ESAL,6646,1127
2013-05-01,SOCIEDAD Ó PERSONA JURIDICA PRINCIPAL Ó ESAL,6847,885
2013-06-01,SOCIEDAD Ó PERSONA JURIDICA PRINCIPAL Ó ESAL,5805,912
2013-07-01,SOCIEDAD Ó PERSONA JURIDICA PRINCIPAL Ó ESAL,7890,1116
2013-08-01,SOCIEDAD Ó PERSONA JURIDICA PRINCIPAL Ó ESAL,6852,898
2013-09-01,SOCIEDAD Ó PERSONA JURIDICA PRINCIPAL Ó ESAL,7288,1009
2013-10-01,SOCIEDAD Ó PERSONA JURIDICA PRINCIPAL Ó ESAL,7274,1086
2013-11-01,SOCIEDAD Ó PERSONA JURIDICA PRINCIPAL Ó ESAL,5700,1124
2013-12-01,SOCIEDAD Ó PERSONA JURIDICA PRINCIPAL Ó ESAL,4643,2193
2014-01-01,SOCIEDAD Ó PERSONA JURIDICA PRINCIPAL Ó ESAL,7384,970
2014-02-01,SOCIEDAD Ó PERSONA JURIDICA PRINCIPAL Ó ESAL,8053,1074
2014-03-01,SOCIEDAD Ó PERSONA JURIDICA PRINCIPAL Ó ESAL,7718,1797
2014-04-01,SOCIEDAD Ó PERSONA JURIDICA PRINCIPAL Ó ESAL,6626,1060
2014-05-01,SOCIEDAD Ó PERSONA JURIDICA PRINCIPAL Ó ESAL,7506,965
2014-06-01,SOCIEDAD Ó PERSONA JURIDICA PRINCIPAL Ó ESAL,5987,831
2014-07-01,SOCIEDAD Ó PERSONA JURIDICA PRINCIPAL Ó ESAL,7137,1230
2014-08-01,SOCIEDAD Ó PERSONA JURIDICA PRINCIPAL Ó ESAL,6609,918
2014-09-01,SOCIEDAD Ó PERSONA JURIDICA PRINCIPAL Ó ESAL,7796,1096
2014-10-01,SOCIEDAD Ó PERSONA JURIDICA PRINCIPAL Ó ESAL,7547,1078
2014-11-01,SOCIEDAD Ó PERSONA JURIDICA PRINCIPAL Ó ESAL,5982,1090
2014-12-01,SOCIEDAD Ó PERSONA JURIDICA PRINCIPAL Ó ESAL,7704,2644
2015-01-01,SOCIEDAD Ó PERSONA JURIDICA PRINCIPAL Ó ESAL,6011,935
2015-02-01,SOCIEDAD Ó PERSONA JURIDICA PRINCIPAL Ó ESAL,7351,1213
2015-03-01,SOCIEDAD Ó PERSONA JURIDICA PRINCIPAL Ó ESAL,7266,2617
2015-04-01,SOCIEDAD Ó PERSONA JURIDICA PRINCIPAL Ó ESAL,6036,1277
2015-05-01,SOCIEDAD Ó PERSONA JURIDICA PRINCIPAL Ó ESAL,6312,998
2015-06-01,SOCIEDAD Ó PERSONA JURIDICA PRINCIPAL Ó ESAL,6330,1087
2015-07-01,SOCIEDAD Ó PERSONA JURIDICA PRINCIPAL Ó ESAL,7150,1683
2015-08-01,SOCIEDAD Ó PERSONA JURIDICA PRINCIPAL Ó ESAL,6259,1055
2015-09-01,SOCIEDAD Ó PERSONA JURIDICA PRINCIPAL Ó ESAL,7076,1231
2015-10-01,SOCIEDAD Ó PERSONA JURIDICA PRINCIPAL Ó ESAL,6516,1130
2015-11-01,SOCIEDAD Ó PERSONA JURIDICA PRINCIPAL Ó ESAL,5740,1214
2015-12-01,SOCIEDAD Ó PERSONA JURIDICA PRINCIPAL Ó ESAL,4275,2527
2016-01-01,SOCIEDAD Ó PERSONA JURIDICA PRINCIPAL Ó ESAL,7716,933
2016-02-01,SOCIEDAD Ó PERSONA JURIDICA PRINCIPAL Ó ESAL,9463,1194
2016-03-01,SOCIEDAD Ó PERSONA JURIDICA PRINCIPAL Ó ESAL,8162,2278
2016-04-01,SOCIEDAD Ó PERSONA JURIDICA PRINCIPAL Ó ESAL,7704,1392
2016-05-01,SOCIEDAD Ó PERSONA JURIDICA PRINCIPAL Ó ESAL,7642,1012
2016-06-01,SOCIEDAD Ó PERSONA JURIDICA PRINCIPAL Ó ESAL,8057,1156
2016-07-01,SOCIEDAD Ó PERSONA JURIDICA PRINCIPAL Ó ESAL,7855,1045
2016-08-01,SOCIEDAD Ó PERSONA JURIDICA PRINCIPAL Ó ESAL,8269,1165
2016-09-01,SOCIEDAD Ó PERSONA JURIDICA PRINCIPAL Ó ESAL,8091,1165
2016-10-01,SOCIEDAD Ó PERSONA JURIDICA PRINCIPAL Ó ESAL,7320,1537
2016-11-01,SOCIEDAD Ó PERSONA JURIDICA PRINCIPAL Ó ESAL,6840,1543
2016-12-01,SOCIEDAD Ó PERSONA JURIDICA PRINCIPAL Ó ESAL,6712,3068
2017-01-01,SOCIEDAD Ó PERSONA JURIDICA PRINCIPAL Ó ESAL,7697,1160
2017-02-01,SOCIEDAD Ó PERSONA JURIDICA PRINCIPAL Ó ESAL,8336,1315
2017-03-01,SOCIEDAD Ó PERSONA JURIDICA PRINCIPAL Ó ESAL,8136,3653
2017-04-01,SOCIEDAD Ó PERSONA JURIDICA PRINCIPAL Ó ESAL,6105,1443
2017-05-01,SOCIEDAD Ó PERSONA JURIDICA PRINCIPAL Ó ESAL,7541,1265
2017-06-01,SOCIEDAD Ó PERSONA JURIDICA PRINCIPAL Ó ESAL,7307,1304
2017-07-01,SOCIEDAD Ó PERSONA JURIDICA PRINCIPAL Ó ESAL,7107,1194
2017-08-01,SOCIEDAD Ó PERSONA JURIDICA PRINCIPAL Ó ESAL,7137,1313
2017-09-01,SOCIEDAD Ó PERSONA JURIDICA PRINCIPAL Ó ESAL,7008,1139
2017-10-01,SOCIEDAD Ó PERSONA JURIDICA PRINCIPAL Ó ESAL,6693,1291
2017-11-01,SOCIEDAD Ó PERSONA JURIDICA PRINCIPAL Ó ESAL,6417,1516
2017-12-01,SOCIEDAD Ó PERSONA JURIDICA PRINCIPAL Ó ESAL,4083,2816
2018-01-01,SOCIEDAD Ó PERSONA JURIDICA PRINCIPAL Ó ESAL,7524,1338
2018-02-01,SOCIEDAD Ó PERSONA JURIDICA PRINCIPAL Ó ESAL,7850,1422
2018-03-01,SOCIEDAD Ó PERSONA JURIDICA PRINCIPAL Ó ESAL,7180,3044
2018-04-01,SOCIEDAD Ó PERSONA JURIDICA PRINCIPAL Ó ESAL,6814,1678
2018-05-01,SOCIEDAD Ó PERSONA JURIDICA PRINCIPAL Ó ESAL,7440,1509
2018-06-01,SOCIEDAD Ó PERSONA JURIDICA PRINCIPAL Ó ESAL,6175,1176
2018-07-01,SOCIEDAD Ó PERSONA JURIDICA PRINCIPAL Ó ESAL,6461,1413
2018-08-01,SOCIEDAD Ó PERSONA JURIDICA PRINCIPAL Ó ESAL,7495,1430
2018-09-01,SOCIEDAD Ó PERSONA JURIDICA PRINCIPAL Ó ESAL,7083,1261
2018-10-01,SOCIEDAD Ó PERSONA JURIDICA PRINCIPAL Ó ESAL,7519,1495
2018-11-01,SOCIEDAD Ó PERSONA JURIDICA PRINCIPAL Ó ESAL,6542,1677
2018-12-01,SOCIEDAD Ó PERSONA JURIDICA PRINCIPAL Ó ESAL,4595,3094
2019-01-01,SOCIEDAD Ó PERSONA JURIDICA PRINCIPAL Ó ESAL,8008,1355
2019-02-01,SOCIEDAD Ó PERSONA JURIDICA PRINCIPAL Ó ESAL,8983,1534
2019-03-01,SOCIEDAD Ó PERSONA JURIDICA PRINCIPAL Ó ESAL,8149,2892
2019-04-01,SOCIEDAD Ó PERSONA JURIDICA PRINCIPAL Ó ESAL,7611,1989
2019-05-01,SOCIEDAD Ó PERSONA JURIDICA PRINCIPAL Ó ESAL,8909,1649
2019-06-01,SOCIEDAD Ó PERSONA JURIDICA PRINCIPAL Ó ESAL,7263,1315
2019-07-01,SOCIEDAD Ó PERSONA JURIDICA PRINCIPAL Ó ESAL,8429,1548
2019-08-01,SOCIEDAD Ó PERSONA JURIDICA PRINCIPAL Ó ESAL,7535,1309
2019-09-01,SOCIEDAD Ó PERSONA JURIDICA PRINCIPAL Ó ESAL,7743,1366
2019-10-01,SOCIEDAD Ó PERSONA JURIDICA PRINCIPAL Ó ESAL,7850,1450
2019-11-01,SOCIEDAD Ó PERSONA JURIDICA PRINCIPAL Ó ESAL,6387,1448
2019-12-01,SOCIEDAD Ó PERSONA JURIDICA PRINCIPAL Ó ESAL,4993,2886
2020-01-01,SOCIEDAD Ó PERSONA JURIDICA PRINCIPAL Ó ESAL,9157,1288
2020-02-01,SOCIEDAD Ó PERSONA JURIDICA PRINCIPAL Ó ESAL,9831,1503
2020-03-01,SOCIEDAD Ó PERSONA JURIDICA PRINCIPAL Ó ESAL,7030,1662
2020-04-01,SOCIEDAD Ó PERSONA JURIDICA PRINCIPAL Ó ESAL,1028,229
2020-05-01,SOCIEDAD Ó PERSONA JURIDICA PRINCIPAL Ó ESAL,2798,381
2020-06-01,SOCIEDAD Ó PERSONA JURIDICA PRINCIPAL Ó ESAL,6206,882
2020-07-01,SOCIEDAD Ó PERSONA JURIDICA PRINCIPAL Ó ESAL,7594,1618
2020-08-01,SOCIEDAD Ó PERSONA JURIDICA PRINCIPAL Ó ESAL,6923,927
2020-09-01,SOCIEDAD Ó PERSONA JURIDICA PRINCIPAL Ó ESAL,9185,1252
2020-10-01,SOCIEDAD Ó PERSONA JURIDICA PRINCIPAL Ó ESAL,8936,1294
2020-11-01,SOCIEDAD Ó PERSONA JURIDICA PRINCIPAL Ó ESAL,7597,1470
2020-12-01,SOCIEDAD Ó PERSONA JURIDICA PRINCIPAL Ó ESAL,5873,2696
2021-01-01,SOCIEDAD Ó PERSONA JURIDICA PRINCIPAL Ó ESAL,7183,1076
2021-02-01,SOCIEDAD Ó PERSONA JURIDICA PRINCIPAL Ó ESAL,10128,1413
2021-03-01,SOCIEDAD Ó PERSONA JURIDICA PRINCIPAL Ó ESAL,11061,2856
2021-04-01,SOCIEDAD Ó PERSONA JURIDICA PRINCIPAL Ó ESAL,7757,1537
2021-05-01,SOCIEDAD Ó PERSONA JURIDICA PRINCIPAL Ó ESAL,7149,1276
2021-06-01,SOCIEDAD Ó PERSONA JURIDICA PRINCIPAL Ó ESAL,7404,1336
2021-07-01,SOCIEDAD Ó PERSONA JURIDICA PRINCIPAL Ó ESAL,7964,1356
2021-08-01,SOCIEDAD Ó PERSONA JURIDICA PRINCIPAL Ó ESAL,8447,1387
2021-09-01,SOCIEDAD Ó PERSONA JURIDICA PRINCIPAL Ó ESAL,8620,2276
2021-10-01,SOCIEDAD Ó PERSONA JURIDICA PRINCIPAL Ó ESAL,7743,1321
2021-11-01,SOCIEDAD Ó PERSONA JURIDICA PRINCIPAL Ó ESAL,7135,1496
2021-12-01,SOCIEDAD Ó PERSONA JURIDICA PRINCIPAL Ó ESAL,5526,2767
2022-01-01,SOCIEDAD Ó PERSONA JURIDICA PRINCIPAL Ó ESAL,7339,1082
2022-02-01,SOCIEDAD Ó PERSONA JURIDICA PRINCIPAL Ó ESAL,9032,1315
2022-03-01,SOCIEDAD Ó PERSONA JURIDICA PRINCIPAL Ó ESAL,9278,2702
2022-04-01,SOCIEDAD Ó PERSONA JURIDICA PRINCIPAL Ó ESAL,7567,1656
2022-05-01,SOCIEDAD Ó PERSONA JURIDICA PRINCIPAL Ó ESAL,8816,1287
2022-06-01,SOCIEDAD Ó PERSONA JURIDICA PRINCIPAL Ó ESAL,7799,1237
2022-07-01,SOCIEDAD Ó PERSONA JURIDICA PRINCIPAL Ó ESAL,7476,1260
2022-08-01,SOCIEDAD Ó PERSONA JURIDICA PRINCIPAL Ó ESAL,8704,1377
2022-09-01,SOCIEDAD Ó PERSONA JURIDICA PRINCIPAL Ó ESAL,8995,1428
2022-10-01,SOCIEDAD Ó PERSONA JURIDICA PRINCIPAL Ó ESAL,8185,1414
2022-11-01,SOCIEDAD Ó PERSONA JURIDICA PRINCIPAL Ó ESAL,7581,1732
2022-12-01,SOCIEDAD Ó PERSONA JURIDICA PRINCIPAL Ó ESAL,6303,2931
2023-01-01,SOCIEDAD Ó PERSONA JURIDICA PRINCIPAL Ó ESAL,8373,1224
2023-02-01,SOCIEDAD Ó PERSONA JURIDICA PRINCIPAL Ó ESAL,9542,1326
2023-03-01,SOCIEDAD Ó PERSONA JURIDICA PRINCIPAL Ó ESAL,9975,3161
2023-04-01,SOCIEDAD Ó PERSONA JURIDICA PRINCIPAL Ó ESAL,7135,1445
2023-05-01,SOCIEDAD Ó PERSONA JURIDICA PRINCIPAL Ó ESAL,8748,1406
2023-06-01,SOCIEDAD Ó PERSONA JURIDICA PRINCIPAL Ó ESAL,8114,1536
2023-07-01,SOCIEDAD Ó PERSONA JURIDICA PRINCIPAL Ó ESAL,7470,1767
2023-08-01,SOCIEDAD Ó PERSONA JURIDICA PRINCIPAL Ó ESAL,8236,1869
2023-09-01,SOCIEDAD Ó PERSONA JURIDICA PRINCIPAL Ó ESAL,8306,1582
2023-10-01,SOCIEDAD Ó PERSONA JURIDICA PRINCIPAL Ó ESAL,7831,1463
2023-11-01,SOCIEDAD Ó PERSONA JURIDICA PRINCIPAL Ó ESAL,7331,1719
2023-12-01,SOCIEDAD Ó PERSONA JURIDICA PRINCIPAL Ó ESAL,5705,2896
2024-01-01,SOCIEDAD Ó PERSONA JURIDICA PRINCIPAL Ó ESAL,9486,1303
2024-02-01,SOCIEDAD Ó PERSONA JURIDICA PRINCIPAL Ó ESAL,10821,1546
2024-03-01,SOCIEDAD Ó PERSONA JURIDICA PRINCIPAL Ó ESAL,9465,2306
2024-04-01,SOCIEDAD Ó PERSONA JURIDICA PRINCIPAL Ó ESAL,9241,1892
2024-05-01,SOCIEDAD Ó PERSONA JURIDICA PRINCIPAL Ó ESAL,9282,1594
2024-06-01,SOCIEDAD Ó PERSONA JURIDICA PRINCIPAL Ó ESAL,7542,1332
2024-07-01,SOCIEDAD Ó PERSONA JURIDICA PRINCIPAL Ó ESAL,9270,1706
2024-08-01,SOCIEDAD Ó PERSONA JURIDICA PRINCIPAL Ó ESAL,8529,1359
2024-09-01,SOCIEDAD Ó PERSONA JURIDICA PRINCIPAL Ó ESAL,8457,1368
2024-10-01,SOCIEDAD Ó PERSONA JURIDICA PRINCIPAL Ó ESAL,9121,1384
2024-11-01,SOCIEDAD Ó PERSONA JURIDICA PRINCIPAL Ó ESAL,7242,1481
2024-12-01,SOCIEDAD Ó PERSONA JURIDICA PRINCIPAL Ó ESAL,6193,2864
2025-01-01,SOCIEDAD Ó PERSONA JURIDICA PRINCIPAL Ó ESAL,9042,1331
2025-02-01,SOCIEDAD Ó PERSONA JURIDICA PRINCIPAL Ó ESAL,10076,1292
2025-03-01,SOCIEDAD Ó PERSONA JURIDICA PRINCIPAL Ó ESAL,9394,2667
2025-04-01,SOCIEDAD Ó PERSONA JURIDICA PRINCIPAL Ó ESAL,8289,1661
2025-05-01,SOCIEDAD Ó PERSONA JURIDICA PRINCIPAL Ó ESAL,8916,1506
2025-06-01,SOCIEDAD Ó PERSONA JURIDICA PRINCIPAL Ó ESAL,7739,1257
2025-07-01,SOCIEDAD Ó PERSONA JURIDICA PRINCIPAL Ó ESAL,10321,1730
2025-08-01,SOCIEDAD Ó PERSONA JURIDICA PRINCIPAL Ó ESAL,8100,1364
2025-09-01,SOCIEDAD Ó PERSONA JURIDICA PRINCIPAL Ó ESAL,9369,1457
2025-10-01,SOCIEDAD Ó PERSONA JURIDICA PRINCIPAL Ó ESAL,9155,1652
2025-11-01,SOCIEDAD Ó PERSONA JURIDICA PRINCIPAL Ó ESAL,7053,1442
2025-12-01,SOCIEDAD Ó PERSONA JURIDICA PRINCIPAL Ó ESAL,6040,2683
2026-01-01,SOCIEDAD Ó PERSONA JURIDICA PRINCIPAL Ó ESAL,8173,1233
2026-02-01,SOCIEDAD Ó PERSONA JURIDICA PRINCIPAL Ó ESAL,10327,1486
2026-03-01,SOCIEDAD Ó PERSONA JURIDICA PRINCIPAL Ó ESAL,10283,2848
2026-04-01,SOCIEDAD Ó PERSONA JURIDICA PRINCIPAL Ó ESAL,8537,1727
2026-05-01,SOCIEDAD Ó PERSONA JURIDICA PRINCIPAL Ó ESAL,8619,1489
2026-06-01,SOCIEDAD Ó PERSONA JURIDICA PRINCIPAL Ó ESAL,8074,1404
2026-07-01,SOCIEDAD Ó PERSONA JURIDICA PRINCIPAL Ó ESAL,8996,1569
2026-08-01,SOCIEDAD Ó PERSONA JURIDICA PRINCIPAL Ó ESAL,8309,9450
2026-09-01,SOCIEDAD Ó PERSONA JURIDICA PRINCIPAL Ó ESAL,1291,200
