ano,puesto,empresa,macrosector,region,ingresos,ganancia,activos,pasivos,patrimonio
2021,1,ECOPETROL S.A.,MINERO,BOGOTÁ - CUNDINAMARCA,84.9500,16.6900,171.6000,99.8700,71.7300
2021,2,ORGANIZACIÓN TERPEL S.A.,COMERCIO,BOGOTÁ - CUNDINAMARCA,17.0100,0.3800,6.3400,3.7600,2.5700
2021,3,REFINERIA DE CARTAGENA S.A.S.,MANUFACTURA,COSTA ATLÁNTICA,15.5000,-0.3700,35.4400,15.0100,20.4300
2021,4,COMUNICACIÓN CELULAR S.A.,SERVICIOS,BOGOTÁ - CUNDINAMARCA,14.6400,1.9900,21.3800,12.5100,8.8700
2021,5,ALMACENES EXITO S.A.,COMERCIO,ANTIOQUIA,13.0300,0.4700,14.4200,7.5400,6.8800
2021,6,EMPRESAS PÚBLICAS DE MEDELLÍN E.S.P.,SERVICIOS,ANTIOQUIA,12.8700,3.3700,55.9900,27.9300,28.0600
2021,7,NUEVA EPS S.A.,SERVICIOS,BOGOTÁ - CUNDINAMARCA,12.3200,0.0400,6.1300,5.7600,0.3700
2021,8,D1 S.A.S.,COMERCIO,BOGOTÁ - CUNDINAMARCA,9.9500,0.1700,4.1300,4.0000,0.1300
2021,9,COLOMBIANA DE COMERCIO S.A.,COMERCIO,BOGOTÁ - CUNDINAMARCA,9.0900,0.3700,4.5900,2.3500,2.2300
2021,10,DRUMMOND LTD,MINERO,BOGOTÁ - CUNDINAMARCA,8.4900,0.8300,10.6500,4.2100,6.4400
2021,11,EPS SURA,SERVICIOS,ANTIOQUIA,8.1500,0.0200,2.0900,1.7000,0.3900
2021,12,CENIT TRANSPORTE Y LOGISTICA DE HIDROCARBUROS S.A.S.,SERVICIOS,BOGOTÁ - CUNDINAMARCA,8.0500,4.9600,19.1500,2.1800,16.9700
2021,13,KOPPS COMMERCIAL S.A.S.,COMERCIO,BOGOTÁ - CUNDINAMARCA,7.9600,0.6000,4.0600,3.2700,0.7900
2021,14,E.P.S. SANITAS S.A.,SERVICIOS,BOGOTÁ - CUNDINAMARCA,7.2200,0.0700,2.5800,2.2000,0.3700
2021,15,SUPERTIENDAS Y DROGUERIAS OLIMPICA S.A.,COMERCIO,COSTA ATLÁNTICA,6.6300,0.1300,4.6500,3.0200,1.6400
2021,16,CARBONES DEL CERREJON LIMITED,MINERO,BOGOTÁ - CUNDINAMARCA,6.5600,1.5700,6.8100,4.1000,2.7100
2021,17,CODENSA S.A. E.S.P.,SERVICIOS,BOGOTÁ - CUNDINAMARCA,6.4100,0.9800,9.1000,5.8500,3.2500
2021,18,PRIMAX COLOMBIA S.A.,COMERCIO,BOGOTÁ - CUNDINAMARCA,6.1000,0.0600,1.6900,1.2100,0.4800
2021,19,BAVARIA & COMPAÑIA S.C.A,MANUFACTURA,BOGOTÁ - CUNDINAMARCA,6.0000,2.7600,10.2500,6.4600,3.7900
2021,20,COLOMBIA TELECOMUNICACIONES S.A. E.S.P. - TELEFONICA,SERVICIOS,BOGOTÁ - CUNDINAMARCA,5.9100,0.1000,13.4200,8.3900,5.0300
2021,21,JERONIMO MARTINS COLOMBIA S.A.S.,COMERCIO,BOGOTÁ - CUNDINAMARCA,5.3400,-0.2800,3.8400,3.7200,0.1200
2021,22,SODIMAC COLOMBIA S.A.,COMERCIO,BOGOTÁ - CUNDINAMARCA,5.2500,0.3500,3.6500,2.4000,1.2500
2021,23,SALUD TOTAL S.A. EPS,SERVICIOS,BOGOTÁ - CUNDINAMARCA,4.8100,0.1400,2.4600,2.0900,0.3700
2021,24,EMGESA S.A. E.S.P.,SERVICIOS,BOGOTÁ - CUNDINAMARCA,4.7300,1.7100,9.0400,3.9300,5.1000
2021,25,OLEODUCTO CENTRAL S.A.,SERVICIOS,BOGOTÁ - CUNDINAMARCA,4.6200,2.5400,7.0700,3.1200,3.9500
2022,1,ECOPETROL S.A.,MINERO,BOGOTÁ - CUNDINAMARCA,144.8200,33.4100,216.8500,125.8100,91.0300
2022,2,REFINERIA DE CARTAGENA S.A.S.,MANUFACTURA,COSTA ATLÁNTICA,27.8600,2.1900,42.8400,16.4800,26.3600
2022,3,ORGANIZACIÓN TERPEL S.A.,COMERCIO,BOGOTÁ - CUNDINAMARCA,23.6000,0.3300,7.4800,4.4700,3.0100
2022,4,CARBONES DEL CERREJON LIMITED,MINERO,BOGOTÁ - CUNDINAMARCA,16.3900,6.0500,10.4500,9.0000,1.4500
2022,5,DRUMMOND LTD,MINERO,BOGOTÁ - CUNDINAMARCA,15.2700,2.1600,14.2700,6.3400,7.9300
2022,6,ALMACENES EXITO S.A.,COMERCIO,ANTIOQUIA,15.1300,0.1000,14.8500,7.6200,7.2300
2022,7,EMPRESAS PÚBLICAS DE MEDELLÍN E.S.P.,SERVICIOS,ANTIOQUIA,15.0700,3.0400,59.4700,30.2400,29.2300
2022,8,NUEVA EPS S.A.,SERVICIOS,BOGOTÁ - CUNDINAMARCA,14.7800,0.0100,5.9100,5.4300,0.4900
2022,9,COMUNICACIÓN CELULAR S.A.,SERVICIOS,BOGOTÁ - CUNDINAMARCA,14.6300,1.7900,23.4300,14.6700,8.7600
2022,10,D1 S.A.S.,COMERCIO,BOGOTÁ - CUNDINAMARCA,13.9600,0.2900,4.9000,4.7500,0.1500
2022,11,AVIANCA,SERVICIOS,BOGOTÁ - CUNDINAMARCA,11.4400,-0.8000,17.8900,19.3300,-1.4500
2022,12,COLOMBIANA DE COMERCIO S.A.,COMERCIO,BOGOTÁ - CUNDINAMARCA,11.1400,0.3400,6.1400,3.9600,2.1800
2022,13,EMGESA S.A. E.S.P.,SERVICIOS,BOGOTÁ - CUNDINAMARCA,10.8700,2.8600,27.0600,11.8900,15.1700
2022,14,KOPPS COMMERCIAL S.A.S.,COMERCIO,BOGOTÁ - CUNDINAMARCA,9.6600,0.8800,5.0500,3.9800,1.0700
2022,15,EPS SURA,SERVICIOS,ANTIOQUIA,9.3000,-0.1400,2.1000,1.8700,0.2400
2022,16,E.P.S. SANITAS S.A.,SERVICIOS,BOGOTÁ - CUNDINAMARCA,8.7200,-0.3000,2.4700,2.3900,0.0800
2022,17,JERONIMO MARTINS COLOMBIA S.A.S.,COMERCIO,BOGOTÁ - CUNDINAMARCA,8.6200,-0.2300,5.2000,5.1000,0.1000
2022,18,CENIT TRANSPORTE Y LOGISTICA DE HIDROCARBUROS S.A.S.,SERVICIOS,BOGOTÁ - CUNDINAMARCA,8.5300,4.5800,19.5600,2.3500,17.2100
2022,19,COLOMBIA TELECOMUNICACIONES S.A. E.S.P. - TELEFONICA,SERVICIOS,BOGOTÁ - CUNDINAMARCA,7.8600,-0.0700,14.8300,10.0700,4.7500
2022,20,SUPERTIENDAS Y DROGUERIAS OLIMPICA S.A.,COMERCIO,COSTA ATLÁNTICA,7.7800,0.1400,5.3000,3.2800,2.0200
2022,21,PRIMAX COLOMBIA S.A.,COMERCIO,BOGOTÁ - CUNDINAMARCA,7.7600,0.0500,1.7400,1.2700,0.4700
2022,22,CERREJON ZONA NORTE S.A.,MINERO,BOGOTÁ - CUNDINAMARCA,7.2000,2.8400,7.9500,3.3600,4.5900
2022,23,BAVARIA & COMPAÑIA S.C.A,MANUFACTURA,BOGOTÁ - CUNDINAMARCA,6.9600,1.7200,10.6800,7.5300,3.1500
2022,24,C.I. TRAFIGURA PETROLEUM COLOMBIA S.A.S.,COMERCIO,BOGOTÁ - CUNDINAMARCA,6.5700,-0.0300,0.9400,0.9100,0.0300
2022,25,SALUD TOTAL S.A. EPS,SERVICIOS,BOGOTÁ - CUNDINAMARCA,6.2100,0.1700,3.2200,2.8100,0.4100
2023,1,ECOPETROL S.A.,MINERO,BOGOTÁ - CUNDINAMARCA,129.5100,19.0600,198.7300,120.3400,78.3900
2023,2,REFINERIA DE CARTAGENA S.A.,MANUFACTURA,COSTA ATLÁNTICA,32.0500,3.4900,37.0800,12.3400,24.7400
2023,3,AEROVIAS DEL CONTINENTE AMERICANO S.A. AVIANCA,SERVICIOS,BOGOTÁ - CUNDINAMARCA,27.1500,0.2200,18.9400,20.0400,-1.1100
2023,4,ORGANIZACIÓN TERPEL S.A.,COMERCIO,BOGOTÁ - CUNDINAMARCA,23.0500,0.2900,7.3600,4.6100,2.7500
2023,5,NUEVA EMPRESA PROMOTORA DE SALUD S.A.,SERVICIOS,BOGOTÁ - CUNDINAMARCA,20.2800,-0.3400,6.8200,6.6700,0.1400
2023,6,EMPRESAS PÚBLICAS DE MEDELLÍN E.S.P.,SERVICIOS,ANTIOQUIA,17.7800,3.7700,62.7000,33.2500,29.4500
2023,7,D1 S.A.S.,COMERCIO,BOGOTÁ - CUNDINAMARCA,17.4200,0.2900,5.6800,5.5100,0.1800
2023,8,ALMACENES EXITO S.A.,COMERCIO,ANTIOQUIA,15.7300,0.1300,13.5800,7.4800,6.1000
2023,9,DRUMMOND LTD,MINERO,BOGOTÁ - CUNDINAMARCA,15.5100,3.2700,11.8300,3.7500,8.0700
2023,10,EMGESA S.A. E.S.P.,SERVICIOS,BOGOTÁ - CUNDINAMARCA,15.3100,1.9300,27.5400,14.4100,13.1300
2023,11,COMUNICACIÓN CELULAR S.A.,SERVICIOS,BOGOTÁ - CUNDINAMARCA,14.8500,1.4100,24.0300,13.8500,10.1700
2023,12,JERONIMO MARTINS COLOMBIA S.A.S.,COMERCIO,BOGOTÁ - CUNDINAMARCA,12.3500,-0.6600,7.1600,7.0300,0.1300
2023,13,COMPAÑÍA SURAMERICANA DE SERVICIOS DE SALUD S.A.  SUSALUD MEDICINA PREPAGADA,SERVICIOS,ANTIOQUIA,11.4100,-0.2200,2.1800,2.1800,0.0000
2023,14,COLOMBIANA DE COMERCIO S.A.,COMERCIO,BOGOTÁ - CUNDINAMARCA,11.1500,0.2800,5.1600,2.8300,2.3300
2023,15,KOPPS COMMERCIAL S.A.S.,COMERCIO,BOGOTÁ - CUNDINAMARCA,10.7900,0.9400,5.7400,4.6100,1.1300
2023,16,ENTIDAD PROMOTORA DE SALUD SANITAS S.A.S.,SERVICIOS,BOGOTÁ - CUNDINAMARCA,10.6200,-0.1500,2.6900,2.7500,-0.0700
2023,17,CENIT TRANSPORTE Y LOGISTICA DE HIDROCARBUROS S.A.S.,SERVICIOS,BOGOTÁ - CUNDINAMARCA,9.9400,4.7100,19.5900,2.9800,16.6100
2023,18,PRIMAX COLOMBIA,COMERCIO,BOGOTÁ - CUNDINAMARCA,9.0500,0.0900,2.0400,1.4900,0.5500
2023,19,BAVARIA & COMPAÑIA S.C.A,MANUFACTURA,BOGOTÁ - CUNDINAMARCA,8.0100,2.0900,12.0100,9.2900,2.7200
2023,20,SUPERTIENDAS Y DROGUERIAS OLIMPICA S.A.,COMERCIO,COSTA ATLÁNTICA,7.8800,0.0500,5.5500,3.4700,2.0900
2023,21,CARBONES DEL CERREJON LIMITED,MINERO,BOGOTÁ - CUNDINAMARCA,7.4700,0.2600,9.2300,4.2800,4.9500
2023,22,SALUD TOTAL EPS-S S.A.,SERVICIOS,BOGOTÁ - CUNDINAMARCA,7.2800,0.1000,3.2100,2.8500,0.3600
2023,23,COLOMBIA TELECOMUNICACIONES S.A. E.S.P. - TELEFONICA,SERVICIOS,BOGOTÁ - CUNDINAMARCA,7.1200,-0.6800,13.4400,9.4500,3.9900
2023,24,"C.I. TRAFIGURA PETROLEUM COLOMBIA S.A.S,",COMERCIO,BOGOTÁ - CUNDINAMARCA,6.3300,0.0000,0.6100,0.5900,0.0300
2023,25,OLEODUCTO CENTRAL S.A.,SERVICIOS,BOGOTÁ - CUNDINAMARCA,6.1400,2.9700,7.0100,3.0900,3.9300
2024,1,ECOPETROL S.A.,MINERO,BOGOTÁ - CUNDINAMARCA,113.9200,14.9300,214.2400,130.5400,83.7000
2024,2,REFINERIA DE CARTAGENA S.A.,MANUFACTURA,COSTA ATLÁNTICA,25.8600,-0.2600,39.5000,11.9300,27.5800
2024,3,ORGANIZACIÓN TERPEL S.A.,COMERCIO,BOGOTÁ - CUNDINAMARCA,24.7500,0.5300,7.9700,4.6200,3.3500
2024,4,EMPRESAS PÚBLICAS DE MEDELLÍN E.S.P.,SERVICIOS,ANTIOQUIA,20.5700,4.8300,66.9200,34.4600,32.4600
2024,5,D1 S.A.S.,COMERCIO,BOGOTÁ - CUNDINAMARCA,19.4400,0.3700,6.3200,6.1000,0.2200
2024,6,ALMACENES EXITO S.A.,COMERCIO,ANTIOQUIA,16.0800,0.0500,13.9000,7.2200,6.6900
2024,7,EMGESA S.A. E.S.P.,SERVICIOS,BOGOTÁ - CUNDINAMARCA,15.7800,2.2500,28.6700,14.4600,14.2000
2024,8,COMUNICACIÓN CELULAR S.A.,SERVICIOS,BOGOTÁ - CUNDINAMARCA,15.6000,0.6900,26.8800,16.9500,9.9300
2024,9,AEROVIAS DEL CONTINENTE AMERICANO S.A. AVIANCA,SERVICIOS,BOGOTÁ - CUNDINAMARCA,15.1100,1.1000,22.9500,23.2000,-0.2500
2024,10,JERONIMO MARTINS COLOMBIA S.A.S.,COMERCIO,BOGOTÁ - CUNDINAMARCA,13.8300,-0.6000,8.2000,8.1600,0.0500
2024,11,KOPPS COMMERCIAL S.A.S.,COMERCIO,BOGOTÁ - CUNDINAMARCA,11.9400,1.0600,6.2500,4.7800,1.4700
2024,12,COLOMBIANA DE COMERCIO S.A.,COMERCIO,BOGOTÁ - CUNDINAMARCA,11.8900,0.4900,5.5500,2.8800,2.6700
2024,13,DRUMMOND LTD,MINERO,BOGOTÁ - CUNDINAMARCA,11.5000,0.9600,11.7000,3.9800,7.7100
2024,14,PRIMAX COLOMBIA S.A.,COMERCIO,BOGOTÁ - CUNDINAMARCA,10.5200,0.1600,2.0400,1.4900,0.5500
2024,15,CENIT TRANSPORTE Y LOGISTICA DE HIDROCARBUROS S.A.S.,SERVICIOS,BOGOTÁ - CUNDINAMARCA,9.9800,5.2700,20.4600,2.9900,17.4700
2024,16,BAVARIA & COMPAÑIA S.C.A,MANUFACTURA,BOGOTÁ - CUNDINAMARCA,8.6200,2.3100,13.6100,9.4700,4.1400
2024,17,SUPERTIENDAS Y DROGUERIAS OLIMPICA S.A.,COMERCIO,COSTA ATLÁNTICA,7.1300,0.0600,5.7300,3.4800,2.2500
2024,18,COLOMBIA TELECOMUNICACIONES S.A. E.S.P. - TELEFONICA,SERVICIOS,BOGOTÁ - CUNDINAMARCA,6.6700,-0.4700,14.4900,10.9600,3.5200
2024,19,CELSIA COLOMBIA S.A. E.S.P. ANTES EMPRESA DE ENERGIA DEL PACIFICO S.A. E.S.P.- EPSA,SERVICIOS,COSTA PACÍFICA,6.5500,0.3300,13.8400,9.1000,4.7400
2024,20,CARIBEMAR DE LA COSTA S.A.S. E.S.P.,SERVICIOS,COSTA ATLÁNTICA,6.3500,-0.2500,7.2300,3.7500,3.4800
2024,21,AIR-E S.A.S. E.S.P.,SERVICIOS,COSTA ATLÁNTICA,6.2000,-1.4300,4.4500,3.6700,0.7800
2024,22,ISAGEN S.A. E.S.P.,SERVICIOS,ANTIOQUIA,6.1400,0.9000,24.2900,18.7300,5.5600
2024,23,CARBONES DEL CERREJON LIMITED,MINERO,BOGOTÁ - CUNDINAMARCA,6.0500,-0.7700,8.8200,4.0300,4.8000
2024,24,SODIMAC COLOMBIA S.A.,COMERCIO,BOGOTÁ - CUNDINAMARCA,5.9900,0.2800,4.1400,2.3900,1.7500
2024,25,OLEODUCTO CENTRAL S.A.,SERVICIOS,BOGOTÁ - CUNDINAMARCA,5.9800,3.4900,7.7500,3.1200,4.6300
2025,1,ECOPETROL S.A.,MINERO,BOGOTÁ - CUNDINAMARCA,100.5900,9.0300,198.1100,114.3500,83.7600
2025,2,ORGANIZACIÓN TERPEL S.A.,COMERCIO,BOGOTÁ - CUNDINAMARCA,26.4000,0.6300,8.1100,4.7000,3.4100
2025,3,REFINERIA DE CARTAGENA S.A.,MANUFACTURA,REGIÓN CARIBE,22.4000,-0.8200,34.9500,11.5700,23.3800
2025,4,D1 S.A.S.,COMERCIO,BOGOTÁ - CUNDINAMARCA,21.6100,0.4200,6.9400,6.7200,0.2100
2025,5,EMPRESAS PÚBLICAS DE MEDELLÍN E.S.P.,SERVICIOS,ANTIOQUIA,20.2900,4.8800,71.0800,36.1100,34.9700
2025,6,ALMACENES EXITO S.A.,COMERCIO,ANTIOQUIA,16.9200,0.5900,14.2800,7.3500,6.9300
2025,7,JERONIMO MARTINS COLOMBIA S.A.S.,COMERCIO,BOGOTÁ - CUNDINAMARCA,16.3700,-0.5800,9.5700,9.5100,0.0500
2025,8,COMUNICACIÓN CELULAR S.A.,SERVICIOS,BOGOTÁ - CUNDINAMARCA,16.3500,0.9600,27.1900,17.4800,9.7100
2025,9,AEROVIAS DEL CONTINENTE AMERICANO S.A. AVIANCA PUDIENDO UTILIZAR LAS SIGLAS AVIANCA O AVIANCA S.A.,SERVICIOS,REGIÓN CARIBE,15.1200,0.9000,19.7900,18.7400,1.0400
2025,10,EMGESA S.A. E.S.P.,SERVICIOS,BOGOTÁ - CUNDINAMARCA,14.8500,3.0300,29.8500,15.2500,14.6000
2025,11,COLOMBIANA DE COMERCIO S.A.,COMERCIO,BOGOTÁ - CUNDINAMARCA,14.5800,0.4000,6.3800,3.4600,2.9200
2025,12,KOPPS COMERCIAL S.A.S.,COMERCIO,BOGOTÁ - CUNDINAMARCA,12.9800,1.1300,5.1500,3.6000,1.5600
2025,13,PRIMAX COLOMBIA S.A.,COMERCIO,BOGOTÁ - CUNDINAMARCA,11.0600,0.1500,2.2200,1.5300,0.6800
2025,14,CENIT TRANSPORTE Y LOGÍSTICA DE HIDROCARBUROS S.A.S.,SERVICIOS,BOGOTÁ - CUNDINAMARCA,9.9300,5.1200,19.7200,2.8600,16.8600
2025,15,BAVARIA Y COMPAÑIA SCA,MANUFACTURA,BOGOTÁ - CUNDINAMARCA,9.3400,3.3400,13.5500,8.4300,5.1200
2025,16,DRUMMOND LTD,MINERO,BOGOTÁ - CUNDINAMARCA,7.8600,0.2200,7.3700,2.8600,4.5100
2025,17,SUPERTIENDAS Y DROGUERIAS OLIMPICA S.A.,COMERCIO,REGIÓN CARIBE,7.0500,0.0800,6.1100,3.7500,2.3600
2025,18,SODIMAC COLOMBIA S.A.,COMERCIO,BOGOTÁ - CUNDINAMARCA,6.9400,0.3500,4.3100,2.5300,1.7900
2025,19,OLEODUCTO CENTRAL S.A.,SERVICIOS,BOGOTÁ - CUNDINAMARCA,6.2900,3.0700,6.9300,2.9400,3.9900
2025,20,DROGUERIAS Y FARMACIAS CRUZ VERDE S.A.S.,COMERCIO,BOGOTÁ - CUNDINAMARCA,6.2000,0.0000,4.2500,3.5500,0.7100
2025,21,COLOMBIA TELECOMUNICACIONES S.A. E.S.P. - TELEFONICA,SERVICIOS,BOGOTÁ - CUNDINAMARCA,6.1900,-1.6100,14.3100,12.3600,1.9500
2025,22,CEMENTOS ARGOS S.A.,MANUFACTURA,REGIÓN CARIBE,5.9600,2.5100,16.9400,5.9000,11.0400
2025,23,CARIBEMAR DE LA COSTA S.A.S. E.S.P.,SERVICIOS,REGIÓN CARIBE,5.6100,-0.6700,7.4100,4.6000,2.8100
2025,24,CHEVRON PETROLEUM COMPANY,COMERCIO,BOGOTÁ - CUNDINAMARCA,5.5800,0.0900,1.7600,0.9600,0.7900
2025,25,METRO LINEA 1 S.A.S.,CONSTRUCCIÓN,BOGOTÁ - CUNDINAMARCA,5.3300,0.7600,6.3100,4.9800,1.3200
