fecha,serie,valor
2001-01-01,deuda_externa_privada_musd,15524.1600
2001-02-01,deuda_externa_privada_musd,15450.6000
2001-03-01,deuda_externa_privada_musd,15457.3600
2001-04-01,deuda_externa_privada_musd,15516.8300
2001-05-01,deuda_externa_privada_musd,15545.9200
2001-06-01,deuda_externa_privada_musd,15307.5800
2001-07-01,deuda_externa_privada_musd,15359.3700
2001-08-01,deuda_externa_privada_musd,15241.0000
2001-09-01,deuda_externa_privada_musd,15537.1100
2001-10-01,deuda_externa_privada_musd,15512.3700
2001-11-01,deuda_externa_privada_musd,15658.7600
2001-12-01,deuda_externa_privada_musd,15628.9100
2002-01-01,deuda_externa_privada_musd,15744.5900
2002-02-01,deuda_externa_privada_musd,15558.4200
2002-03-01,deuda_externa_privada_musd,15370.8000
2002-04-01,deuda_externa_privada_musd,15354.3500
2002-05-01,deuda_externa_privada_musd,15183.8000
2002-06-01,deuda_externa_privada_musd,15229.5800
2002-07-01,deuda_externa_privada_musd,15287.8700
2002-08-01,deuda_externa_privada_musd,15318.5500
2002-09-01,deuda_externa_privada_musd,15153.3000
2002-10-01,deuda_externa_privada_musd,14991.4100
2002-11-01,deuda_externa_privada_musd,14854.4200
2002-12-01,deuda_externa_privada_musd,14543.3200
2003-01-01,deuda_externa_privada_musd,14599.5100
2003-02-01,deuda_externa_privada_musd,14828.7700
2003-03-01,deuda_externa_privada_musd,14664.1100
2003-04-01,deuda_externa_privada_musd,14714.1300
2003-05-01,deuda_externa_privada_musd,14585.9800
2003-06-01,deuda_externa_privada_musd,14630.7800
2003-07-01,deuda_externa_privada_musd,14391.6400
2003-08-01,deuda_externa_privada_musd,14070.5000
2003-09-01,deuda_externa_privada_musd,13866.6200
2003-10-01,deuda_externa_privada_musd,14029.8100
2003-11-01,deuda_externa_privada_musd,13711.4400
2003-12-01,deuda_externa_privada_musd,13480.4600
2004-01-01,deuda_externa_privada_musd,13667.3600
2004-02-01,deuda_externa_privada_musd,13504.2900
2004-03-01,deuda_externa_privada_musd,13515.1900
2004-04-01,deuda_externa_privada_musd,13447.7000
2004-05-01,deuda_externa_privada_musd,13321.2100
2004-06-01,deuda_externa_privada_musd,13290.5500
2004-07-01,deuda_externa_privada_musd,13261.5900
2004-08-01,deuda_externa_privada_musd,13322.2800
2004-09-01,deuda_externa_privada_musd,13502.8200
2004-10-01,deuda_externa_privada_musd,13485.3100
2004-11-01,deuda_externa_privada_musd,13483.1000
2004-12-01,deuda_externa_privada_musd,13662.4400
2005-01-01,deuda_externa_privada_musd,13646.7400
2005-02-01,deuda_externa_privada_musd,13688.3400
2005-03-01,deuda_externa_privada_musd,13539.6700
2005-04-01,deuda_externa_privada_musd,13530.6200
2005-05-01,deuda_externa_privada_musd,13501.5900
2005-06-01,deuda_externa_privada_musd,13601.9100
2005-07-01,deuda_externa_privada_musd,13735.4600
2005-08-01,deuda_externa_privada_musd,13697.8300
2005-09-01,deuda_externa_privada_musd,13937.7900
2005-10-01,deuda_externa_privada_musd,13987.0800
2005-11-01,deuda_externa_privada_musd,14434.5100
2005-12-01,deuda_externa_privada_musd,14317.1700
2006-01-01,deuda_externa_privada_musd,14463.7600
2006-02-01,deuda_externa_privada_musd,14455.0500
2006-03-01,deuda_externa_privada_musd,14201.2400
2006-04-01,deuda_externa_privada_musd,14038.4100
2006-05-01,deuda_externa_privada_musd,14169.1400
2006-06-01,deuda_externa_privada_musd,14356.5300
2006-07-01,deuda_externa_privada_musd,14011.7100
2006-08-01,deuda_externa_privada_musd,13781.5800
2006-09-01,deuda_externa_privada_musd,13854.0200
2006-10-01,deuda_externa_privada_musd,13590.3800
2006-11-01,deuda_externa_privada_musd,13701.7700
2006-12-01,deuda_externa_privada_musd,13803.4900
2007-01-01,deuda_externa_privada_musd,14356.5100
2007-02-01,deuda_externa_privada_musd,14851.7700
2007-03-01,deuda_externa_privada_musd,14943.3700
2007-04-01,deuda_externa_privada_musd,15608.1800
2007-05-01,deuda_externa_privada_musd,15457.9900
2007-06-01,deuda_externa_privada_musd,15280.8400
2007-07-01,deuda_externa_privada_musd,15082.9300
2007-08-01,deuda_externa_privada_musd,15357.5100
2007-09-01,deuda_externa_privada_musd,15250.8000
2007-10-01,deuda_externa_privada_musd,15441.5300
2007-11-01,deuda_externa_privada_musd,15560.9300
2007-12-01,deuda_externa_privada_musd,15734.2400
2008-01-01,deuda_externa_privada_musd,15702.0200
2008-02-01,deuda_externa_privada_musd,15714.3900
2008-03-01,deuda_externa_privada_musd,15825.2600
2008-04-01,deuda_externa_privada_musd,15872.6100
2008-05-01,deuda_externa_privada_musd,16069.7300
2008-06-01,deuda_externa_privada_musd,16111.6000
2008-07-01,deuda_externa_privada_musd,16445.5400
2008-08-01,deuda_externa_privada_musd,16728.5800
2008-09-01,deuda_externa_privada_musd,16881.4200
2008-10-01,deuda_externa_privada_musd,16972.7900
2008-11-01,deuda_externa_privada_musd,17055.3700
2008-12-01,deuda_externa_privada_musd,16925.4100
2009-01-01,deuda_externa_privada_musd,16742.5400
2009-02-01,deuda_externa_privada_musd,16416.2500
2009-03-01,deuda_externa_privada_musd,16189.1900
2009-04-01,deuda_externa_privada_musd,15899.9900
2009-05-01,deuda_externa_privada_musd,15653.1000
2009-06-01,deuda_externa_privada_musd,15209.8400
2009-07-01,deuda_externa_privada_musd,15162.6200
2009-08-01,deuda_externa_privada_musd,15197.7600
2009-09-01,deuda_externa_privada_musd,16132.7800
2009-10-01,deuda_externa_privada_musd,16472.7400
2009-11-01,deuda_externa_privada_musd,16491.8500
2009-12-01,deuda_externa_privada_musd,16589.7200
2010-01-01,deuda_externa_privada_musd,16523.2100
2010-02-01,deuda_externa_privada_musd,16870.5900
2010-03-01,deuda_externa_privada_musd,17406.9700
2010-04-01,deuda_externa_privada_musd,17451.5200
2010-05-01,deuda_externa_privada_musd,17516.9800
2010-06-01,deuda_externa_privada_musd,18032.9400
2010-07-01,deuda_externa_privada_musd,22616.1200
2010-08-01,deuda_externa_privada_musd,23022.1800
2010-09-01,deuda_externa_privada_musd,23307.2800
2010-10-01,deuda_externa_privada_musd,23150.6900
2010-11-01,deuda_externa_privada_musd,23115.1900
2010-12-01,deuda_externa_privada_musd,25192.1300
2011-01-01,deuda_externa_privada_musd,26984.8300
2011-02-01,deuda_externa_privada_musd,27135.9800
2011-03-01,deuda_externa_privada_musd,28053.9800
2011-04-01,deuda_externa_privada_musd,28043.9800
2011-05-01,deuda_externa_privada_musd,28357.8900
2011-06-01,deuda_externa_privada_musd,29250.3500
2011-07-01,deuda_externa_privada_musd,29966.9700
2011-08-01,deuda_externa_privada_musd,29896.6300
2011-09-01,deuda_externa_privada_musd,30569.5800
2011-10-01,deuda_externa_privada_musd,31198.4000
2011-11-01,deuda_externa_privada_musd,31456.6200
2011-12-01,deuda_externa_privada_musd,33134.6700
2012-01-01,deuda_externa_privada_musd,33496.8500
2012-02-01,deuda_externa_privada_musd,32996.1600
2012-03-01,deuda_externa_privada_musd,32835.2700
2012-04-01,deuda_externa_privada_musd,32437.3500
2012-05-01,deuda_externa_privada_musd,32258.5300
2012-06-01,deuda_externa_privada_musd,32355.3200
2012-07-01,deuda_externa_privada_musd,32365.8200
2012-08-01,deuda_externa_privada_musd,33283.7800
2012-09-01,deuda_externa_privada_musd,34793.6300
2012-10-01,deuda_externa_privada_musd,34945.0700
2012-11-01,deuda_externa_privada_musd,35470.0600
2012-12-01,deuda_externa_privada_musd,32668.5000
2013-01-01,deuda_externa_privada_musd,33861.6100
2013-02-01,deuda_externa_privada_musd,34552.9300
2013-03-01,deuda_externa_privada_musd,35136.0000
2013-04-01,deuda_externa_privada_musd,36842.5100
2013-05-01,deuda_externa_privada_musd,37031.8700
2013-06-01,deuda_externa_privada_musd,37474.9200
2013-07-01,deuda_externa_privada_musd,38321.0200
2013-08-01,deuda_externa_privada_musd,38705.4100
2013-09-01,deuda_externa_privada_musd,38970.8800
2013-10-01,deuda_externa_privada_musd,39110.6800
2013-11-01,deuda_externa_privada_musd,39523.5500
2013-12-01,deuda_externa_privada_musd,39856.4400
2014-01-01,deuda_externa_privada_musd,39696.9600
2014-02-01,deuda_externa_privada_musd,40263.9400
2014-03-01,deuda_externa_privada_musd,40785.1800
2014-04-01,deuda_externa_privada_musd,40313.2300
2014-05-01,deuda_externa_privada_musd,40204.2300
2014-06-01,deuda_externa_privada_musd,40227.3700
2014-07-01,deuda_externa_privada_musd,40552.5800
2014-08-01,deuda_externa_privada_musd,40857.7000
2014-09-01,deuda_externa_privada_musd,40400.9600
2014-10-01,deuda_externa_privada_musd,40814.3300
2014-11-01,deuda_externa_privada_musd,41060.7400
2014-12-01,deuda_externa_privada_musd,42142.4500
2015-01-01,deuda_externa_privada_musd,43236.4000
2015-02-01,deuda_externa_privada_musd,43430.2400
2015-03-01,deuda_externa_privada_musd,43387.7600
2015-04-01,deuda_externa_privada_musd,43693.1000
2015-05-01,deuda_externa_privada_musd,43721.6600
2015-06-01,deuda_externa_privada_musd,43848.8700
2015-07-01,deuda_externa_privada_musd,44284.2400
2015-08-01,deuda_externa_privada_musd,46153.5300
2015-09-01,deuda_externa_privada_musd,45682.5500
2015-10-01,deuda_externa_privada_musd,45755.6100
2015-11-01,deuda_externa_privada_musd,45537.3400
2015-12-01,deuda_externa_privada_musd,45760.2400
2016-01-01,deuda_externa_privada_musd,46195.1200
2016-02-01,deuda_externa_privada_musd,46500.3500
2016-03-01,deuda_externa_privada_musd,47330.5900
2016-04-01,deuda_externa_privada_musd,47552.6000
2016-05-01,deuda_externa_privada_musd,47417.4100
2016-06-01,deuda_externa_privada_musd,46998.9300
2016-07-01,deuda_externa_privada_musd,47184.6900
2016-08-01,deuda_externa_privada_musd,46999.3100
2016-09-01,deuda_externa_privada_musd,46976.7100
2016-10-01,deuda_externa_privada_musd,47279.8300
2016-11-01,deuda_externa_privada_musd,47267.4200
2016-12-01,deuda_externa_privada_musd,49319.2500
2017-01-01,deuda_externa_privada_musd,49454.0100
2017-02-01,deuda_externa_privada_musd,49403.3900
2017-03-01,deuda_externa_privada_musd,48859.5700
2017-04-01,deuda_externa_privada_musd,49724.0800
2017-05-01,deuda_externa_privada_musd,50785.5700
2017-06-01,deuda_externa_privada_musd,50345.0000
2017-07-01,deuda_externa_privada_musd,50865.4400
2017-08-01,deuda_externa_privada_musd,52320.7300
2017-09-01,deuda_externa_privada_musd,52184.8400
2017-10-01,deuda_externa_privada_musd,52103.0200
2017-11-01,deuda_externa_privada_musd,52491.4900
2017-12-01,deuda_externa_privada_musd,52925.8000
2018-01-01,deuda_externa_privada_musd,52645.4600
2018-02-01,deuda_externa_privada_musd,53675.2200
2018-03-01,deuda_externa_privada_musd,53872.6100
2018-04-01,deuda_externa_privada_musd,54722.4800
2018-05-01,deuda_externa_privada_musd,54291.7700
2018-06-01,deuda_externa_privada_musd,54446.8800
2018-07-01,deuda_externa_privada_musd,55035.0100
2018-08-01,deuda_externa_privada_musd,55099.0700
2018-09-01,deuda_externa_privada_musd,55385.2700
2018-10-01,deuda_externa_privada_musd,55884.9800
2018-11-01,deuda_externa_privada_musd,57884.3400
2018-12-01,deuda_externa_privada_musd,59223.4200
2019-01-01,deuda_externa_privada_musd,59967.5700
2019-02-01,deuda_externa_privada_musd,60260.9900
2019-03-01,deuda_externa_privada_musd,60015.9300
2019-04-01,deuda_externa_privada_musd,60278.7000
2019-05-01,deuda_externa_privada_musd,61853.9700
2019-06-01,deuda_externa_privada_musd,62139.9800
2019-07-01,deuda_externa_privada_musd,62680.1900
2019-08-01,deuda_externa_privada_musd,63666.4500
2019-09-01,deuda_externa_privada_musd,63763.2700
2019-10-01,deuda_externa_privada_musd,64655.4300
2019-11-01,deuda_externa_privada_musd,65680.1200
2019-12-01,deuda_externa_privada_musd,64847.9000
2020-01-01,deuda_externa_privada_musd,65133.4800
2020-02-01,deuda_externa_privada_musd,65272.2500
2020-03-01,deuda_externa_privada_musd,66618.6000
2020-04-01,deuda_externa_privada_musd,67077.3400
2020-05-01,deuda_externa_privada_musd,67348.6500
2020-06-01,deuda_externa_privada_musd,66281.0500
2020-07-01,deuda_externa_privada_musd,66940.7600
2020-08-01,deuda_externa_privada_musd,66619.4900
2020-09-01,deuda_externa_privada_musd,64365.3200
2020-10-01,deuda_externa_privada_musd,64345.1100
2020-11-01,deuda_externa_privada_musd,64539.4600
2020-12-01,deuda_externa_privada_musd,64548.4600
2021-01-01,deuda_externa_privada_musd,64177.4500
2021-02-01,deuda_externa_privada_musd,64431.5900
2021-03-01,deuda_externa_privada_musd,63903.7600
2021-04-01,deuda_externa_privada_musd,65513.6800
2021-05-01,deuda_externa_privada_musd,65757.4000
2021-06-01,deuda_externa_privada_musd,65766.5900
2021-07-01,deuda_externa_privada_musd,66539.1700
2021-08-01,deuda_externa_privada_musd,67242.8100
2021-09-01,deuda_externa_privada_musd,67297.3700
2021-10-01,deuda_externa_privada_musd,67604.1500
2021-11-01,deuda_externa_privada_musd,67774.0500
2021-12-01,deuda_externa_privada_musd,68908.6700
2022-01-01,deuda_externa_privada_musd,70353.2100
2022-02-01,deuda_externa_privada_musd,71133.0400
2022-03-01,deuda_externa_privada_musd,73551.8100
2022-04-01,deuda_externa_privada_musd,73696.8700
2022-05-01,deuda_externa_privada_musd,74428.8600
2022-06-01,deuda_externa_privada_musd,75058.7800
2022-07-01,deuda_externa_privada_musd,75854.0100
2022-08-01,deuda_externa_privada_musd,76988.1200
2022-09-01,deuda_externa_privada_musd,76402.3000
2022-10-01,deuda_externa_privada_musd,77644.2000
2022-11-01,deuda_externa_privada_musd,78847.5900
2022-12-01,deuda_externa_privada_musd,79175.6000
2023-01-01,deuda_externa_privada_musd,80355.5300
2023-02-01,deuda_externa_privada_musd,80410.9600
2023-03-01,deuda_externa_privada_musd,80591.2700
2023-04-01,deuda_externa_privada_musd,80605.6700
2023-05-01,deuda_externa_privada_musd,80415.4300
2023-06-01,deuda_externa_privada_musd,80970.4900
2023-07-01,deuda_externa_privada_musd,82452.1300
2023-08-01,deuda_externa_privada_musd,82356.3100
2023-09-01,deuda_externa_privada_musd,82355.0400
2023-10-01,deuda_externa_privada_musd,82654.1500
2023-11-01,deuda_externa_privada_musd,82696.4500
2023-12-01,deuda_externa_privada_musd,83248.8600
2024-01-01,deuda_externa_privada_musd,83340.3900
2024-02-01,deuda_externa_privada_musd,82751.2400
2024-03-01,deuda_externa_privada_musd,83027.5400
2024-04-01,deuda_externa_privada_musd,83423.0500
2024-05-01,deuda_externa_privada_musd,83503.5000
2024-06-01,deuda_externa_privada_musd,84104.1800
2024-07-01,deuda_externa_privada_musd,84540.9200
2024-08-01,deuda_externa_privada_musd,84810.0400
2024-09-01,deuda_externa_privada_musd,86042.2200
2024-10-01,deuda_externa_privada_musd,87271.4100
2024-11-01,deuda_externa_privada_musd,88015.8000
2024-12-01,deuda_externa_privada_musd,88510.7100
2025-01-01,deuda_externa_privada_musd,88605.7900
2025-02-01,deuda_externa_privada_musd,88264.3700
2025-03-01,deuda_externa_privada_musd,90296.1400
2025-04-01,deuda_externa_privada_musd,90724.8900
2025-05-01,deuda_externa_privada_musd,90951.2300
2025-06-01,deuda_externa_privada_musd,90561.6800
2025-07-01,deuda_externa_privada_musd,91941.1700
2025-08-01,deuda_externa_privada_musd,93538.1300
2025-09-01,deuda_externa_privada_musd,93449.5900
2015-12-01,posicion_gobierno,-26.4400
2016-03-01,posicion_gobierno,-19.9000
2016-06-01,posicion_gobierno,-18.5400
2016-09-01,posicion_gobierno,-20.4400
2016-12-01,posicion_gobierno,-22.8000
2017-03-01,posicion_gobierno,-22.9900
2017-06-01,posicion_gobierno,-22.5200
2017-09-01,posicion_gobierno,-21.3600
2017-12-01,posicion_gobierno,-24.7900
2018-03-01,posicion_gobierno,-28.5800
2018-06-01,posicion_gobierno,-27.5800
2018-09-01,posicion_gobierno,-24.8000
2018-12-01,posicion_gobierno,-35.5300
2019-03-01,posicion_gobierno,-31.2300
2019-06-01,posicion_gobierno,-32.5400
2019-09-01,posicion_gobierno,-34.9700
2019-12-01,posicion_gobierno,-35.9200
2020-03-01,posicion_gobierno,-38.7700
2020-06-01,posicion_gobierno,-47.7500
2020-09-01,posicion_gobierno,-53.3200
2020-12-01,posicion_gobierno,-59.5100
2021-03-01,posicion_gobierno,-57.7600
2021-06-01,posicion_gobierno,-44.4800
2021-09-01,posicion_gobierno,-40.5600
2021-12-01,posicion_gobierno,-50.3700
2022-03-01,posicion_gobierno,-42.1600
2022-06-01,posicion_gobierno,-41.2400
2022-09-01,posicion_gobierno,-39.8200
2022-12-01,posicion_gobierno,-45.3500
2023-03-01,posicion_gobierno,-44.8600
2023-06-01,posicion_gobierno,-44.2400
2023-09-01,posicion_gobierno,-40.6900
2023-12-01,posicion_gobierno,-45.1200
2024-03-01,posicion_gobierno,-43.7300
2024-06-01,posicion_gobierno,-42.8700
2024-09-01,posicion_gobierno,-43.0500
2024-12-01,posicion_gobierno,-46.6400
2025-03-01,posicion_gobierno,-43.2000
2025-06-01,posicion_gobierno,-44.7800
2025-09-01,posicion_gobierno,-43.9900
2025-12-01,posicion_gobierno,-48.1600
2026-03-01,posicion_gobierno,-46.8600
2026-06-01,posicion_gobierno,-46.5100
2015-12-01,posicion_hogares,54.9000
2016-03-01,posicion_hogares,58.0100
2016-06-01,posicion_hogares,54.1900
2016-09-01,posicion_hogares,59.5900
2016-12-01,posicion_hogares,54.9000
2017-03-01,posicion_hogares,61.9000
2017-06-01,posicion_hogares,62.6200
2017-09-01,posicion_hogares,61.3900
2017-12-01,posicion_hogares,67.3400
2018-03-01,posicion_hogares,76.1600
2018-06-01,posicion_hogares,75.9000
2018-09-01,posicion_hogares,74.8300
2018-12-01,posicion_hogares,75.9800
2019-03-01,posicion_hogares,76.7800
2019-06-01,posicion_hogares,76.4100
2019-09-01,posicion_hogares,76.4100
2019-12-01,posicion_hogares,78.5600
2020-03-01,posicion_hogares,70.3700
2020-06-01,posicion_hogares,74.7800
2020-09-01,posicion_hogares,81.0700
2020-12-01,posicion_hogares,78.7600
2021-03-01,posicion_hogares,76.5400
2021-06-01,posicion_hogares,79.4500
2021-09-01,posicion_hogares,75.6200
2021-12-01,posicion_hogares,77.7900
2022-03-01,posicion_hogares,73.0900
2022-06-01,posicion_hogares,65.6000
2022-09-01,posicion_hogares,59.9900
2022-12-01,posicion_hogares,61.9300
2023-03-01,posicion_hogares,61.6300
2023-06-01,posicion_hogares,63.3200
2023-09-01,posicion_hogares,62.1300
2023-12-01,posicion_hogares,65.0600
2024-03-01,posicion_hogares,66.2500
2024-06-01,posicion_hogares,66.6500
2024-09-01,posicion_hogares,67.0200
2024-12-01,posicion_hogares,67.4800
2025-03-01,posicion_hogares,67.5200
2025-06-01,posicion_hogares,69.3100
2025-09-01,posicion_hogares,69.5500
2025-12-01,posicion_hogares,69.0400
2026-03-01,posicion_hogares,68.5200
2026-06-01,posicion_hogares,66.5900
2015-12-01,posicion_sociedades_financieras,-1.5800
2016-03-01,posicion_sociedades_financieras,8.3700
2016-06-01,posicion_sociedades_financieras,9.5600
2016-09-01,posicion_sociedades_financieras,6.3500
2016-12-01,posicion_sociedades_financieras,5.6600
2017-03-01,posicion_sociedades_financieras,3.2800
2017-06-01,posicion_sociedades_financieras,4.0700
2017-09-01,posicion_sociedades_financieras,2.3600
2017-12-01,posicion_sociedades_financieras,3.5700
2018-03-01,posicion_sociedades_financieras,2.3300
2018-06-01,posicion_sociedades_financieras,1.9100
2018-09-01,posicion_sociedades_financieras,2.7100
2018-12-01,posicion_sociedades_financieras,8.5500
2019-03-01,posicion_sociedades_financieras,5.9200
2019-06-01,posicion_sociedades_financieras,6.7800
2019-09-01,posicion_sociedades_financieras,8.1300
2019-12-01,posicion_sociedades_financieras,7.7600
2020-03-01,posicion_sociedades_financieras,14.0100
2020-06-01,posicion_sociedades_financieras,13.1500
2020-09-01,posicion_sociedades_financieras,14.2200
2020-12-01,posicion_sociedades_financieras,10.4200
2021-03-01,posicion_sociedades_financieras,12.4500
2021-06-01,posicion_sociedades_financieras,15.2600
2021-09-01,posicion_sociedades_financieras,14.4100
2021-12-01,posicion_sociedades_financieras,13.7600
2022-03-01,posicion_sociedades_financieras,10.0900
2022-06-01,posicion_sociedades_financieras,12.5800
2022-09-01,posicion_sociedades_financieras,14.4500
2022-12-01,posicion_sociedades_financieras,15.0400
2023-03-01,posicion_sociedades_financieras,14.7000
2023-06-01,posicion_sociedades_financieras,12.6400
2023-09-01,posicion_sociedades_financieras,12.1400
2023-12-01,posicion_sociedades_financieras,11.3800
2024-03-01,posicion_sociedades_financieras,10.5500
2024-06-01,posicion_sociedades_financieras,11.3500
2024-09-01,posicion_sociedades_financieras,11.7500
2024-12-01,posicion_sociedades_financieras,11.3800
2025-03-01,posicion_sociedades_financieras,8.7100
2025-06-01,posicion_sociedades_financieras,8.1300
2025-09-01,posicion_sociedades_financieras,9.6600
2025-12-01,posicion_sociedades_financieras,9.1500
2026-03-01,posicion_sociedades_financieras,7.9500
2026-06-01,posicion_sociedades_financieras,6.7500
2015-12-01,posicion_sociedades_no_financieras,-73.7500
2016-03-01,posicion_sociedades_no_financieras,-93.1400
2016-06-01,posicion_sociedades_no_financieras,-92.2200
2016-09-01,posicion_sociedades_no_financieras,-91.7800
2016-12-01,posicion_sociedades_no_financieras,-84.6100
2017-03-01,posicion_sociedades_no_financieras,-89.3000
2017-06-01,posicion_sociedades_no_financieras,-93.5200
2017-09-01,posicion_sociedades_no_financieras,-89.5200
2017-12-01,posicion_sociedades_no_financieras,-95.0500
2018-03-01,posicion_sociedades_no_financieras,-95.5200
2018-06-01,posicion_sociedades_no_financieras,-98.1300
2018-09-01,posicion_sociedades_no_financieras,-101.1800
2018-12-01,posicion_sociedades_no_financieras,-99.7100
2019-03-01,posicion_sociedades_no_financieras,-103.5300
2019-06-01,posicion_sociedades_no_financieras,-103.8500
2019-09-01,posicion_sociedades_no_financieras,-105.8800
2019-12-01,posicion_sociedades_no_financieras,-103.5100
2020-03-01,posicion_sociedades_no_financieras,-104.7200
2020-06-01,posicion_sociedades_no_financieras,-99.6900
2020-09-01,posicion_sociedades_no_financieras,-101.3100
2020-12-01,posicion_sociedades_no_financieras,-91.1800
2021-03-01,posicion_sociedades_no_financieras,-94.2600
2021-06-01,posicion_sociedades_no_financieras,-109.3400
2021-09-01,posicion_sociedades_no_financieras,-107.2300
2021-12-01,posicion_sociedades_no_financieras,-93.3200
2022-03-01,posicion_sociedades_no_financieras,-90.2700
2022-06-01,posicion_sociedades_no_financieras,-85.2300
2022-09-01,posicion_sociedades_no_financieras,-85.1100
2022-12-01,posicion_sociedades_no_financieras,-84.0300
2023-03-01,posicion_sociedades_no_financieras,-81.3400
2023-06-01,posicion_sociedades_no_financieras,-77.8400
2023-09-01,posicion_sociedades_no_financieras,-77.1100
2023-12-01,posicion_sociedades_no_financieras,-72.4700
2024-03-01,posicion_sociedades_no_financieras,-74.2700
2024-06-01,posicion_sociedades_no_financieras,-78.5300
2024-09-01,posicion_sociedades_no_financieras,-77.3300
2024-12-01,posicion_sociedades_no_financieras,-73.8000
2025-03-01,posicion_sociedades_no_financieras,-73.9900
2025-06-01,posicion_sociedades_no_financieras,-72.4400
2025-09-01,posicion_sociedades_no_financieras,-71.9200
2025-12-01,posicion_sociedades_no_financieras,-68.0200
2026-03-01,posicion_sociedades_no_financieras,-67.9700
2026-06-01,posicion_sociedades_no_financieras,-66.6600
