fecha,union_europea,canada,estados_unidos,mexico,bolivia,ecuador,peru,argentina,brasil,paraguay,uruguay,venezuela,china,japon,india,panama,resto,total
2008-01-01,418451.193,18479.762,1013092.066,42655.555,8083.161,96233.539,62800.179,13108.441,32525.160,174.650,3186.389,437252.763,66234.627,36561.005,6578.947,21048.132,565840.725,2842306.293
2008-02-01,373618.841,28260.799,1022960.889,47532.665,6556.767,90556.795,69988.497,9328.914,34531.071,560.872,877.842,490010.089,37063.074,34106.828,670.235,21462.690,554383.273,2822470.139
2008-03-01,579282.655,30522.863,1197468.139,47511.397,7509.724,130023.311,71459.742,4572.073,41202.911,468.751,511.836,386031.098,18712.350,30425.467,669.513,23943.499,436972.342,3007287.670
2008-04-01,470388.266,55122.071,1258743.787,60922.005,10275.739,134012.788,80033.939,8404.310,153191.165,407.175,1475.029,472585.584,43412.089,36821.374,884.295,24631.295,554109.390,3365420.300
2008-05-01,441588.249,42154.253,1296962.848,49126.003,9243.776,120233.341,72274.338,22891.574,41588.948,615.992,672.597,479451.630,16747.179,39809.927,1525.986,29398.285,728330.073,3392614.999
2008-06-01,473023.112,19421.995,1423470.724,41642.280,7574.772,129757.629,86486.649,8661.236,58619.871,808.154,631.526,425753.674,40337.643,27575.791,621.281,26611.043,904656.952,3675654.332
2008-07-01,471792.778,31492.101,1429191.002,85588.733,10631.417,149228.501,87827.639,16823.624,68088.067,505.353,1210.005,484241.538,57003.981,34238.191,667.873,33949.959,839204.463,3801685.226
2008-08-01,282903.528,20298.004,1416748.961,49966.822,8644.345,122602.128,61057.077,6607.022,48994.358,308.908,3171.889,465182.554,25274.511,28339.678,1357.003,23411.387,729318.973,3294187.147
2008-09-01,368212.089,22320.553,1284233.356,39734.981,9230.107,107108.351,64254.426,14975.771,43490.633,349.328,511.184,455759.977,21868.183,28902.906,529.932,25935.048,646577.302,3133994.126
2008-10-01,277224.102,19380.547,1007102.420,47240.666,8531.996,145142.017,68701.761,10921.244,46882.478,929.181,476.466,655919.686,10198.550,23879.783,427.745,36518.094,621628.581,2981105.318
2008-11-01,129529.056,9405.675,665628.604,34332.762,4400.431,123214.413,63700.509,4659.243,31120.408,473.280,351.134,670259.437,69561.010,14746.494,657.972,23310.253,400028.046,2245378.727
2008-12-01,226297.320,10495.190,721061.584,36114.520,9545.424,142954.498,57256.209,5839.726,27035.910,437.135,5825.703,648237.238,2905.771,29296.748,272.450,26493.700,274201.882,2224271.010
2009-01-01,566621.639,46614.831,712365.202,50831.859,6324.608,105019.995,78241.168,6273.165,45585.678,325.284,840.287,416127.475,25283.609,29271.903,1387.508,24416.662,410167.019,2525697.893
2009-02-01,264029.459,36066.741,811058.825,33919.292,6920.275,96003.433,72637.107,4865.372,41014.550,778.515,522.781,488809.462,41957.345,33578.141,1231.384,26427.604,380297.338,2340117.623
2009-03-01,490833.221,19625.182,893356.425,54669.395,7044.918,108756.133,57943.083,7398.968,56669.043,348.101,902.304,492472.280,36775.506,30376.397,1846.296,28013.547,424301.309,2711332.108
2009-04-01,333445.726,47197.198,781275.758,35189.443,9663.299,96163.296,64162.428,7328.383,30370.396,434.429,968.534,415041.928,128978.107,36301.704,4985.703,27441.700,408622.755,2427570.789
2009-05-01,406653.915,29668.020,1059509.076,43122.438,5023.465,98950.793,54063.862,9167.557,21673.070,662.169,558.926,464183.343,22504.565,17261.222,54159.352,25278.511,430078.630,2742518.915
2009-06-01,377491.722,31785.570,1181297.971,38583.971,6227.556,94770.926,51395.854,8577.950,29339.861,379.289,950.542,409098.330,53681.862,28750.381,5915.354,24826.715,395009.331,2738083.186
2009-07-01,432450.676,25298.855,1147124.878,41684.065,5732.712,97199.935,62261.858,11675.563,40133.630,888.536,866.758,344827.760,107624.964,26463.582,76048.797,26274.461,452043.379,2898600.410
2009-08-01,234563.938,30378.644,1184042.731,44179.805,7040.436,82958.345,53500.355,8692.817,49629.845,433.908,516.198,252843.057,75092.509,23228.294,68536.913,23917.857,533913.849,2673469.501
2009-09-01,401959.213,23674.294,1247166.363,37265.305,11532.645,113845.869,71156.271,9159.593,56182.399,584.410,798.709,231032.531,31204.660,27664.528,10834.928,28664.686,493256.810,2795983.215
2009-10-01,390489.219,36267.107,1309175.199,43394.233,10413.882,112759.884,78350.243,13108.479,62300.349,548.380,1667.376,195470.985,114893.745,27316.882,67334.141,23534.617,461661.820,2948686.541
2009-11-01,402713.265,26844.944,1135992.894,49162.724,6869.555,113518.610,63809.189,5233.113,47357.371,574.221,1391.259,191745.001,186135.964,24633.898,17524.183,22157.466,565630.825,2861294.480
2009-12-01,421618.559,32171.234,1416558.656,63703.085,7618.317,137386.382,80510.643,7105.293,89711.471,958.503,2006.485,147908.716,125593.397,31448.658,139329.555,28635.484,450707.611,3182972.050
2010-01-01,450669.612,26198.255,1239544.895,43349.903,8147.515,86174.270,72500.412,7139.356,53922.739,1440.500,160.128,95823.533,156796.157,32105.826,8202.274,31230.087,600028.014,2913433.477
2010-02-01,427440.040,33282.837,1206495.274,33390.992,7867.834,120737.879,68168.533,4910.267,45910.897,376.383,335.284,131049.353,160048.504,30844.311,85399.372,30670.121,482228.268,2869156.149
2010-03-01,417527.123,39752.197,1398552.797,56702.782,6156.275,149320.238,89996.365,7791.651,70827.449,714.333,1192.103,153309.508,98663.532,56175.239,142842.789,32024.651,616354.179,3337903.211
2010-04-01,365339.809,76290.136,1546573.947,83043.286,7763.272,146897.184,81609.282,8926.297,93615.381,654.315,1015.639,127344.707,350900.583,39877.560,19658.928,36500.646,504967.058,3490978.028
2010-05-01,376687.046,55541.596,1354431.236,49960.481,8353.064,153679.359,132939.454,11518.096,95275.316,375.761,1922.538,144712.291,199613.677,44259.864,74424.650,35851.361,773785.033,3513330.824
2010-06-01,407333.184,31554.000,1238777.124,45793.156,7239.635,166486.560,88182.565,7432.708,76829.649,1206.913,771.888,107520.431,151486.601,47293.804,3355.695,100822.246,578541.627,3060627.785
2010-07-01,307245.685,70118.944,1481687.562,51805.998,9748.126,151610.981,103465.316,12115.221,105974.013,790.149,397.154,90326.296,133272.762,38007.460,822.392,52296.740,547941.179,3157625.979
2010-08-01,408546.144,68411.191,1429373.946,47522.565,11745.992,162278.758,97965.260,8713.480,88466.879,779.020,915.971,84120.974,127637.229,42060.262,66535.479,96669.166,549493.693,3291236.010
2010-09-01,472177.403,18690.189,1191685.527,79757.954,8957.806,178282.704,89598.562,16589.913,63799.929,911.636,1050.582,147467.238,104560.085,41668.112,4079.279,222902.648,629480.938,3271660.506
2010-10-01,498599.776,39127.656,1427161.775,65591.988,11129.126,161294.140,133855.260,18679.424,114988.872,713.645,831.375,94885.348,90718.397,38699.329,78662.095,85522.634,675297.786,3535758.625
2010-11-01,484004.269,36408.507,1490605.889,38283.324,9996.825,121534.242,83220.183,17870.084,104484.868,1025.994,1227.941,111130.152,86494.649,46139.579,3178.349,159520.284,630969.454,3426094.594
2010-12-01,447618.934,36750.582,1759582.405,43012.306,9540.905,209074.180,90338.978,8695.893,79088.830,1278.607,4479.074,135187.222,92079.853,53926.820,12191.636,68877.973,793807.016,3845531.213
2011-01-01,607443.333,31915.153,1422869.193,39076.111,8263.352,134425.122,68862.359,8703.450,99578.400,1065.502,1423.385,76732.798,187054.431,56458.397,76431.825,129296.284,810577.264,3760176.358
2011-02-01,519215.739,44490.539,1566744.360,56693.898,9016.835,134400.529,109826.564,10234.878,69964.326,1069.009,1626.795,105613.421,65485.944,65041.905,86685.721,124838.370,987622.694,3958571.528
2011-03-01,607284.744,85256.387,2207767.536,80521.953,30219.072,197310.993,98555.607,51537.364,100652.720,615.937,1391.009,140152.653,56707.344,62867.944,88559.010,194597.617,889314.547,4893312.434
2011-04-01,638452.799,25920.156,1885185.859,52257.627,11677.849,162376.116,180352.004,14273.769,85761.834,914.157,904.543,145177.088,231711.215,79261.661,16441.389,153808.848,1138616.894,4823093.809
2011-05-01,856680.226,51716.835,1498248.843,58860.766,12002.853,165105.443,88709.759,13937.542,101309.931,985.311,1069.819,137485.193,425018.555,32017.508,738.576,296844.300,1412978.480,5153709.940
2011-06-01,689733.403,31749.188,1950849.424,55662.061,8559.843,154946.194,82709.962,17124.638,106051.205,1547.851,1624.790,147168.849,235128.477,50622.270,8179.764,231512.872,935566.274,4708737.067
2011-07-01,936117.660,29784.098,1511593.466,63011.512,8807.803,138437.824,132917.857,21038.595,159960.490,772.224,1130.917,155012.887,267081.973,39985.633,1150.809,147190.031,1252235.265,4866229.045
2011-08-01,670260.390,148995.663,1860008.114,54348.466,9310.115,160047.650,89075.730,33945.713,144601.684,1040.325,1569.082,138287.968,115383.209,35233.590,289104.165,73615.731,1116817.111,4941644.706
2011-09-01,886366.711,31686.800,1811193.386,55329.768,9351.857,167399.866,94617.965,45833.211,119439.907,1383.987,1634.267,152962.924,82999.280,25850.083,19586.739,105037.573,971726.320,4582400.645
2011-10-01,717196.044,44021.944,2014939.940,59674.432,11873.021,167275.551,129288.753,23332.283,102054.695,1321.723,1636.299,165776.165,85621.209,24241.766,10522.747,217036.632,997182.483,4772995.687
2011-11-01,785391.716,34158.643,2234296.633,66197.266,9376.367,156323.860,143739.472,20674.754,110397.075,1090.478,4427.097,188867.999,68710.978,33147.692,120364.203,227814.118,942351.591,5147329.940
2011-12-01,1033818.762,54720.785,2005437.498,63304.408,12841.460,170542.520,104138.819,44613.328,94813.315,922.618,3710.144,171567.446,168158.630,23234.164,14112.895,257397.837,1083403.323,5306737.951
2012-01-01,745635.673,32401.780,1724638.559,59829.960,8748.190,150804.016,176325.203,16424.957,113506.021,1727.011,1244.916,136240.123,450666.353,26725.964,11302.593,416725.792,712825.946,4785773.060
2012-02-01,953885.916,22256.274,1900941.821,57830.164,8546.422,160704.431,99028.181,14624.800,104165.373,720.657,880.842,160459.411,347804.454,36922.898,17079.452,101365.072,1012102.039,4999318.207
2012-03-01,821563.074,54945.928,2318579.917,73292.777,8600.414,170780.027,107623.866,16667.139,158846.378,971.553,1112.940,207247.268,215615.763,29409.091,15899.590,195090.270,1316108.804,5712354.799
2012-04-01,605454.530,20756.544,2126623.372,66248.889,8188.547,128097.700,130984.151,32179.787,90824.021,1068.035,949.671,198217.135,237766.903,26195.750,125882.598,92788.924,1118702.924,5010929.478
2012-05-01,816988.342,75242.697,1720312.291,68073.107,10606.782,173125.069,135768.824,14362.207,128422.079,1141.672,1829.644,277200.446,632827.081,31997.749,4417.963,135477.465,1175581.850,5403375.268
2012-06-01,818297.623,22375.699,1879052.927,46020.023,7389.079,159903.536,85300.296,19165.561,95921.331,1057.857,1520.365,248825.839,114894.411,30129.111,12976.291,187499.522,833101.601,4563431.071
2012-07-01,747725.601,72561.613,1672889.010,92237.300,11313.604,160885.915,136433.221,27352.094,108667.729,770.640,787.979,217706.786,87005.872,28241.193,303556.881,426906.438,881862.856,4976904.732
2012-08-01,609098.728,32449.220,1795676.251,69720.455,9497.804,159745.928,99592.334,26206.115,122395.563,1519.505,1467.402,259592.610,165734.682,44659.079,37042.935,252065.872,884315.291,4570779.776
2012-09-01,678939.002,23820.923,1657152.709,89289.243,10854.961,156981.362,143978.352,38159.561,59719.438,1339.244,1031.477,221772.166,168518.876,24585.412,117099.689,224051.367,1293109.374,4910403.157
2012-10-01,838386.297,37036.748,1758111.367,82747.181,13654.523,163302.477,163509.169,21035.577,114060.649,1351.340,1948.724,234248.365,259251.577,37139.292,202470.995,412182.819,1092493.368,5432930.470
2012-11-01,710657.357,39192.850,1621244.386,71484.226,13720.161,171062.497,128099.480,45627.584,101743.219,1375.351,1286.546,218944.105,198165.666,18202.743,298533.460,312985.437,855013.263,4807338.332
2012-12-01,782513.000,33937.418,1658061.222,58331.128,14134.349,155105.021,175446.193,16447.557,92306.714,1207.796,6061.739,175506.798,464797.513,26031.749,216447.962,163108.945,912182.464,4951627.569
2013-01-01,910757.193,32204.024,1385431.741,43314.770,12925.432,136898.071,100491.613,31127.434,112885.883,1155.934,1319.523,155736.279,737891.076,33750.147,134512.633,338791.198,680003.534,4849196.485
2013-02-01,639170.035,17045.162,1734765.473,86893.861,9925.535,169033.465,86426.192,92903.289,100999.693,928.001,1636.192,180463.774,287892.524,27614.201,228383.164,347268.610,656418.268,4667767.440
2013-03-01,506742.614,14785.216,1874514.761,69318.684,11081.327,140076.334,133330.711,11955.461,83828.873,1721.215,1243.646,190645.781,368972.090,20866.687,210041.952,246148.937,732568.207,4617842.497
2013-04-01,534670.400,77090.422,1816648.417,65953.686,14134.985,190056.492,104781.377,38076.516,135741.167,1719.370,1584.261,196845.061,336772.317,40194.685,488454.078,141299.305,765464.092,4949486.631
2013-05-01,819513.731,22766.605,1714565.229,95525.535,15134.096,205630.854,136140.167,77606.711,140200.935,1552.949,984.133,240279.208,424348.659,40147.112,21513.180,553658.182,822902.418,5332469.706
2013-06-01,791978.379,31234.297,1613854.983,79099.464,8088.623,158174.860,87699.253,36179.410,125539.252,835.503,1691.232,211274.356,233407.678,35060.758,218004.951,350474.692,888241.261,4870838.952
2013-07-01,857815.313,25045.990,1531946.596,59302.120,9418.054,179987.613,115590.888,21692.664,129338.403,1071.763,2413.811,111599.749,257829.840,28383.530,450059.929,169703.220,701097.366,4652296.850
2013-08-01,1009087.176,24771.038,1574584.909,62028.648,11667.242,132957.191,136906.927,16968.212,84925.919,2067.201,1774.221,176719.546,469058.195,40137.299,115317.439,277152.413,841582.234,4977705.809
2013-09-01,832387.976,23839.582,1440111.862,62132.730,11908.123,158875.579,84496.535,33772.107,191376.224,696.924,1291.723,198105.988,354423.018,30545.001,216117.847,189492.362,1020422.226,4849995.806
2013-10-01,750472.085,27430.767,1618583.589,64741.845,13667.378,172858.999,104764.237,24422.441,221440.671,3450.696,1000.667,233562.732,238119.557,25760.566,304143.864,204852.582,828710.615,4837983.292
2013-11-01,701761.022,35748.521,924395.811,83309.690,11793.127,160118.875,86536.836,21475.383,136295.373,909.729,1036.590,227776.676,783603.490,23657.419,457794.980,367705.937,924745.643,4948665.104
2013-12-01,935473.295,58190.382,1232186.392,92185.410,13981.608,170101.789,96768.061,26846.037,128056.214,2257.255,7250.380,132816.805,611644.042,41737.415,148722.027,504309.125,1069596.199,5272122.436
2014-01-01,789061.311,46222.483,1298223.928,62935.970,7846.820,120221.751,110042.271,20953.600,104047.698,1112.058,1036.306,248553.413,543360.295,27318.649,583775.135,266220.389,577899.777,4808831.854
2014-02-01,591391.279,39471.918,1304744.367,88484.690,9203.200,160709.304,77224.285,10587.887,93197.201,1249.827,1014.220,181989.120,455823.578,32618.462,329845.524,358309.206,535578.081,4271442.151
2014-03-01,585584.357,80212.369,1050396.669,101391.872,10851.051,153945.898,95033.675,17167.110,117559.779,1186.930,994.666,113603.415,313837.605,23582.406,394635.174,621975.134,726222.924,4408181.034
2014-04-01,661738.744,33377.802,1113349.949,83933.952,8888.504,145327.290,89008.376,12148.783,102062.688,2206.853,759.370,143277.740,734692.063,38119.427,225008.130,290948.770,631827.366,4316675.808
2014-05-01,1449161.616,58635.078,1404185.700,83079.796,11877.998,159382.738,126555.295,25188.183,243141.151,1364.969,1022.169,181988.254,565884.828,42183.529,10183.124,360098.706,771933.393,5495866.526
2014-06-01,923245.566,31458.393,960959.812,63278.964,11069.940,140235.660,77234.569,14438.243,215630.832,2087.819,1862.264,142190.509,862165.390,35169.705,216871.910,193636.982,813277.935,4704814.492
2014-07-01,798179.508,39629.726,1197552.344,72956.387,13897.733,170492.149,115674.204,16039.034,144166.886,1559.271,4645.057,161725.506,455946.787,42998.926,246167.625,337034.479,1230264.797,5048930.420
2014-08-01,740486.754,37331.967,1332526.801,74012.583,12883.888,152327.835,129743.261,17294.073,132432.123,1416.269,1805.999,187253.385,618441.172,38440.070,186910.936,112155.274,1037628.191,4813090.581
2014-09-01,982075.459,149301.918,1326018.166,81696.905,14213.433,167336.982,99637.054,14156.396,135453.201,1576.244,1933.211,155017.846,336796.042,29018.259,167598.314,344470.719,1070947.350,5077247.497
2014-10-01,696503.124,50844.309,1055985.651,84349.100,14491.759,172220.818,98171.637,14150.425,95396.207,2252.828,2230.992,152436.756,519423.642,38621.312,76884.031,218292.997,1030022.055,4322277.642
2014-11-01,613091.101,37977.531,989902.511,54258.658,11634.817,158257.191,77803.608,25913.758,103644.407,820.695,2367.747,193137.811,136039.668,41563.703,247409.668,365903.250,734959.916,3794686.040
2014-12-01,582141.514,60321.553,1189880.611,64037.005,11912.532,187153.918,90499.040,13084.608,135680.662,1894.674,1439.119,125764.684,212723.726,31269.680,53408.716,199069.701,834428.779,3794710.522
2015-01-01,442848.509,53891.138,703647.375,48713.999,10861.017,107087.889,74102.924,10592.185,125127.094,911.098,7362.525,79293.632,316824.480,45233.584,98254.031,172591.419,619633.219,2916976.116
2015-02-01,555535.289,28612.893,950439.840,50030.272,11179.136,159407.480,108306.913,17530.611,80954.204,1492.969,1618.044,127615.420,78793.029,34461.179,5163.531,291408.123,658407.781,3160956.714
2015-03-01,671985.544,46271.598,973919.039,82514.455,13302.140,129789.602,91371.674,9854.809,110288.818,894.820,2177.927,106325.242,188559.924,37157.575,4996.043,180013.075,812521.229,3461943.515
2015-04-01,478728.478,22969.912,911116.012,73954.812,11736.630,159316.304,88019.402,10614.911,113844.999,2892.412,1263.180,124730.282,278076.821,32698.614,159131.871,120313.279,630298.400,3219706.319
2015-05-01,509903.363,33815.422,902220.118,68471.845,12325.864,121755.172,160376.356,16887.358,106855.155,1663.478,2217.748,88812.741,260785.816,41162.369,3170.891,423519.853,627140.026,3381083.576
2015-06-01,593001.805,48272.854,887425.866,147901.106,12594.346,128883.988,87366.592,13427.189,84985.431,2207.669,1167.950,104952.651,223339.366,31466.716,8099.804,171267.881,671046.447,3217407.660
2015-07-01,557995.389,32199.629,926305.591,70700.356,11904.023,113737.789,89169.343,14509.615,106626.069,1143.063,1575.059,79175.600,153460.851,43584.692,6199.488,137396.184,698095.281,3043778.022
2015-08-01,437013.166,34424.985,768152.789,78999.784,12156.735,101589.806,89203.904,10170.025,85719.805,1365.864,1826.482,94594.744,204673.953,102679.737,42221.298,179871.132,623786.848,2868451.059
2015-09-01,478483.584,53075.947,855623.304,77439.393,13119.750,114461.528,86862.930,12663.096,107103.859,1590.081,2027.943,59498.993,145025.556,40916.329,89045.551,148490.806,612739.562,2898168.211
2015-10-01,457232.544,19599.606,746616.155,65794.358,14192.594,109332.824,92960.882,10674.918,103337.575,5101.495,2301.759,73858.880,153055.072,36342.429,10714.734,276947.489,637458.701,2815522.012
2015-11-01,404422.267,24200.937,587241.749,69717.260,11997.176,105938.177,80146.729,12879.737,70551.339,1105.767,2491.615,74090.419,168337.904,25105.617,48843.963,198753.065,558710.833,2444534.554
2015-12-01,420898.388,19689.795,795623.891,80022.629,13845.647,119183.235,100189.877,10849.803,94492.278,2210.752,3730.617,47224.197,132034.156,49147.331,74626.804,128091.247,497133.262,2588993.909
2016-01-01,269051.488,15303.705,678397.956,45031.907,8763.141,67688.522,52656.604,7783.257,53887.679,1088.047,3195.756,75238.505,100681.927,20775.283,8417.369,83673.488,427418.503,1919053.135
2016-02-01,446491.621,26076.719,810646.648,59349.649,9285.676,91750.246,98180.068,11743.482,61968.360,1913.479,1015.183,97453.521,99315.305,17326.916,6553.377,95367.523,394284.810,2328722.583
2016-03-01,338851.988,30926.174,827209.922,82018.907,13066.881,89135.977,84537.597,10722.586,58102.801,2370.474,1198.407,83304.878,104056.389,27128.514,33097.012,125201.256,424068.678,2334998.441
2016-04-01,484158.797,42933.796,778126.111,89830.031,8960.707,84917.976,77169.891,13239.880,60385.100,1442.270,937.264,55457.065,157872.849,60672.104,25139.263,95752.031,426797.808,2463792.943
2016-05-01,465088.820,22981.073,1046972.700,87648.109,11895.982,98472.729,83592.476,9367.407,82453.255,4176.714,908.181,62172.468,78152.028,32293.605,47020.080,122841.365,495433.420,2751470.411
2016-06-01,464499.848,46756.875,936103.678,90069.320,11427.548,69572.630,88367.204,8358.361,69951.789,1664.581,1607.466,34749.237,148640.109,35938.795,11012.277,176084.888,585707.041,2780511.646
2016-07-01,291295.043,39517.325,828060.514,43735.497,7036.793,69100.051,49487.326,7575.743,79875.956,1471.724,1263.172,25091.082,136857.469,27065.673,5545.848,125485.353,528532.919,2266997.487
2016-08-01,568682.183,23473.841,878695.546,95536.724,16019.397,135025.176,100434.770,39773.826,138658.136,1504.732,1380.034,69056.408,53748.788,35656.621,13239.982,242062.955,631428.274,3044377.392
2016-09-01,385761.196,26627.076,784874.346,85669.702,15666.228,116963.792,98596.461,17693.001,89383.019,2037.031,1873.871,35687.578,89197.320,31155.249,14972.595,183651.739,817876.271,2797686.473
2016-10-01,349255.685,36954.907,789119.598,84579.489,10700.125,115931.330,127724.082,12911.147,138618.943,1280.634,2136.945,28947.978,186976.473,30654.222,16445.624,166014.082,671762.832,2770014.096
2016-11-01,344417.073,36508.409,989072.643,87698.502,25349.647,117706.993,83797.029,15860.740,89625.946,2160.457,1766.749,23843.885,80564.348,36340.518,19316.699,132081.353,747511.058,2833622.050
2016-12-01,606428.982,47658.542,938620.076,85709.968,10515.367,143455.582,106254.841,21182.680,71939.425,1327.493,16708.536,22930.597,137840.324,72623.609,24875.001,166681.469,1002341.833,3477094.325
2017-01-01,421200.955,27661.753,825401.040,71031.947,11490.710,93860.186,78577.955,8446.654,68329.113,805.538,5587.075,17955.586,141530.361,40709.875,17626.136,116267.118,838562.443,2785044.445
2017-02-01,367375.191,26847.825,890626.340,71159.828,9842.552,95318.056,67581.158,10879.668,109915.939,798.659,2868.546,19755.258,132375.437,51635.770,10501.681,165748.383,682794.085,2716024.376
2017-03-01,594541.017,62400.649,913671.035,103800.761,13212.145,99769.398,91278.305,18845.390,135134.042,2115.264,2127.185,32349.183,171080.575,42780.871,16588.630,170708.046,830018.438,3300420.934
2017-04-01,371310.531,34879.369,830457.972,74513.847,15076.521,98530.721,79801.098,14221.332,75064.577,1514.736,1344.116,27913.034,127888.258,42150.563,7250.792,170410.036,725664.176,2697991.677
2017-05-01,583182.956,67509.900,1054069.581,139775.881,12939.167,105717.614,109541.326,22208.412,111265.715,1055.925,1637.624,24544.709,135595.655,37549.956,22937.767,175941.143,899962.707,3505436.039
2017-06-01,260998.065,27252.587,878518.356,103998.542,9845.564,139821.993,96200.669,20224.499,123985.069,1268.132,1438.986,32167.684,189165.343,41361.179,28767.566,247487.094,693111.092,2895612.421
2017-07-01,428767.832,36402.940,803755.755,126123.680,13318.889,114411.039,97435.660,18334.181,138877.893,2206.205,2424.091,29421.423,142786.957,40185.035,51483.243,287942.405,791606.139,3125483.368
2017-08-01,456482.761,32866.672,919012.697,110740.957,13067.777,134792.930,97455.679,20384.845,115018.888,3670.727,2448.609,31560.300,205762.189,35673.673,28060.927,220164.272,764433.755,3191597.656
2017-09-01,593965.104,63259.460,723544.753,205920.500,16688.412,140951.802,80668.984,46915.529,104328.433,1471.701,2061.632,30425.121,252164.796,57830.801,23160.019,265456.892,780864.669,3389678.607
2017-10-01,519148.552,38984.208,883180.627,83453.221,14040.012,135214.849,105034.732,28557.847,128235.465,2614.508,3927.726,24092.680,341724.576,57928.110,21070.390,225019.635,665288.738,3277515.876
2017-11-01,312461.980,28526.144,789432.985,101366.005,11821.610,131462.765,90954.812,24670.973,153990.032,1110.844,7106.084,28461.345,174517.040,42035.169,20562.757,266807.819,936948.369,3122236.733
2017-12-01,529977.688,79738.252,1103543.252,344776.376,13932.676,175467.771,143724.554,31887.682,99334.390,1289.826,3160.794,20737.056,196692.246,67517.652,31630.124,158434.928,1012972.911,4014818.178
2018-01-01,389512.076,68221.509,1051938.156,150427.341,11297.359,128571.749,109237.581,30418.805,148643.886,2069.719,1898.722,30131.499,240645.413,40164.069,7472.935,306534.323,607703.900,3324889.042
2018-02-01,354582.451,60083.741,858923.264,127002.508,8052.380,118195.859,84113.207,19450.276,104267.532,1671.724,5181.096,28744.730,201837.999,30063.375,21115.059,184609.545,819708.011,3027602.757
2018-03-01,397187.933,85855.217,806250.088,176781.112,10490.423,152402.993,85429.396,19213.427,144951.294,1069.219,1728.692,30109.208,337259.416,59236.251,8136.160,209603.170,839411.916,3365115.916
2018-04-01,497611.027,73450.269,1088541.345,162685.915,12323.832,158507.811,87043.265,20752.365,143219.620,2395.840,19936.142,42166.796,391624.001,48859.881,14493.121,192601.956,830323.367,3786536.553
2018-05-01,494548.183,60641.804,881774.810,130194.228,13007.133,142864.246,89082.077,31466.225,132976.126,1746.237,2324.243,18072.158,312111.482,44810.573,82940.226,304391.416,976459.208,3719410.374
2018-06-01,407871.502,78168.002,939454.879,85666.310,12066.894,139876.607,90490.959,33242.064,131491.188,2669.041,2446.805,28659.274,290232.275,34391.393,80935.016,179601.134,794669.929,3331933.271
2018-07-01,358128.710,50538.312,928451.927,141236.359,13313.758,131208.456,116991.814,28054.075,149863.356,2612.160,5459.496,16334.032,243837.626,57074.978,235364.551,208261.188,945324.185,3632054.983
2018-08-01,391841.635,178379.125,911201.144,135439.753,12446.091,148586.174,166601.801,40806.508,151623.305,2668.841,3721.958,21437.577,240686.084,41458.667,17542.103,267923.411,952034.605,3684398.782
2018-09-01,336714.550,72443.251,798083.153,118071.844,10485.673,197289.214,80390.259,14799.776,112120.226,2123.627,4157.217,14298.099,452318.973,27678.472,10729.722,275924.076,985213.430,3512841.561
2018-10-01,518567.525,57692.982,809035.160,121004.245,13501.654,158108.849,95551.086,21090.019,140735.691,2056.651,2450.823,45641.696,643888.734,32043.385,26154.520,209664.737,871478.518,3768666.277
2018-11-01,310441.667,43277.191,751450.374,154875.875,12955.287,217706.298,79971.949,20653.978,109277.984,2064.623,2715.018,57545.842,397830.914,19630.939,18736.503,391496.421,752877.800,3343508.662
2018-12-01,437397.253,36684.079,849155.607,134726.279,13010.841,158649.159,80097.636,15593.706,92584.823,3134.844,2025.327,21153.229,420500.221,38651.784,24456.802,203356.725,876640.907,3407819.220
2019-01-01,397631.725,28310.493,872271.381,86803.811,9080.799,128543.776,82967.100,13049.011,147684.963,2117.726,8126.976,26359.184,345849.925,33950.614,25502.296,216966.067,640894.635,3066110.482
2019-02-01,423556.963,48234.185,873309.762,203991.208,8657.131,156487.113,117156.396,19304.178,98284.263,802.205,1398.773,23080.170,286728.002,35004.197,24189.829,167745.852,695141.178,3183071.405
2019-03-01,420720.509,38711.069,1168982.969,111905.739,12025.344,111854.826,108777.273,10561.612,96324.526,1261.771,1723.569,8406.204,211077.939,55488.800,10479.241,264380.943,712167.779,3344850.114
2019-04-01,499068.295,31250.011,1215045.360,139692.556,13046.628,200540.540,97477.698,28751.753,121049.489,1299.023,26578.360,16349.486,317020.342,31633.775,38159.919,158364.196,927491.775,3862819.207
2019-05-01,505471.736,48212.235,1053023.385,165678.053,11496.305,154935.384,91507.544,22563.936,153392.319,1863.882,1749.081,17526.889,288943.733,27400.805,26458.131,266160.758,911957.656,3748341.831
2019-06-01,328949.249,35425.667,988545.979,92444.395,10069.930,166748.665,95201.755,16687.477,105869.850,4028.772,1440.714,13883.653,409627.370,34007.842,45616.661,146748.865,601065.665,3096362.511
2019-07-01,372942.791,36733.945,822213.370,105622.358,9933.363,174088.277,87510.661,31356.367,137419.937,1201.141,2219.231,14547.141,551088.877,39261.191,9451.969,123615.909,736623.312,3255829.839
2019-08-01,373316.701,28844.325,964155.737,105175.620,12884.978,173885.144,113577.037,19933.886,102319.489,4169.661,2330.672,11470.035,400531.355,39855.738,81361.220,155939.941,674509.704,3264261.243
2019-09-01,304163.151,33713.890,842811.062,100313.105,13293.227,160187.428,87128.379,25863.537,147339.489,2071.592,1804.479,15165.706,395291.029,45272.354,15688.952,233684.430,643557.019,3067348.830
2019-10-01,331737.435,36921.863,860755.091,119253.952,13015.115,198697.407,105726.387,17304.583,119875.355,1609.060,2143.656,13754.162,554695.007,42798.978,28948.843,209499.048,669761.240,3326497.184
2019-11-01,298685.461,38868.723,880242.800,86609.802,11068.001,166837.543,77038.490,10262.498,106934.143,1024.650,1906.926,17255.845,339879.675,32328.879,14027.017,237394.338,623259.914,2943624.705
2019-12-01,352773.830,40967.241,978761.840,91503.141,10040.184,160999.998,81881.226,20731.535,129249.553,2082.881,2889.894,18128.755,464195.576,49276.505,26298.333,173770.876,726499.146,3330050.514
2020-01-01,425878.975,54111.286,904600.116,164328.298,8754.158,146126.978,74586.240,9149.101,146974.451,3153.000,3245.764,12885.152,359529.860,49466.161,38305.581,238080.355,780290.162,3419465.640
2020-02-01,308301.045,44497.732,912163.554,206868.722,10157.362,192533.659,73214.099,14019.812,93294.869,2796.347,4354.099,12801.049,224302.461,31953.239,36462.458,136699.534,639205.766,2943625.808
2020-03-01,299215.518,29196.668,690711.657,84143.108,10227.732,110150.324,78742.053,24422.116,90580.353,1401.323,1637.836,14847.193,138078.247,27136.726,71219.711,132028.735,635296.293,2439035.595
2020-04-01,284408.945,36605.747,468910.941,112564.357,5789.021,69299.769,48078.493,9767.607,117728.459,787.565,1290.254,10934.395,94464.931,28029.155,71291.048,77584.992,426703.148,1864238.826
2020-05-01,277180.088,31212.702,659655.881,73492.324,5813.839,75557.842,54714.146,12539.111,86735.378,1496.965,1308.157,14914.085,294526.035,30853.372,45794.250,70985.534,484391.794,2221171.503
2020-06-01,322185.177,29073.831,716832.532,82856.695,7508.783,79174.241,62844.210,13463.065,80878.545,1884.469,1281.362,14192.949,120723.593,33789.162,106102.056,54358.944,562332.464,2289482.078
2020-07-01,348315.736,34699.731,723313.867,81358.286,8139.831,126240.069,74440.990,13898.432,75378.565,1783.059,1843.756,19476.191,276526.007,37407.813,47708.662,90350.293,591106.992,2551988.280
2020-08-01,313034.394,30753.112,750228.160,64561.720,8676.369,99639.739,76461.937,19283.158,93961.608,1580.712,790.712,16129.394,261777.954,39249.297,39233.275,165250.828,604154.392,2584766.760
2020-09-01,328617.080,30962.427,764217.977,74457.212,7732.358,144090.650,81107.036,17931.780,121791.136,4010.173,3034.011,20295.634,140938.597,38633.769,57441.823,85620.595,623991.348,2544873.604
2020-10-01,337916.763,29945.860,726225.791,74286.355,10848.738,117737.980,75443.571,27394.146,91635.091,2012.678,1715.049,17794.491,353253.115,22230.758,42520.951,117674.011,596318.155,2644953.503
2020-11-01,299440.817,26109.259,721593.300,67364.680,7836.840,166389.369,75575.125,16387.038,118101.818,4511.128,15943.660,21435.857,198693.184,28129.143,134880.905,141602.804,479376.948,2523371.875
2020-12-01,432495.752,37517.786,883314.072,74736.383,11110.937,146666.533,79085.095,32768.808,156939.994,2628.954,1699.874,20274.402,288011.342,35522.502,104204.707,118708.625,603151.421,3028837.187
2021-01-01,287524.262,58745.381,706140.135,45822.772,9487.475,91791.970,70272.468,15240.646,153180.587,2057.501,1084.034,12762.967,251712.045,40897.162,204465.049,175634.869,484117.099,2610936.422
2021-02-01,339264.220,47716.415,915488.372,72428.816,9833.267,126189.119,88172.618,21047.182,170776.571,2091.567,3927.677,16886.487,294859.787,34115.054,130470.226,40798.442,624928.296,2938994.117
2021-03-01,314018.354,39737.606,921128.622,100584.336,9072.586,159210.390,116308.087,13999.788,156367.461,3211.979,6529.161,21655.696,463560.747,50063.469,68691.596,168207.438,771206.759,3383554.076
2021-04-01,376906.860,41872.024,875229.860,93771.964,13214.805,167411.629,87391.311,28721.860,133122.197,3482.245,2034.012,23658.707,156036.628,29107.910,11865.720,171775.561,760769.052,2976372.344
2021-05-01,337610.474,39183.426,963612.823,72740.975,8720.908,51211.799,53476.884,22625.332,127815.664,2377.095,1915.102,25682.449,453620.002,21047.890,150205.946,168246.839,596819.671,3096913.278
2021-06-01,292750.139,30706.621,813189.993,109198.689,8463.210,123843.746,83644.606,25198.555,179299.963,1633.943,1480.884,25386.018,408797.831,23797.194,206304.134,132709.502,715810.681,3182215.708
2021-07-01,369277.829,44656.846,930211.156,109461.360,11379.054,202087.848,93287.611,15895.901,152531.468,1464.296,1651.841,28829.239,335523.991,28918.686,164222.120,72708.795,882049.867,3444157.909
2021-08-01,315345.479,89141.288,903639.969,113500.226,11238.223,159547.154,92438.700,33091.265,140914.069,3221.903,2362.857,32897.102,314361.025,55450.354,295696.105,110649.857,791647.299,3465142.875
2021-09-01,400541.787,90293.284,906101.795,129328.528,8250.295,208610.070,101442.727,31361.189,201028.967,5191.325,1410.477,34807.078,288811.207,39601.784,308842.958,66721.131,969890.930,3792235.531
2021-10-01,380265.905,92495.962,986858.574,99595.842,10729.904,142574.247,91082.094,43167.557,155277.206,3193.197,3091.606,30692.485,206783.951,39051.101,237950.910,361807.580,914493.166,3799111.286
2021-11-01,428314.832,46929.260,1042089.291,145856.054,13686.384,168377.898,100698.665,19575.342,297428.301,3822.728,2547.377,38404.163,263832.366,45995.455,175002.295,474276.682,888967.575,4155804.669
2021-12-01,603842.364,80308.594,995965.389,110382.183,13098.958,157123.658,103216.008,25408.093,181336.984,5771.548,1790.803,39509.296,223069.790,59782.663,285083.949,441207.007,1217653.570,4544550.855
2022-01-01,368364.125,86688.545,863716.055,115333.849,6173.342,121607.797,64731.582,24565.643,217979.037,2312.388,2165.251,26572.622,110285.053,30043.879,362884.333,448226.810,949958.902,3801609.213
2022-02-01,370017.678,82814.535,1123215.899,114498.020,11586.836,176437.250,91561.449,22475.493,183506.620,2272.193,4209.694,40001.714,238224.747,55625.286,160400.209,603350.818,928999.404,4209197.847
2022-03-01,437759.676,127445.879,1199624.493,163640.348,9681.275,170231.569,110346.881,35195.986,196826.194,2502.613,4665.927,42513.602,302532.090,53324.139,249095.147,611290.856,1063532.996,4780209.672
2022-04-01,694967.028,72410.538,1338186.587,139550.080,8665.625,145358.689,77070.823,62945.117,200929.884,4201.511,2511.786,52107.985,305658.483,43085.515,262711.623,594092.328,1456077.712,5460531.314
2022-05-01,643191.967,110591.278,1441918.387,150263.049,10678.133,153011.856,86954.793,26466.602,183975.089,3314.532,1823.159,62837.416,108880.208,32526.468,153143.554,457263.458,1035680.596,4662520.544
2022-06-01,1188130.344,88780.771,1352174.411,108794.874,13769.675,153116.580,89528.084,61871.412,156451.412,6389.166,3126.194,60334.889,90461.796,81331.538,247214.000,517629.645,1278511.710,5497616.502
2022-07-01,810103.953,119769.308,1631616.752,135819.002,9059.100,168598.680,87068.539,67481.734,302627.714,2317.402,1558.993,57975.292,76968.618,67726.337,139641.140,428079.651,1807269.581,5913681.796
2022-08-01,568352.273,143266.814,1198066.495,180089.482,16679.133,171210.778,108122.678,27669.595,165067.313,3707.153,5559.131,57984.649,157433.839,55437.228,153444.046,503377.346,873268.697,4388736.649
2022-09-01,665354.422,70054.223,1185849.564,173784.458,12664.769,156087.638,107882.796,21622.790,227023.037,3952.542,3974.262,56986.880,89818.649,46193.528,46780.461,543830.859,1366658.701,4778519.577
2022-10-01,683072.833,83757.378,1098970.510,119144.004,11932.915,152310.158,84242.222,31813.417,140610.565,2498.132,3136.028,55634.484,372621.570,60198.874,61048.171,308994.266,943196.752,4213182.277
2022-11-01,694928.969,50617.652,1136136.215,170152.153,12854.593,160505.552,98398.718,19226.897,173416.696,1815.744,3482.192,55982.954,221261.347,33228.824,425002.671,374903.690,930332.764,4562247.630
2022-12-01,897853.179,94335.366,1270754.011,181244.392,11334.740,153788.938,101210.687,18739.335,184317.199,2538.209,3090.618,63400.531,79644.202,47385.278,42642.020,443396.747,1046408.173,4642083.627
2023-01-01,711481.432,46400.950,884382.857,152303.009,9276.424,96311.572,79136.077,29549.545,130538.480,1458.884,1205.585,41287.971,267626.910,37096.547,16372.789,367508.841,861255.374,3733193.248
2023-02-01,776339.588,40948.222,1211013.732,169990.315,10119.211,189801.046,85714.903,30612.257,120715.367,1556.480,1609.560,49134.605,209760.555,51182.703,235189.519,257444.159,797561.846,4238694.070
2023-03-01,740769.202,70401.732,1160547.941,217161.142,12446.925,185705.266,87929.166,22381.166,173023.878,2440.556,4506.564,54561.320,84816.979,68366.514,155188.751,476811.380,948313.171,4465371.653
2023-04-01,505818.382,39846.679,883892.692,139513.303,9589.156,149645.567,77091.493,28590.968,168948.290,2983.072,2123.423,42963.413,199787.099,41843.932,279154.024,394655.785,772766.555,3739213.832
2023-05-01,704111.278,64475.621,1207606.448,173127.886,11452.933,156112.475,91541.927,40275.430,168975.524,2643.105,2669.623,59285.118,166282.931,100181.467,80821.393,380226.531,1088072.723,4497862.414
2023-06-01,490026.501,83922.386,1021269.929,146924.214,9450.792,157282.992,87165.882,36121.921,161904.116,2988.512,1992.927,59200.071,278953.360,71541.961,177968.818,263225.462,971479.362,4021419.207
2023-07-01,493033.061,83851.608,1238116.262,141779.121,10323.869,149837.563,130286.288,35989.304,161792.633,1719.967,2730.458,52772.941,99159.001,24116.855,212774.242,437782.973,891175.473,4167241.618
2023-08-01,432082.756,62698.829,1192410.569,123801.872,8950.211,162209.766,112855.468,30679.044,163057.227,2839.710,2274.444,56785.694,260141.900,55076.587,221636.013,228022.895,828372.064,3943895.050
2023-09-01,367922.937,40704.022,1200475.275,171806.476,12604.332,154830.692,137607.427,30882.566,163191.360,2213.541,1502.783,55072.727,86474.536,68303.967,244640.554,542036.328,887449.508,4167719.031
2023-10-01,431552.307,40536.061,1108479.286,153888.764,10593.267,218765.285,92131.440,31540.809,148587.970,2159.302,1865.703,61074.651,229127.097,46971.126,217796.832,591850.564,765228.382,4152148.847
2023-11-01,584809.754,46630.425,1073877.575,138429.925,9472.119,185550.971,79448.298,25549.035,154992.346,2388.337,2890.693,70796.163,351172.889,56606.942,224921.885,289475.529,897621.518,4194634.405
2023-12-01,571398.181,51979.264,1103938.583,149852.574,8895.830,208833.031,75940.936,15254.540,169693.532,2560.011,2871.236,70473.683,236003.228,55566.598,331333.575,430297.825,962840.314,4447732.940
2024-01-01,410108.498,73667.990,959626.811,174408.592,7297.333,157156.085,73203.350,17553.719,169174.682,719.853,2400.411,50234.584,242643.644,43983.901,238723.215,200862.425,799358.900,3621123.992
2024-02-01,387376.002,57082.081,1025970.500,148380.424,7617.866,137828.941,88576.259,17140.276,170793.680,2070.706,2433.604,63608.789,110608.180,82148.182,201236.643,416481.729,891597.203,3810951.064
2024-03-01,383434.800,39757.965,1127601.809,167207.453,7851.197,121826.091,75909.174,12743.963,115775.531,1796.337,4938.169,68690.774,295620.247,44487.487,197744.525,392963.897,808596.054,3866945.472
2024-04-01,387289.039,44128.039,1181080.447,231602.573,8033.644,183729.615,118897.863,22006.509,132201.963,2719.316,2070.948,74685.103,184847.223,45822.182,200487.524,563603.784,1025620.253,4408826.024
2024-05-01,406319.773,53069.398,1370499.603,178130.288,8972.228,155948.989,73395.845,16759.817,134356.535,2005.713,2932.895,86683.612,418498.925,40937.616,217516.995,358086.360,926798.387,4450912.977
2024-06-01,307677.571,55130.835,1223127.272,195200.803,9208.086,139623.554,76735.047,13827.943,125814.066,2609.044,1969.724,83719.748,69359.756,33803.635,370386.832,319610.078,831525.817,3859329.812
2024-07-01,436124.088,36348.130,1289503.895,159139.740,10334.011,153215.378,112548.767,42463.798,205786.176,10223.179,2942.050,97928.257,258854.131,35982.779,184052.497,399324.008,1183514.287,4618285.171
2024-08-01,418424.433,56261.980,1263766.806,119769.481,9019.742,147218.765,86525.198,42082.147,175191.461,3039.136,2752.247,82705.502,217595.083,33528.617,196362.704,318174.042,673293.235,3845710.578
2024-09-01,468128.316,57268.303,1362217.300,152214.756,9104.104,193362.172,117547.813,20464.231,152341.323,1680.036,1758.423,85329.415,93077.332,40643.832,230658.145,249644.456,923251.960,4158691.920
2024-10-01,500157.548,62132.344,1160066.350,114804.976,10195.222,212366.115,117575.425,24811.624,214824.859,3594.584,4690.228,98808.528,88413.731,34844.697,249453.160,449583.045,962813.710,4309136.143
2024-11-01,523417.118,67320.405,1140258.498,215727.166,8210.661,126387.504,90475.012,33821.335,177409.940,6674.648,2203.482,93119.867,169469.030,37434.156,217300.501,212399.560,1004470.800,4126099.683
2024-12-01,549836.325,61028.354,1231310.603,100027.363,11131.820,192377.179,137509.117,36373.976,153596.607,6937.899,2392.532,118069.405,228166.126,34697.385,164166.232,429171.548,1023715.878,4480508.348
2025-01-01,464702.598,82865.464,1159391.037,73881.226,6897.850,176249.194,110651.805,15883.959,152116.662,2155.741,2686.861,67411.465,175601.649,39184.501,177814.961,227898.263,841328.119,3776721.354
2025-02-01,398736.048,108922.763,1020315.253,111429.533,8138.091,168364.962,112682.949,19975.761,152909.403,1914.180,1602.046,85783.671,126206.185,58071.085,146073.663,222214.474,1036934.871,3780274.940
2025-03-01,559584.595,95509.223,1427695.775,129975.927,9338.846,150064.811,115590.552,28977.095,131236.868,5399.499,5967.292,94536.515,203182.767,38276.480,41379.211,510412.713,850693.343,4397821.514
2025-04-01,635275.419,126896.422,1305451.311,170554.684,6992.842,140089.277,131609.884,34237.454,149078.096,3206.748,2943.145,92204.239,102625.823,34837.657,158180.097,244811.267,780415.357,4119409.722
2025-05-01,612076.178,132560.296,1184790.910,143896.939,8732.521,143737.038,94429.740,28650.965,139529.914,2318.584,3480.736,90925.187,129512.972,50899.349,210082.014,306869.230,1074911.041,4357403.615
2025-06-01,508681.727,126282.434,1307564.149,118776.476,6200.379,138024.491,86962.095,26812.394,137696.551,3079.355,2921.641,77669.335,76291.150,32875.455,162781.099,258221.883,886838.293,3957678.906
2025-07-01,502635.663,173828.832,1403279.079,147595.116,9437.713,154690.380,117960.890,24342.306,213709.379,2621.893,2406.086,91961.854,109775.054,45326.163,186103.158,246758.177,995053.086,4427484.826
2025-08-01,508829.737,135175.496,1119816.692,106303.480,4828.417,137562.054,141473.807,29317.162,112336.853,2748.672,2364.216,80246.326,116597.742,66072.145,150907.254,231581.064,925383.150,3871544.270
2025-09-01,515259.129,168730.777,1241742.698,153210.766,7365.440,162624.623,322789.127,35014.440,232405.796,6386.420,3384.447,99176.535,139655.611,31166.183,234957.753,420197.822,876266.335,4650333.902
2025-10-01,531872.922,211011.178,1239320.328,165177.696,6059.167,157832.852,121741.987,23661.299,174366.310,3090.562,4889.435,95593.666,190313.297,54536.759,210391.419,300901.687,808389.313,4299149.876
2025-11-01,526719.474,120818.634,1088739.057,158895.380,5709.659,143874.788,81874.053,16446.575,157486.231,1968.158,1654.770,84424.756,205877.754,48050.140,188820.872,346916.433,840215.926,4018492.662
2025-12-01,484719.515,157604.868,1374154.251,112971.026,8271.316,173566.714,125956.403,18970.423,142527.825,2844.683,62445.038,111791.819,69446.310,55797.279,306902.130,363495.718,973717.620,4545182.937
2026-01-01,587789.477,264805.475,1356547.206,86707.366,4521.507,142002.872,96405.710,13222.692,167389.376,1712.048,6302.052,54062.034,62952.628,67344.851,265416.842,310686.134,788806.867,4276675.137
2026-02-01,608067.176,174392.360,1312732.899,131624.150,4082.730,109355.353,122004.853,18087.948,159608.127,1911.272,4209.361,78121.849,48710.909,33208.712,211884.739,319827.770,879086.057,4216916.263
2026-03-01,874988.728,164410.318,1450580.884,221849.111,6645.672,62369.931,99143.234,23820.326,204375.906,2763.268,8662.365,97669.157,103032.227,31174.847,446042.624,522393.484,1011403.460,5331325.543
2026-04-01,619908.533,261351.474,1433082.642,169251.791,7817.099,114110.368,180937.133,19157.993,152070.504,5835.993,10077.511,99099.115,58090.763,24488.666,229975.024,420296.737,787584.731,4593136.077
2026-05-01,990905.116,195348.596,1353634.674,201124.102,6745.938,66154.951,324499.863,21429.976,218466.774,1689.341,2426.294,122329.414,84459.483,52665.303,197224.035,274137.941,1029635.406,5142877.206
2026-06-01,575932.210,138890.033,990837.481,186553.720,6857.946,89710.140,110540.202,29844.459,205631.741,4368.779,1521.772,111807.854,70483.468,70597.706,199701.239,565691.399,878550.334,4237520.485
2026-07-01,696136.150,202904.913,1336647.652,136552.770,7133.775,127071.162,129037.668,36858.155,176013.863,4044.441,3476.547,120876.159,230670.434,95488.932,32409.705,338324.505,1017066.720,4690713.553
