fecha,cafe,carbon,petroleo,ferroniquel,tradicionales,no_tradicionales,total
1992-01-01,108864.259,39350.417,130960.007,2580.274,281754.957,250016.024,531770.981
1992-02-01,114798.508,56115.593,102964.170,17022.567,290900.838,282102.924,573003.762
1992-03-01,89464.459,11971.475,139097.847,6689.358,247223.139,305083.814,552306.953
1992-04-01,113534.579,54218.066,123237.049,2159.911,293149.605,238675.349,531824.954
1992-05-01,118169.773,36988.960,126696.237,20405.646,302260.616,326456.530,628717.146
1992-06-01,127088.833,37008.359,96352.195,13221.457,273670.844,294887.291,568558.135
1992-07-01,94024.339,63143.437,143864.925,7911.201,308943.902,296261.421,605205.323
1992-08-01,91550.237,28700.020,140223.535,4136.302,264610.094,284244.445,548854.539
1992-09-01,74542.488,51669.929,125582.772,24414.456,276209.645,350652.108,626861.753
1992-10-01,85359.833,50420.982,152279.965,9981.544,298042.324,317813.540,615855.864
1992-11-01,113037.076,57720.852,54879.345,9429.320,235066.593,315181.188,550247.781
1992-12-01,128413.251,68122.227,76805.065,7203.566,280544.109,295882.391,576426.500
1993-01-01,107954.784,35891.912,131310.254,7676.680,282833.630,217312.983,500146.613
1993-02-01,104848.548,59607.423,119855.413,11527.365,295838.749,287576.397,583415.146
1993-03-01,89602.522,54100.713,124330.182,13163.499,281196.916,400139.925,681336.841
1993-04-01,84109.896,11885.789,130697.873,4994.925,231688.483,328849.447,560537.930
1993-05-01,80974.998,62352.978,119389.028,6533.751,269250.755,352651.725,621902.480
1993-06-01,77127.392,51352.736,126701.515,11278.145,266459.788,357782.703,624242.491
1993-07-01,71176.296,24932.182,105731.267,7841.692,209681.437,338469.270,548150.707
1993-08-01,73533.445,44486.655,78961.576,13045.896,210027.572,341126.878,551154.450
1993-09-01,81929.820,46292.553,108987.999,2160.911,239371.283,369340.569,608711.852
1993-10-01,96248.662,72393.395,137160.776,8637.636,314440.469,305857.976,620298.445
1993-11-01,133129.495,42498.232,87978.693,9266.339,272872.759,346884.841,619757.600
1993-12-01,139232.349,58619.642,52155.065,5771.139,255778.195,348013.805,603792.000
1994-01-01,86555.759,40717.213,102174.676,4707.250,234154.898,298973.465,533128.363
1994-02-01,83641.490,44041.598,110672.221,19724.808,258080.117,342434.999,600515.116
1994-03-01,86750.901,46046.410,99216.802,1139.563,233153.676,353908.953,587062.629
1994-04-01,105643.501,47650.038,102788.495,12604.758,268686.792,381427.563,650114.355
1994-05-01,114192.003,39747.640,67245.598,7362.257,228547.498,416638.051,645185.549
1994-06-01,176742.819,46934.420,114333.798,12777.818,350788.855,394221.632,745010.487
1994-07-01,209852.559,25255.930,117820.667,9520.078,362449.234,323853.918,686303.152
1994-08-01,235517.142,89827.670,132112.202,1030.315,458487.329,415329.081,873816.410
1994-09-01,225350.643,37281.447,106149.194,16344.886,385126.170,379581.476,764707.646
1994-10-01,241210.724,17064.689,125007.128,10960.479,394243.020,388420.769,782663.789
1994-11-01,239044.694,62567.095,106459.585,3249.351,411320.725,435960.503,847281.228
1994-12-01,185631.637,52699.167,128742.562,19361.121,386434.487,435304.818,821739.305
1995-01-01,166370.968,27578.653,134091.464,8600.675,336641.760,352699.851,689341.611
1995-02-01,161095.461,15741.577,146625.116,19142.646,342604.800,419383.056,761987.856
1995-03-01,140859.564,52776.908,153079.733,24972.124,371688.329,540683.971,912372.300
1995-04-01,128925.705,37767.478,172719.668,14314.487,353727.338,426490.701,780218.039
1995-05-01,179102.490,43991.046,199487.486,14838.509,437419.531,484713.593,922133.124
1995-06-01,153537.338,56797.989,191018.387,10329.102,411682.816,465489.124,877171.940
1995-07-01,104919.972,61974.601,180402.584,18021.163,365318.320,472542.129,837860.449
1995-08-01,153950.551,16915.299,229578.938,14806.382,415251.170,493552.757,908803.927
1995-09-01,129339.964,66504.791,188181.016,12995.697,397021.468,460030.079,857051.547
1995-10-01,166062.975,66396.212,212245.774,8912.907,453617.868,454005.582,907623.450
1995-11-01,177978.920,72428.896,185637.889,14338.269,450383.974,448557.312,898941.286
1995-12-01,169750.399,73665.358,191611.851,23514.070,458541.678,389017.264,847558.942
1996-01-01,101089.900,34459.428,195446.625,7336.926,338332.879,359972.390,698305.269
1996-02-01,109135.841,78540.808,178465.110,24261.942,390403.701,407050.499,797454.200
1996-03-01,135529.140,63680.760,265200.271,10154.788,474564.959,468934.370,943499.329
1996-04-01,130645.191,79517.612,273468.404,4815.155,488446.362,477349.784,965796.146
1996-05-01,139898.418,51306.167,253884.442,23596.346,468685.373,451330.291,920015.664
1996-06-01,138786.029,92878.425,214359.733,13531.840,459556.027,412554.519,872110.546
1996-07-01,139727.588,60519.098,236403.762,14899.731,451550.179,444675.841,896226.020
1996-08-01,118060.643,65957.600,208749.269,6613.761,399381.273,378216.338,777597.611
1996-09-01,108041.964,76842.265,262917.304,10722.519,458524.052,411819.180,870343.232
1996-10-01,150236.074,82140.518,307212.403,24899.565,564488.560,422121.395,986609.955
1996-11-01,178140.464,88797.523,260487.947,10060.442,537486.376,451264.099,988750.475
1996-12-01,129139.338,73913.324,290407.235,21180.546,514640.443,416215.315,930855.758
1997-01-01,138401.081,58266.070,252724.150,7190.904,456582.205,343263.281,799845.486
1997-02-01,159012.561,73251.539,198860.783,24333.623,455458.506,407110.989,862569.495
1997-03-01,133041.845,57222.472,220228.899,6594.033,417087.249,349406.784,766494.033
1997-04-01,174732.147,92059.987,248760.587,10072.988,525625.709,589870.733,1115496.442
1997-05-01,273503.694,82808.633,195232.260,13378.777,564923.364,505716.823,1070640.187
1997-06-01,231576.393,46503.081,201537.197,11692.835,491309.506,433972.828,925282.334
1997-07-01,182531.473,126939.915,181258.020,25436.081,516165.489,563307.150,1079472.639
1997-08-01,157266.231,88521.218,225850.435,8483.743,480121.627,419635.595,899757.222
1997-09-01,205160.990,72048.469,189433.017,20482.818,487125.294,495326.931,982452.225
1997-10-01,165541.779,57481.953,249679.791,1486.158,474189.681,458522.534,932712.215
1997-11-01,172285.146,62445.178,281026.926,19910.146,535667.396,461515.498,997182.894
1997-12-01,268114.800,70350.734,262548.442,11489.332,612503.308,504620.364,1117123.672
1998-01-01,193147.500,85305.093,194094.371,13166.840,485713.804,378697.581,864411.385
1998-02-01,141611.470,40819.859,184247.690,7534.259,374213.278,444409.712,818622.990
1998-03-01,157466.832,46103.020,196122.476,11814.743,411507.071,505892.434,917399.505
1998-04-01,168135.028,60474.443,188294.773,9473.353,426377.597,467350.596,893728.193
1998-05-01,185257.669,138997.112,205035.642,14366.151,543656.574,540809.550,1084466.124
1998-06-01,169413.533,94371.859,154837.822,9161.995,427785.209,493416.203,921201.412
1998-07-01,156439.678,85504.721,178280.053,11591.182,431815.634,494548.825,926364.459
1998-08-01,121180.222,62973.621,184781.664,8974.593,377910.100,448544.555,826454.655
1998-09-01,127722.481,97000.536,200032.759,12493.315,437249.091,486440.002,923689.093
1998-10-01,146553.820,35491.445,235367.456,6462.314,423875.035,459746.355,883621.390
1998-11-01,149060.357,110387.835,191489.672,4319.750,455257.614,398759.856,854017.470
1998-12-01,177113.612,78267.248,216266.521,10292.363,481939.744,469709.044,951648.788
1999-01-01,127032.786,60711.249,183128.426,10384.686,381257.147,337992.616,719249.763
1999-02-01,125014.842,35238.551,202783.191,11012.576,374049.160,388092.004,762141.164
1999-03-01,94253.331,62564.663,249687.497,10171.936,416677.427,535845.006,952522.433
1999-04-01,132222.927,36729.283,260516.102,7134.680,436602.992,400884.008,837487.000
1999-05-01,105186.907,77229.443,265237.417,10621.337,458275.104,471418.440,929693.544
1999-06-01,120087.619,119564.073,286122.975,9547.770,535322.437,507611.588,1042934.025
1999-07-01,88070.501,74016.161,349110.774,13079.727,524277.163,491143.770,1015420.933
1999-08-01,99254.401,71885.337,338622.773,18325.033,528087.544,474066.151,1002153.695
1999-09-01,83639.893,61391.141,410810.397,15837.085,571678.516,491782.394,1063460.910
1999-10-01,97149.318,53454.279,364241.966,13102.386,527947.949,438508.875,966456.824
1999-11-01,123777.455,91004.547,365556.766,17146.340,597485.108,478742.690,1076227.798
1999-12-01,151512.663,112764.615,478925.987,17745.841,760949.106,488343.390,1249292.496
2000-01-01,76736.845,30544.882,422415.663,20974.873,550672.263,461004.042,1011676.305
2000-02-01,92831.789,107059.813,400119.209,18472.575,618483.386,435614.882,1054098.268
2000-03-01,52621.357,101772.717,371583.275,26212.428,552189.777,501356.077,1053545.854
2000-04-01,98781.053,37120.673,349698.790,15310.320,500910.836,385448.124,886358.960
2000-05-01,77433.826,71266.269,433069.298,23085.033,604854.426,541403.841,1146258.267
2000-06-01,107268.497,102804.776,392917.832,17439.661,620430.766,533525.024,1153955.790
2000-07-01,84005.181,44585.927,420233.070,17237.221,566061.399,538346.474,1104407.873
2000-08-01,112011.783,62800.323,432063.955,18903.284,625779.345,616611.210,1242390.555
2000-09-01,69344.843,81747.679,363019.997,16594.283,530706.802,572206.276,1102913.078
2000-10-01,83991.706,21068.733,344808.645,15448.359,465317.443,516398.939,981716.382
2000-11-01,120331.280,50091.429,450029.387,10487.650,630939.746,561741.508,1192681.254
2000-12-01,91993.069,182018.499,395528.859,11238.009,680778.436,547619.825,1228398.261
2001-01-01,54386.276,81794.006,353136.984,37417.753,526735.019,490459.924,1017194.943
2001-02-01,70265.547,78809.276,298192.297,15102.307,462369.427,502067.915,964437.342
2001-03-01,51256.876,113146.061,228767.994,20728.175,413899.106,588551.228,1002450.334
2001-04-01,62645.211,158985.322,286872.113,17162.175,525664.821,532792.009,1058456.830
2001-05-01,65044.003,111501.853,278404.417,19239.152,474189.425,593833.144,1068022.569
2001-06-01,65503.082,102441.524,241837.424,21898.127,431680.157,565055.980,996736.137
2001-07-01,55905.315,70891.545,231076.667,20313.913,378187.440,627679.338,1005866.778
2001-08-01,50638.768,102304.603,388796.163,21037.510,562777.044,626828.101,1189605.145
2001-09-01,40905.711,104201.395,340703.114,12867.475,498677.695,580103.733,1078781.428
2001-10-01,72916.059,102843.832,227360.692,18506.353,421626.936,592145.047,1013771.983
2001-11-01,90464.304,93755.937,161473.685,11185.508,356879.434,609094.026,965973.460
2001-12-01,83910.664,76337.928,248442.702,19771.194,428462.488,540136.909,968599.397
2002-01-01,53876.345,96236.837,218526.930,21979.773,390619.885,553082.145,943702.030
2002-02-01,62243.135,98986.999,237387.453,20013.559,418631.146,527303.740,945934.886
2002-03-01,58116.405,90201.648,246573.672,15584.490,410476.215,448826.436,859302.651
2002-04-01,57739.845,103495.506,305544.925,21648.704,488428.980,635472.896,1123901.876
2002-05-01,66292.635,97979.481,243044.228,25201.845,432518.189,643990.404,1076508.593
2002-06-01,61720.089,45231.667,297260.436,12519.472,416731.664,504731.063,921462.727
2002-07-01,51509.152,55598.225,272542.635,29930.288,409580.300,631295.260,1040875.560
2002-08-01,58029.919,81942.951,244871.630,24020.027,408864.527,506592.137,915456.664
2002-09-01,48824.997,75609.802,317654.180,24628.869,466717.848,588696.645,1055414.493
2002-10-01,61987.930,51478.180,319303.829,27030.402,459800.341,610541.779,1070342.120
2002-11-01,87942.834,128422.335,222969.483,28268.046,467602.698,499294.403,966897.101
2002-12-01,103918.255,65331.597,349525.302,20703.648,539478.802,516111.194,1055589.996
2003-01-01,62725.388,95960.838,297370.669,36228.109,492285.004,431141.805,923426.809
2003-02-01,71058.927,73996.906,281611.868,26634.976,453302.677,579740.257,1033042.934
2003-03-01,57336.191,76022.923,294370.003,27095.032,454824.149,579408.876,1034233.025
2003-04-01,63745.307,167794.266,241924.067,35182.677,508646.317,592410.015,1101056.332
2003-05-01,58446.221,250347.166,261171.620,28917.378,598882.385,583005.809,1181888.194
2003-06-01,71446.938,47318.887,298639.690,37668.088,455073.603,540223.693,995297.296
2003-07-01,69654.758,190628.328,323218.399,29837.972,613339.457,654258.835,1267598.292
2003-08-01,56196.180,91784.956,308629.276,38286.268,494896.680,597953.570,1092850.250
2003-09-01,59337.017,103998.588,234009.149,31944.929,429289.683,650182.040,1079471.723
2003-10-01,71655.811,140949.068,305846.208,39951.805,558402.892,610791.820,1169194.712
2003-11-01,76704.373,116736.419,245376.628,38598.975,477416.395,605419.901,1082836.296
2003-12-01,91024.013,66487.815,291071.920,45882.029,494465.777,673162.554,1167628.331
2004-01-01,73173.665,205159.678,315577.476,57772.864,651683.683,531715.347,1183399.030
2004-02-01,82951.426,59110.016,242357.428,50826.993,435245.862,596580.001,1031825.864
2004-03-01,77502.168,62048.083,329364.876,58640.608,527555.735,679101.452,1206657.187
2004-04-01,72107.001,137880.106,282543.698,54642.058,547172.863,724445.350,1271618.213
2004-05-01,68992.009,115307.372,363896.436,59313.800,607509.617,728216.997,1335726.614
2004-06-01,75776.302,153393.032,372967.606,29981.961,632118.902,801527.598,1433646.500
2004-07-01,79767.142,211075.448,376731.785,56134.657,723709.032,817394.452,1541103.484
2004-08-01,66550.641,157887.509,349022.371,60101.960,633562.482,882960.225,1516522.707
2004-09-01,39668.447,184136.249,415669.183,64837.073,704310.952,815147.022,1519457.974
2004-10-01,85450.937,178351.115,449380.767,34429.387,747612.206,781679.129,1529291.335
2004-11-01,97188.195,218645.298,334777.487,51547.688,702158.668,883550.528,1585709.195
2004-12-01,137114.624,176080.260,395132.271,58436.471,766763.626,866606.110,1633369.736
2005-01-01,149965.239,138274.306,314010.242,77293.840,679543.628,699436.172,1378979.800
2005-02-01,140817.074,222633.356,348718.595,53681.166,765850.191,763414.589,1529264.780
2005-03-01,147742.743,215447.548,437833.425,71348.344,872372.059,849708.904,1722080.963
2005-04-01,123830.633,202737.169,368911.002,56783.875,752262.678,930187.778,1682450.456
2005-05-01,122879.184,226804.482,414301.568,45314.781,809300.015,927897.664,1737197.678
2005-06-01,131157.528,392556.286,495986.060,89889.698,1109589.571,988263.459,2097853.030
2005-07-01,104358.835,97141.398,482651.919,69784.133,753936.285,899896.921,1653833.206
2005-08-01,108485.571,166417.346,623704.377,48549.380,947156.675,935583.385,1882740.059
2005-09-01,93855.557,215607.390,551756.745,64447.871,925667.562,982348.566,1908016.128
2005-10-01,80624.985,222605.071,508205.812,59257.212,870693.080,918211.462,1788904.543
2005-11-01,118096.036,225019.161,481567.933,48654.167,873337.296,952861.634,1826198.930
2005-12-01,150320.167,229080.315,531735.559,52153.161,963289.202,975277.850,1938567.052
2006-01-01,104524.426,219498.647,471389.944,46420.557,841833.573,826337.176,1668170.749
2006-02-01,132319.571,335309.888,410561.773,74037.419,952228.651,909795.353,1862024.004
2006-03-01,132755.666,145674.120,565563.824,52750.911,896744.521,1033118.982,1929863.503
2006-04-01,92111.551,243417.880,530051.329,59622.426,925203.187,946957.592,1872160.779
2006-05-01,106351.086,301191.082,603094.480,73625.990,1084262.638,1127418.649,2211681.287
2006-06-01,119248.745,121482.267,633536.345,94951.968,969219.325,1070144.679,2039364.003
2006-07-01,105920.423,181659.623,720521.657,84542.571,1092644.273,1049313.908,2141958.182
2006-08-01,134771.762,230042.687,563578.939,109818.688,1038212.076,1091668.439,2129880.515
2006-09-01,127238.215,272999.168,434754.897,92476.060,927468.341,1176774.952,2104243.292
2006-10-01,135200.870,348350.011,476007.221,162061.818,1121619.920,1149952.046,2271571.967
2006-11-01,127786.780,278815.597,404687.565,125803.182,937093.124,1209454.371,2146547.495
2006-12-01,153317.182,247978.618,519378.622,130738.003,1051412.426,1083091.916,2134504.342
2007-01-01,152099.835,274475.907,445704.653,24836.286,897116.681,946551.284,1843667.965
2007-02-01,148169.898,250768.816,348734.900,64996.428,812670.042,1102099.565,1914769.607
2007-03-01,138154.561,413278.680,529720.276,50802.904,1131956.421,1252700.197,2384656.617
2007-04-01,109169.186,405134.750,526547.533,295413.215,1336264.685,1161485.681,2497750.366
2007-05-01,119160.503,303256.214,587088.102,368551.967,1378056.785,1349922.896,2727979.681
2007-06-01,124744.930,122921.009,474083.711,200977.627,922727.276,1191531.529,2114258.805
2007-07-01,150479.799,386331.791,721434.834,111828.620,1370075.045,1278071.510,2648146.555
2007-08-01,147662.805,390043.188,588361.006,105553.572,1231620.570,1389381.029,2621001.599
2007-09-01,132466.798,163036.537,729649.641,68076.864,1093229.839,1429939.944,2523169.782
2007-10-01,138191.001,163527.846,677831.858,93714.544,1073265.249,1550383.657,2623648.907
2007-11-01,153638.961,321880.112,852834.075,118261.446,1446614.594,1706038.253,3152652.847
2007-12-01,215483.927,409228.707,840942.783,210544.540,1676199.957,1551336.229,3227536.186
2008-01-01,198825.486,331415.082,869484.598,164671.832,1564396.998,1277909.295,2842306.293
2008-02-01,204067.312,320377.027,798291.270,84736.855,1407472.464,1414997.675,2822470.139
2008-03-01,185607.101,451517.173,1018802.659,0.000,1655926.933,1351360.737,3007287.670
2008-04-01,166087.901,505207.225,1008096.945,106611.597,1786003.668,1579416.633,3365420.300
2008-05-01,147222.776,443902.910,1202916.802,59587.449,1853629.937,1538985.062,3392614.999
2008-06-01,159400.149,526592.750,1460898.823,115973.536,2262865.258,1412789.074,3675654.332
2008-07-01,172324.083,512078.764,1335526.475,104469.956,2124399.278,1677285.948,3801685.226
2008-08-01,116587.076,388721.124,1274604.989,59520.277,1839433.466,1454753.681,3294187.147
2008-09-01,129225.457,416759.481,1208662.140,34900.508,1789547.585,1344446.541,3133994.126
2008-10-01,128629.707,372997.861,899103.416,0.150,1400731.134,1580374.184,2981105.318
2008-11-01,99065.958,119325.142,647674.431,13064.450,879129.981,1366248.746,2245378.727
2008-12-01,147923.529,123714.034,486439.055,34677.353,792753.971,1431517.039,2224271.010
2009-01-01,177017.625,668973.023,504771.025,63845.783,1414607.456,1111090.437,2525697.893
2009-02-01,156675.644,321658.587,455776.564,56709.149,990819.943,1349297.680,2340117.623
2009-03-01,146496.084,535507.339,568200.149,58417.765,1308621.337,1402710.771,2711332.108
2009-04-01,115571.775,415192.458,624796.790,49780.631,1205341.654,1222229.135,2427570.789
2009-05-01,104808.819,503976.230,784293.286,23213.390,1416291.726,1326227.189,2742518.915
2009-06-01,140583.370,435526.983,910629.923,53647.666,1540387.942,1197695.244,2738083.186
2009-07-01,130797.209,475026.768,920545.035,54641.571,1581010.583,1317589.826,2898600.410
2009-08-01,107656.150,380503.579,1067495.092,50577.435,1606232.257,1067237.244,2673469.501
2009-09-01,88727.459,436460.869,927494.969,58580.500,1511263.796,1284719.418,2795983.215
2009-10-01,110827.084,393909.479,1197929.354,89802.159,1792468.076,1156218.465,2948686.541
2009-11-01,115304.179,392189.074,1114512.946,79484.167,1701490.365,1159804.114,2861294.480
2009-12-01,148232.099,457460.934,1191056.831,87233.767,1883983.631,1298988.419,3182972.050
2010-01-01,132034.271,504215.423,1204788.271,57965.949,1899003.914,1014429.563,2913433.477
2010-02-01,121786.177,408571.970,1187706.719,81003.708,1799068.575,1070087.575,2869156.149
2010-03-01,155464.640,464791.802,1260767.324,57391.052,1938414.819,1399488.392,3337903.211
2010-04-01,128847.036,504967.690,1496446.180,111595.781,2241856.687,1249121.342,3490978.028
2010-05-01,156524.260,659279.451,1282922.902,95655.473,2194382.087,1318948.738,3513330.824
2010-06-01,147878.321,571395.598,1194244.277,92246.126,2005764.322,1054863.463,3060627.785
2010-07-01,127906.733,449656.413,1452874.158,73434.130,2103871.434,1053754.545,3157625.979
2010-08-01,134257.340,579947.201,1434213.671,65004.820,2213423.032,1077812.978,3291236.010
2010-09-01,127006.986,430313.351,1348053.048,68177.099,1973550.485,1298110.021,3271660.506
2010-10-01,161074.809,538698.108,1498700.097,95255.942,2293728.956,1242029.669,3535758.625
2010-11-01,205473.361,488703.241,1487707.853,76046.905,2257931.360,1168163.234,3426094.594
2010-12-01,285303.008,414644.234,1653200.496,93560.849,2446708.586,1398822.626,3845531.213
2011-01-01,283057.704,710357.581,1638080.749,81982.112,2713478.146,1046698.212,3760176.358
2011-02-01,256080.458,577723.507,1832981.654,82660.472,2749446.090,1209125.438,3958571.528
2011-03-01,292884.038,500019.347,2493160.195,48962.199,3335025.779,1558286.655,4893312.434
2011-04-01,274181.697,629002.306,2478542.322,61896.360,3443622.685,1379471.125,4823093.809
2011-05-01,189060.647,866678.268,2529624.569,70305.223,3655668.708,1498041.232,5153709.940
2011-06-01,213282.948,641957.109,2364291.398,54939.138,3274470.592,1434266.474,4708737.067
2011-07-01,151190.625,777822.425,2539514.525,31848.440,3500376.015,1365853.030,4866229.045
2011-08-01,151735.078,879851.490,2356390.328,72948.318,3460925.215,1480719.491,4941644.706
2011-09-01,129704.758,804023.506,2174985.252,91102.496,3199816.012,1382584.633,4582400.645
2011-10-01,157416.097,596393.277,2543479.208,95367.115,3392655.696,1380339.990,4772995.687
2011-11-01,238129.632,656335.490,2728825.230,71481.247,3694771.599,1452558.341,5147329.940
2011-12-01,271641.479,756701.398,2740789.357,63128.340,3832260.574,1474477.377,5306737.951
2012-01-01,193362.675,655648.880,2639472.498,67600.186,3556084.239,1229688.821,4785773.060
2012-02-01,182532.759,694080.871,2617211.524,99835.517,3593660.672,1405657.535,4999318.207
2012-03-01,198935.885,826672.060,3041023.529,96390.922,4163022.396,1549332.402,5712354.799
2012-04-01,117855.874,502575.003,3018708.594,63463.686,3702603.158,1308326.321,5010929.478
2012-05-01,163587.447,807707.745,2705613.599,83153.044,3760061.836,1643313.432,5403375.268
2012-06-01,158087.000,742092.862,2138875.751,64214.172,3103269.785,1460161.286,4563431.071
2012-07-01,149067.033,828977.455,2369088.150,54110.621,3401243.259,1575661.473,4976904.732
2012-08-01,174246.669,393391.328,2324957.444,77886.607,2970482.047,1600297.729,4570779.776
2012-09-01,118699.443,386565.104,2819052.575,66494.151,3390811.273,1519591.884,4910403.157
2012-10-01,154733.100,826485.384,2746489.913,46831.676,3774540.072,1658390.398,5432930.470
2012-11-01,138900.812,575074.233,2412892.261,90235.112,3217102.418,1590235.913,4807338.332
2012-12-01,159988.390,565919.061,2725547.277,70953.061,3522407.789,1429219.780,4951627.569
2013-01-01,175146.476,662740.663,2578167.607,60096.313,3476151.059,1373045.426,4849196.485
2013-02-01,166559.625,334203.035,2651417.805,42043.229,3194223.694,1473543.746,4667767.440
2013-03-01,123154.936,201996.533,2812057.619,78817.505,3216026.593,1401815.904,4617842.497
2013-04-01,147430.140,559083.987,2513915.343,65196.719,3285626.189,1663860.443,4949486.631
2013-05-01,164862.842,696337.214,2780571.544,71594.268,3713365.868,1619103.838,5332469.706
2013-06-01,135715.544,547634.122,2708749.484,47572.373,3439671.523,1431167.429,4870838.952
2013-07-01,155635.218,548527.567,2529637.759,48805.467,3282606.012,1369690.839,4652296.850
2013-08-01,163400.615,595842.795,2925784.904,60930.920,3745959.234,1231746.574,4977705.809
2013-09-01,148794.393,640604.745,2649740.278,58274.687,3497414.104,1352581.703,4849995.806
2013-10-01,147849.613,555889.018,2649279.473,49349.734,3402367.838,1435615.453,4837983.292
2013-11-01,168254.000,574007.230,2807639.462,45436.281,3595336.973,1353328.131,4948665.104
2013-12-01,187102.647,771030.541,2878893.356,52006.101,3889032.645,1383089.791,5272122.436
2014-01-01,139213.785,612407.103,2788685.813,53737.130,3594043.831,1214788.023,4808831.854
2014-02-01,199935.445,312048.993,2450562.675,42434.909,3004982.023,1266460.128,4271442.151
2014-03-01,149162.719,268099.957,2613950.613,40139.842,3071353.131,1336827.903,4408181.034
2014-04-01,219600.384,399157.556,2389910.316,32959.160,3041627.415,1275048.393,4316675.808
2014-05-01,208390.525,977542.073,2791266.550,63962.878,4041162.026,1454704.499,5495866.526
2014-06-01,157380.019,544172.166,2668114.196,56417.718,3426084.098,1278730.394,4704814.492
2014-07-01,225461.327,661700.981,2629108.008,67024.969,3583295.284,1465635.136,5048930.420
2014-08-01,213487.705,651294.649,2568157.068,59684.740,3492624.163,1320466.418,4813090.581
2014-09-01,212559.656,783938.694,2613616.836,73246.507,3683361.692,1393885.806,5077247.497
2014-10-01,247367.553,622414.440,2075418.807,47726.605,2992927.405,1329350.237,4322277.642
2014-11-01,261194.621,392490.678,1836359.675,46877.908,2536922.881,1257763.159,3794686.040
2014-12-01,239493.961,584795.221,1563025.204,56382.548,2443696.934,1351013.588,3794710.522
2015-01-01,282198.799,412622.439,1139137.722,55129.169,1889088.130,1027887.986,2916976.116
2015-02-01,245880.031,409884.728,1369263.538,15959.443,2040987.741,1119968.974,3160956.714
2015-03-01,207261.668,498556.740,1504908.834,80976.075,2291703.318,1170240.197,3461943.515
2015-04-01,177274.663,429377.200,1327334.418,26379.007,1960365.288,1259341.031,3219706.319
2015-05-01,190447.924,306824.306,1637327.422,29039.772,2163639.423,1217444.152,3381083.576
2015-06-01,155986.318,385287.674,1390383.306,36632.469,1968289.766,1249117.894,3217407.660
2015-07-01,234971.611,378465.914,1159675.495,45665.295,1818778.315,1224999.707,3043778.022
2015-08-01,214936.435,448909.706,1069878.511,26040.092,1759764.744,1108686.315,2868451.059
2015-09-01,245895.680,346581.907,1065491.514,36934.988,1694904.088,1203264.123,2898168.211
2015-10-01,175232.261,275602.089,1196043.072,18084.810,1664962.232,1150559.780,2815522.012
2015-11-01,183509.162,309583.589,889938.018,30866.749,1413897.518,1030637.036,2444534.554
2015-12-01,212937.036,358329.441,816747.670,28045.309,1416059.456,1172934.453,2588993.909
2016-01-01,157585.765,235074.876,655691.342,21296.172,1069648.154,849404.981,1919053.135
2016-02-01,179732.103,334131.990,662221.163,17777.201,1193862.458,1134860.125,2328722.583
2016-03-01,174116.820,274418.038,728716.294,30575.188,1207826.340,1127172.102,2334998.441
2016-04-01,277373.927,318048.256,732252.576,24175.809,1351850.568,1111942.375,2463792.943
2016-05-01,148340.613,426821.583,951606.627,31070.699,1557839.522,1193630.889,2751470.411
2016-06-01,172625.931,397555.896,1083481.428,36804.433,1690467.689,1090043.958,2780511.646
2016-07-01,126356.056,318517.548,984520.749,13868.806,1443263.159,823734.327,2266997.487
2016-08-01,164055.478,654161.825,888572.047,36517.090,1743306.439,1301070.952,3044377.392
2016-09-01,190425.586,358192.462,1015462.934,28623.697,1592704.678,1204981.794,2797686.473
2016-10-01,188305.907,382146.938,1013317.178,24057.799,1607827.822,1162186.274,2770014.096
2016-11-01,214746.415,340821.340,991809.305,34321.349,1581698.409,1251923.641,2833622.050
2016-12-01,424027.561,598990.416,1087927.650,28676.517,2139622.144,1337472.181,3477094.325
2017-01-01,227673.983,426885.295,1179657.745,14728.005,1848945.029,936099.416,2785044.445
2017-02-01,210303.064,498033.206,919527.748,436.654,1628300.672,1087723.704,2716024.376
2017-03-01,286061.767,616232.899,1043982.097,30850.940,1977127.703,1323293.230,3300420.934
2017-04-01,209098.779,385891.317,1077102.855,4459.314,1676552.265,1021439.412,2697991.677
2017-05-01,187682.401,804563.196,1075942.832,62508.431,2130696.860,1374739.179,3505436.039
2017-06-01,132054.201,359357.810,1064592.175,26292.397,1582296.583,1313315.838,2895612.421
2017-07-01,224405.646,652620.657,1001393.661,5928.825,1884348.789,1241134.579,3125483.368
2017-08-01,202232.715,560126.408,1078868.717,63930.738,1905158.578,1286439.078,3191597.656
2017-09-01,233587.305,834210.853,1060554.372,25659.172,2154011.702,1235666.905,3389678.607
2017-10-01,209847.313,554438.809,1244835.949,44222.253,2053344.324,1224171.553,3277515.876
2017-11-01,193015.750,534207.175,1130067.366,48270.828,1905561.119,1216675.614,3122236.733
2017-12-01,197817.426,1163428.833,1431489.694,33256.212,2825992.165,1188826.013,4014818.178
2018-01-01,247015.998,669643.030,1287827.850,42839.303,2247326.180,1077562.862,3324889.042
2018-02-01,182036.398,536334.071,1084113.596,0.000,1802484.066,1225118.691,3027602.757
2018-03-01,195996.521,701669.624,1193817.945,56602.795,2148086.885,1217029.031,3365115.916
2018-04-01,197820.165,806802.548,1394750.104,60412.301,2459785.118,1326751.435,3786536.553
2018-05-01,184363.293,568363.281,1508158.704,70481.543,2331366.820,1388043.554,3719410.374
2018-06-01,141568.923,493300.667,1381203.594,47887.951,2063961.135,1267972.137,3331933.271
2018-07-01,158313.499,722154.993,1455261.199,60438.693,2396168.384,1235886.599,3632054.983
2018-08-01,205115.799,540392.766,1596379.478,52938.099,2394826.142,1289572.640,3684398.782
2018-09-01,172986.934,504987.908,1640516.982,53007.722,2371499.546,1141342.015,3512841.561
2018-10-01,186450.524,721232.615,1548575.117,52378.020,2508636.276,1260030.001,3768666.277
2018-11-01,186748.357,482103.946,1488641.892,12796.404,2170290.598,1173218.064,3343508.662
2018-12-01,209094.424,700927.614,1263440.448,48673.939,2222136.424,1185682.796,3407819.220
2019-01-01,252393.742,456344.090,1159103.890,63598.803,1931440.525,1134669.957,3066110.482
2019-02-01,201820.618,609045.258,1115553.800,0.000,1926419.676,1256651.728,3183071.405
2019-03-01,186450.798,465098.275,1450174.595,56049.791,2157773.460,1187076.654,3344850.114
2019-04-01,177457.836,607264.136,1697742.838,60144.976,2542609.786,1320209.420,3862819.207
2019-05-01,136462.170,738893.251,1461780.949,6881.386,2344017.756,1404324.075,3748341.831
2019-06-01,144177.545,356479.258,1460751.945,25252.272,1986661.020,1109701.491,3096362.511
2019-07-01,197570.549,457092.324,1287045.694,38057.979,1979766.546,1276063.293,3255829.839
2019-08-01,212269.108,366567.062,1337217.767,70158.364,1986212.301,1278048.942,3264261.243
2019-09-01,160152.419,438470.923,1178229.998,28369.530,1805222.869,1262125.961,3067348.830
2019-10-01,187881.395,450063.958,1262664.709,103043.931,2003653.994,1322843.190,3326497.184
2019-11-01,189894.536,313264.872,1212852.723,12231.529,1728243.660,1215381.045,2943624.705
2019-12-01,235143.519,409745.590,1338834.505,81235.195,2064958.809,1265091.705,3330050.514
2020-01-01,242391.717,826543.885,1217173.964,38790.492,2324900.058,1094565.582,3419465.640
2020-02-01,208758.804,460774.277,1022315.162,1831.592,1693679.834,1249945.975,2943625.808
2020-03-01,163184.893,322584.665,628250.281,49453.259,1163473.097,1275562.497,2439035.595
2020-04-01,146600.070,317517.094,384188.101,40804.454,889109.718,975129.108,1864238.826
2020-05-01,134753.520,378010.535,550358.901,30939.740,1094062.696,1127108.808,2221171.503
2020-06-01,189164.759,361445.100,559864.012,32425.899,1142899.770,1146582.308,2289482.078
2020-07-01,263302.402,301451.482,635084.918,28868.862,1228707.664,1323280.616,2551988.280
2020-08-01,193753.299,271654.496,830555.297,41104.534,1337067.626,1247699.134,2584766.760
2020-09-01,211241.673,267370.857,664441.004,34917.071,1177970.605,1366902.999,2544873.604
2020-10-01,165495.693,224115.651,745109.429,41243.431,1175964.204,1468989.298,2644953.503
2020-11-01,220942.574,151059.812,720846.390,43913.219,1136761.994,1386609.881,2523371.875
2020-12-01,307008.770,283337.628,796579.821,51144.959,1438071.179,1590766.008,3028837.187
2021-01-01,247990.071,251118.406,930474.839,33477.898,1463061.213,1147875.210,2610936.422
2021-02-01,259822.507,444899.132,807209.238,28639.061,1540569.939,1398424.178,2938994.117
2021-03-01,266853.050,264804.056,1134621.977,29687.034,1695966.117,1687587.959,3383554.076
2021-04-01,234504.429,340956.492,862300.505,31394.037,1469155.462,1507216.882,2976372.344
2021-05-01,116711.299,335614.445,1214108.728,25353.605,1691788.077,1405125.201,3096913.278
2021-06-01,107484.512,416226.569,1142476.480,38965.445,1705153.005,1477062.704,3182215.708
2021-07-01,299415.353,417620.637,998030.695,43353.267,1758419.952,1685737.957,3444157.909
2021-08-01,315159.230,482240.664,1028790.493,42436.164,1868626.552,1596516.323,3465142.875
2021-09-01,256436.667,579142.722,1274603.192,109768.610,2219951.192,1572284.339,3792235.531
2021-10-01,318369.338,594388.334,1292226.549,3524.807,2208509.028,1590602.258,3799111.286
2021-11-01,305963.741,634726.706,1423126.981,74479.115,2438296.543,1717508.127,4155804.669
2021-12-01,363128.040,890519.961,1406440.915,67368.556,2727457.473,1817093.382,4544550.855
2022-01-01,320963.338,775831.329,1268496.147,58741.493,2424032.307,1377576.906,3801609.213
2022-02-01,370330.649,564570.417,1427538.193,59275.191,2421714.450,1787483.397,4209197.847
2022-03-01,399119.078,619868.651,1832280.798,60624.870,2911893.397,1868316.275,4780209.672
2022-04-01,315190.750,1319487.398,1952119.856,111807.325,3698605.328,1761925.986,5460531.314
2022-05-01,262815.982,539326.605,1858822.888,79731.611,2740697.086,1921823.458,4662520.544
2022-06-01,352504.168,1510818.119,1710193.388,134113.967,3707629.642,1789986.860,5497616.502
2022-07-01,379143.040,1809652.558,1839725.186,80691.063,4109211.847,1804469.948,5913681.796
2022-08-01,308379.741,709379.027,1515488.176,78582.185,2611829.127,1776907.522,4388736.649
2022-09-01,323947.391,1246016.365,1344261.487,81233.441,2995458.684,1783060.893,4778519.577
2022-10-01,312021.751,977909.899,1200959.530,47420.987,2538312.167,1674870.111,4213182.277
2022-11-01,281205.252,1084664.135,1453930.965,49854.129,2869654.481,1692593.148,4562247.630
2022-12-01,336698.504,1131302.394,1320217.390,66361.267,2854579.554,1787504.073,4642083.627
2023-01-01,241349.480,909713.464,1062703.521,100433.607,2314200.072,1418993.176,3733193.248
2023-02-01,250106.240,987019.722,1300693.232,42209.039,2580028.232,1658665.838,4238694.070
2023-03-01,279267.569,958393.852,1203325.708,62562.481,2503549.609,1961822.045,4465371.653
2023-04-01,203471.487,543985.217,1289117.918,47707.222,2084281.844,1654931.988,3739213.832
2023-05-01,241952.053,914939.480,1191866.334,80116.365,2428874.232,2068988.183,4497862.414
2023-06-01,211874.168,777418.207,1188320.660,49863.562,2227476.597,1793942.610,4021419.207
2023-07-01,216248.783,679102.037,1430174.787,52275.813,2377801.420,1789440.199,4167241.618
2023-08-01,214526.212,483627.781,1437050.891,65330.065,2200534.948,1743360.102,3943895.050
2023-09-01,221909.327,657793.240,1515017.199,21708.944,2416428.710,1751290.321,4167719.031
2023-10-01,177362.117,617197.050,1542660.242,35394.019,2372613.428,1779535.418,4152148.847
2023-11-01,239801.849,820970.233,1213763.138,46199.957,2320735.176,1873899.230,4194634.405
2023-12-01,294080.231,813104.273,1461661.576,33535.549,2602381.629,1845351.311,4447732.940
2024-01-01,221795.367,646982.375,1060749.029,39527.213,1969053.984,1652070.008,3621123.992
2024-02-01,246804.767,632518.466,1118645.518,31500.717,2029469.468,1781481.595,3810951.064
2024-03-01,224257.517,516883.090,1360588.966,29384.619,2131114.191,1735831.281,3866945.472
2024-04-01,248824.091,645708.411,1369865.106,54108.477,2318506.085,2090319.939,4408826.024
2024-05-01,252141.311,638395.634,1415502.691,68915.361,2374954.998,2075957.979,4450912.977
2024-06-01,271496.247,461418.571,1314212.194,29589.768,2076716.780,1782613.032,3859329.812
2024-07-01,273945.661,885885.195,1338548.325,46752.223,2545131.404,2073153.767,4618285.171
2024-08-01,305206.809,352621.238,1292741.029,61741.337,2012310.413,1833400.165,3845710.578
2024-09-01,268919.784,542754.901,1187789.210,52747.959,2052211.855,2106480.065,4158691.920
2024-10-01,322942.527,460772.602,1229592.666,38221.587,2051529.382,2257606.761,4309136.143
2024-11-01,313019.803,744904.773,1101872.738,33619.258,2193416.571,1932683.112,4126099.683
2024-12-01,444055.022,577784.625,1242552.218,56038.110,2320429.975,2160078.373,4480508.348
2025-01-01,462540.637,326872.742,1085979.108,34880.505,1910272.992,1866448.362,3776721.354
2025-02-01,421801.265,466293.606,864700.082,30348.529,1783143.482,1997131.458,3780274.940
2025-03-01,532665.781,231631.394,1459125.100,41539.655,2264961.930,2132859.584,4397821.514
2025-04-01,464794.631,403672.722,939851.626,43875.600,1852194.578,2267215.144,4119409.722
2025-05-01,405926.386,552905.202,1063256.516,37964.222,2060052.325,2297351.289,4357403.615
2025-06-01,397433.485,391290.385,1076220.466,40550.944,1905495.280,2052183.627,3957678.907
2025-07-01,466636.261,479829.601,1106828.319,40066.642,2093360.822,2334124.005,4427484.826
2025-08-01,522891.595,224459.868,989199.311,41011.763,1777562.536,2093981.733,3871544.270
2025-09-01,495053.124,538853.087,1052582.902,36310.161,2122799.274,2527534.627,4650333.902
2025-10-01,533991.489,429731.569,956059.016,41330.450,1961112.523,2338037.353,4299149.876
2025-11-01,578015.313,392027.555,922544.127,42570.868,1935157.863,2083334.799,4018492.662
2025-12-01,506472.096,464023.651,965558.615,45028.101,1981082.464,2564100.473,4545182.937
2026-01-01,617460.226,363803.588,998614.024,0.000,1979877.839,2296797.298,4276675.137
2026-02-01,403772.834,378802.191,874989.130,0.000,1657564.155,2559352.108,4216916.263
2026-03-01,374619.392,481143.824,1579890.426,46130.438,2481784.080,2849541.463,5331325.543
2026-04-01,229724.132,281420.578,1613381.691,21141.878,2145668.279,2447467.798,4593136.077
2026-05-01,391868.747,533225.579,1407126.047,40325.434,2372545.807,2770331.399,5142877.206
2026-06-01,346061.317,393411.740,1269416.177,12107.933,2020997.166,2216523.319,4237520.485
2026-07-01,478034.647,464181.455,1258626.775,36737.847,2237580.724,2453132.829,4690713.553
