codigo,grupo,nivel,corrido_anterior,corrido_actual,corrido_var,corrido_contrib,mes_anterior,mes_actual,mes_var,mes_contrib,periodo_corrido,periodo_mes,anio_anterior,anio_actual,fuente
,Total importaciones,0,39998919.2896,46043903.6102,15.1129,15.1129,6483990.7308,7968133.8787,22.8893,22.8893,Enero - julio,Julio,2025,2026,https://www.dane.gov.co/files/operaciones/IMP/anex-IMP-jul2026.xls
,Bienes de consumo,0,10370696.9763,13426005.3768,29.4610,7.6385,1834685.0588,2374315.5313,29.4127,8.3225,Enero - julio,Julio,2025,2026,https://www.dane.gov.co/files/operaciones/IMP/anex-IMP-jul2026.xls
1,Bienes de consumo no duradero,1,5638736.4742,6540856.6979,15.9986,2.2554,952057.6953,1133460.6293,19.0538,2.7977,Enero - julio,Julio,2025,2026,https://www.dane.gov.co/files/operaciones/IMP/anex-IMP-jul2026.xls
2,Bienes de consumo duradero,1,4731960.5021,6885148.6788,45.5031,5.3831,882627.3635,1240854.9020,40.5865,5.5248,Enero - julio,Julio,2025,2026,https://www.dane.gov.co/files/operaciones/IMP/anex-IMP-jul2026.xls
,Materias primas y productos intermedios,0,19391448.5478,20942048.7494,7.9963,3.8766,2970839.2107,3706630.1092,24.7671,11.3478,Enero - julio,Julio,2025,2026,https://www.dane.gov.co/files/operaciones/IMP/anex-IMP-jul2026.xls
3,"Combustibles, lubricantes y conexos",1,3563359.8661,4138327.3177,16.1355,1.4375,492789.3425,920754.5853,86.8455,6.6003,Enero - julio,Julio,2025,2026,https://www.dane.gov.co/files/operaciones/IMP/anex-IMP-jul2026.xls
4,Materias primas y productos intermedios para la agricultura,1,1868928.5491,2131448.3034,14.0465,0.6563,266901.4142,318617.1431,19.3763,0.7976,Enero - julio,Julio,2025,2026,https://www.dane.gov.co/files/operaciones/IMP/anex-IMP-jul2026.xls
5,Materias primas y productos intermedios para la industria (excepto construcción),1,13959160.1327,14672273.1283,5.1086,1.7828,2211148.4539,2467258.3809,11.5827,3.9499,Enero - julio,Julio,2025,2026,https://www.dane.gov.co/files/operaciones/IMP/anex-IMP-jul2026.xls
,Bienes de capital y material de construcción,0,10229312.9148,11652933.5788,13.9171,3.5591,1676973.0241,1881780.0835,12.2129,3.1587,Enero - julio,Julio,2025,2026,https://www.dane.gov.co/files/operaciones/IMP/anex-IMP-jul2026.xls
6,Materiales de construcción,1,999154.2778,1083796.4583,8.4714,0.2116,157161.9474,172277.6859,9.6179,0.2331,Enero - julio,Julio,2025,2026,https://www.dane.gov.co/files/operaciones/IMP/anex-IMP-jul2026.xls
7,Bienes de capital para la agricultura,1,154385.5939,145193.6778,-5.9539,-0.0230,30202.5424,25475.6459,-15.6507,-0.0729,Enero - julio,Julio,2025,2026,https://www.dane.gov.co/files/operaciones/IMP/anex-IMP-jul2026.xls
8,Bienes de capital para la industria,1,6998642.0448,7792750.8563,11.3466,1.9853,1144624.2362,1254831.0720,9.6282,1.6997,Enero - julio,Julio,2025,2026,https://www.dane.gov.co/files/operaciones/IMP/anex-IMP-jul2026.xls
9,Equipo de transporte,1,2077130.9983,2631192.5864,26.6744,1.3852,344984.2981,429195.6797,24.4102,1.2988,Enero - julio,Julio,2025,2026,https://www.dane.gov.co/files/operaciones/IMP/anex-IMP-jul2026.xls
,Bienes no clasificados,0,7460.8506,22915.9054,207.1487,0.0386,1493.4373,5408.1547,262.1280,0.0604,Enero - julio,Julio,2025,2026,https://www.dane.gov.co/files/operaciones/IMP/anex-IMP-jul2026.xls
,Partidas no correlacionadas,1,7460.8506,22915.9054,207.1487,0.0386,1493.4373,5408.1547,262.1280,0.0604,Enero - julio,Julio,2025,2026,https://www.dane.gov.co/files/operaciones/IMP/anex-IMP-jul2026.xls
