anio,grupo,valor
1999,Total importaciones,10659.216
2000,Total importaciones,11757.004
2001,Total importaciones,12820.670
2002,Total importaciones,12695.461
2003,Total importaciones,13881.703
2004,Total importaciones,16764.168
2005,Total importaciones,21204.164
2006,Total importaciones,26162.440
2007,Total importaciones,32888.739
2008,Total importaciones,39665.826
2009,Total importaciones,32891.133
2010,Total importaciones,40485.556
2011,Total importaciones,54232.569
2012,Total importaciones,59047.684
2013,Total importaciones,59381.211
2014,Total importaciones,64028.884
2015,Total importaciones,54057.599
2016,Total importaciones,44889.367
2017,Total importaciones,46071.058
2018,Total importaciones,51230.567
2019,Total importaciones,52702.624
2020,Total importaciones,43488.662
2021,Total importaciones,61101.362
2022,Total importaciones,77413.351
2023,Total importaciones,62796.636
2024,Total importaciones,64104.684
2025,Total importaciones,70502.068
2026,Total importaciones,46043.904
1999,Bienes de Consumo,1992.995
2000,Bienes de Consumo,2207.798
2001,Bienes de Consumo,2512.493
2002,Bienes de Consumo,2684.112
2003,Bienes de Consumo,2666.276
2004,Bienes de Consumo,3166.367
2005,Bienes de Consumo,4006.473
2006,Bienes de Consumo,5307.039
2007,Bienes de Consumo,6816.196
2008,Bienes de Consumo,7598.753
2009,Bienes de Consumo,6674.750
2010,Bienes de Consumo,9003.845
2011,Bienes de Consumo,11315.428
2012,Bienes de Consumo,12956.156
2013,Bienes de Consumo,13122.395
2014,Bienes de Consumo,14251.018
2015,Bienes de Consumo,12124.581
2016,Bienes de Consumo,10984.926
2017,Bienes de Consumo,10977.529
2018,Bienes de Consumo,12098.038
2019,Bienes de Consumo,12543.139
2020,Bienes de Consumo,10720.857
2021,Bienes de Consumo,13496.621
2022,Bienes de Consumo,15817.030
2023,Bienes de Consumo,14558.711
2024,Bienes de Consumo,15956.124
2025,Bienes de Consumo,19455.918
2026,Bienes de Consumo,13426.005
1999,Consumo no duradero,1396.419
2000,Consumo no duradero,1406.818
2001,Consumo no duradero,1548.734
2002,Consumo no duradero,1499.662
2003,Consumo no duradero,1399.088
2004,Consumo no duradero,1536.803
2005,Consumo no duradero,1871.800
2006,Consumo no duradero,2349.365
2007,Consumo no duradero,3974.582
2008,Consumo no duradero,3432.088
2009,Consumo no duradero,3278.801
2010,Consumo no duradero,3959.982
2011,Consumo no duradero,5151.816
2012,Consumo no duradero,6297.527
2013,Consumo no duradero,6421.582
2014,Consumo no duradero,6793.434
2015,Consumo no duradero,6212.572
2016,Consumo no duradero,5971.347
2017,Consumo no duradero,6035.581
2018,Consumo no duradero,6500.118
2019,Consumo no duradero,6808.968
2020,Consumo no duradero,6510.654
2021,Consumo no duradero,7506.238
2022,Consumo no duradero,8881.962
2023,Consumo no duradero,8446.267
2024,Consumo no duradero,9113.789
2025,Consumo no duradero,10361.140
2026,Consumo no duradero,6540.857
1999,Consumo duradero,596.576
2000,Consumo duradero,800.980
2001,Consumo duradero,963.759
2002,Consumo duradero,1184.451
2003,Consumo duradero,1267.188
2004,Consumo duradero,1629.564
2005,Consumo duradero,2134.673
2006,Consumo duradero,2957.674
2007,Consumo duradero,2841.615
2008,Consumo duradero,4166.665
2009,Consumo duradero,3395.949
2010,Consumo duradero,5043.863
2011,Consumo duradero,6163.612
2012,Consumo duradero,6658.629
2013,Consumo duradero,6700.814
2014,Consumo duradero,7457.585
2015,Consumo duradero,5912.009
2016,Consumo duradero,5013.579
2017,Consumo duradero,4941.948
2018,Consumo duradero,5597.920
2019,Consumo duradero,5734.172
2020,Consumo duradero,4210.203
2021,Consumo duradero,5990.383
2022,Consumo duradero,6935.068
2023,Consumo duradero,6112.444
2024,Consumo duradero,6842.335
2025,Consumo duradero,9094.778
2026,Consumo duradero,6885.149
1999,Materias primas y productos intermedios,5013.365
2000,Materias primas y productos intermedios,5913.734
2001,Materias primas y productos intermedios,5808.736
2002,Materias primas y productos intermedios,5875.183
2003,Materias primas y productos intermedios,6412.339
2004,Materias primas y productos intermedios,8020.481
2005,Materias primas y productos intermedios,9521.491
2006,Materias primas y productos intermedios,11513.129
2007,Materias primas y productos intermedios,14150.102
2008,Materias primas y productos intermedios,17677.168
2009,Materias primas y productos intermedios,13192.958
2010,Materias primas y productos intermedios,17133.353
2011,Materias primas y productos intermedios,22609.161
2012,Materias primas y productos intermedios,25473.475
2013,Materias primas y productos intermedios,25669.759
2014,Materias primas y productos intermedios,27954.426
2015,Materias primas y productos intermedios,23309.555
2016,Materias primas y productos intermedios,20345.704
2017,Materias primas y productos intermedios,20935.524
2018,Materias primas y productos intermedios,23337.924
2019,Materias primas y productos intermedios,23653.438
2020,Materias primas y productos intermedios,19327.092
2021,Materias primas y productos intermedios,30230.551
2022,Materias primas y productos intermedios,38653.206
2023,Materias primas y productos intermedios,30447.035
2024,Materias primas y productos intermedios,30856.603
2025,Materias primas y productos intermedios,32665.002
2026,Materias primas y productos intermedios,20942.049
1999,"Combustibles, lubricantes y conexos",251.927
2000,"Combustibles, lubricantes y conexos",234.285
2001,"Combustibles, lubricantes y conexos",197.566
2002,"Combustibles, lubricantes y conexos",189.074
2003,"Combustibles, lubricantes y conexos",239.114
2004,"Combustibles, lubricantes y conexos",262.323
2005,"Combustibles, lubricantes y conexos",543.998
2006,"Combustibles, lubricantes y conexos",680.554
2007,"Combustibles, lubricantes y conexos",908.008
2008,"Combustibles, lubricantes y conexos",1812.653
2009,"Combustibles, lubricantes y conexos",1197.058
2010,"Combustibles, lubricantes y conexos",2070.597
2011,"Combustibles, lubricantes y conexos",3844.612
2012,"Combustibles, lubricantes y conexos",5668.211
2013,"Combustibles, lubricantes y conexos",6376.029
2014,"Combustibles, lubricantes y conexos",7545.829
2015,"Combustibles, lubricantes y conexos",5134.766
2016,"Combustibles, lubricantes y conexos",3823.433
2017,"Combustibles, lubricantes y conexos",3714.946
2018,"Combustibles, lubricantes y conexos",3544.318
2019,"Combustibles, lubricantes y conexos",4545.830
2020,"Combustibles, lubricantes y conexos",2211.301
2021,"Combustibles, lubricantes y conexos",3780.724
2022,"Combustibles, lubricantes y conexos",7388.513
2023,"Combustibles, lubricantes y conexos",6502.206
2024,"Combustibles, lubricantes y conexos",6192.417
2025,"Combustibles, lubricantes y conexos",5805.206
2026,"Combustibles, lubricantes y conexos",4138.327
1999,Mat. Prim. y Prod. Int. para agricultura,438.717
2000,Mat. Prim. y Prod. Int. para agricultura,496.663
2001,Mat. Prim. y Prod. Int. para agricultura,496.056
2002,Mat. Prim. y Prod. Int. para agricultura,490.985
2003,Mat. Prim. y Prod. Int. para agricultura,558.817
2004,Mat. Prim. y Prod. Int. para agricultura,698.796
2005,Mat. Prim. y Prod. Int. para agricultura,771.502
2006,Mat. Prim. y Prod. Int. para agricultura,863.199
2007,Mat. Prim. y Prod. Int. para agricultura,1114.224
2008,Mat. Prim. y Prod. Int. para agricultura,1695.648
2009,Mat. Prim. y Prod. Int. para agricultura,1236.395
2010,Mat. Prim. y Prod. Int. para agricultura,1391.354
2011,Mat. Prim. y Prod. Int. para agricultura,1844.521
2012,Mat. Prim. y Prod. Int. para agricultura,2030.296
2013,Mat. Prim. y Prod. Int. para agricultura,1991.043
2014,Mat. Prim. y Prod. Int. para agricultura,2061.441
2015,Mat. Prim. y Prod. Int. para agricultura,1955.245
2016,Mat. Prim. y Prod. Int. para agricultura,1767.181
2017,Mat. Prim. y Prod. Int. para agricultura,1865.188
2018,Mat. Prim. y Prod. Int. para agricultura,2038.920
2019,Mat. Prim. y Prod. Int. para agricultura,2005.980
2020,Mat. Prim. y Prod. Int. para agricultura,2097.659
2021,Mat. Prim. y Prod. Int. para agricultura,2935.757
2022,Mat. Prim. y Prod. Int. para agricultura,3777.076
2023,Mat. Prim. y Prod. Int. para agricultura,3255.980
2024,Mat. Prim. y Prod. Int. para agricultura,2999.911
2025,Mat. Prim. y Prod. Int. para agricultura,3261.953
2026,Mat. Prim. y Prod. Int. para agricultura,2131.448
1999,Mat Prim. y Prod. Int. para Industria,4322.721
2000,Mat Prim. y Prod. Int. para Industria,5182.786
2001,Mat Prim. y Prod. Int. para Industria,5115.114
2002,Mat Prim. y Prod. Int. para Industria,5195.124
2003,Mat Prim. y Prod. Int. para Industria,5614.408
2004,Mat Prim. y Prod. Int. para Industria,7059.362
2005,Mat Prim. y Prod. Int. para Industria,8205.990
2006,Mat Prim. y Prod. Int. para Industria,9969.376
2007,Mat Prim. y Prod. Int. para Industria,12127.870
2008,Mat Prim. y Prod. Int. para Industria,14168.867
2009,Mat Prim. y Prod. Int. para Industria,10759.504
2010,Mat Prim. y Prod. Int. para Industria,13671.402
2011,Mat Prim. y Prod. Int. para Industria,16920.028
2012,Mat Prim. y Prod. Int. para Industria,17774.968
2013,Mat Prim. y Prod. Int. para Industria,17302.687
2014,Mat Prim. y Prod. Int. para Industria,18347.156
2015,Mat Prim. y Prod. Int. para Industria,16219.544
2016,Mat Prim. y Prod. Int. para Industria,14755.091
2017,Mat Prim. y Prod. Int. para Industria,15355.390
2018,Mat Prim. y Prod. Int. para Industria,17754.685
2019,Mat Prim. y Prod. Int. para Industria,17101.629
2020,Mat Prim. y Prod. Int. para Industria,15018.132
2021,Mat Prim. y Prod. Int. para Industria,23514.070
2022,Mat Prim. y Prod. Int. para Industria,27487.617
2023,Mat Prim. y Prod. Int. para Industria,20688.849
2024,Mat Prim. y Prod. Int. para Industria,21664.274
2025,Mat Prim. y Prod. Int. para Industria,23597.843
2026,Mat Prim. y Prod. Int. para Industria,14672.273
1999,Bienes de Capital y Materiales de Construcción,3644.414
2000,Bienes de Capital y Materiales de Construcción,3632.665
2001,Bienes de Capital y Materiales de Construcción,4423.628
2002,Bienes de Capital y Materiales de Construcción,4129.980
2003,Bienes de Capital y Materiales de Construcción,4789.737
2004,Bienes de Capital y Materiales de Construcción,5561.908
2005,Bienes de Capital y Materiales de Construcción,7676.199
2006,Bienes de Capital y Materiales de Construcción,9342.273
2007,Bienes de Capital y Materiales de Construcción,11922.441
2008,Bienes de Capital y Materiales de Construcción,14389.904
2009,Bienes de Capital y Materiales de Construcción,13000.990
2010,Bienes de Capital y Materiales de Construcción,14323.725
2011,Bienes de Capital y Materiales de Construcción,20281.092
2012,Bienes de Capital y Materiales de Construcción,20590.672
2013,Bienes de Capital y Materiales de Construcción,20567.369
2014,Bienes de Capital y Materiales de Construcción,21800.414
2015,Bienes de Capital y Materiales de Construcción,18600.620
2016,Bienes de Capital y Materiales de Construcción,13535.398
2017,Bienes de Capital y Materiales de Construcción,14158.005
2018,Bienes de Capital y Materiales de Construcción,15779.183
2019,Bienes de Capital y Materiales de Construcción,16487.543
2020,Bienes de Capital y Materiales de Construcción,13429.441
2021,Bienes de Capital y Materiales de Construcción,17358.593
2022,Bienes de Capital y Materiales de Construcción,22928.096
2023,Bienes de Capital y Materiales de Construcción,17776.608
2024,Bienes de Capital y Materiales de Construcción,17277.580
2025,Bienes de Capital y Materiales de Construcción,18366.408
2026,Bienes de Capital y Materiales de Construcción,11652.934
1999,Materiales de construcción,154.205
2000,Materiales de construcción,172.126
2001,Materiales de construcción,187.921
2002,Materiales de construcción,187.241
2003,Materiales de construcción,222.801
2004,Materiales de construcción,296.472
2005,Materiales de construcción,446.215
2006,Materiales de construcción,583.369
2007,Materiales de construcción,815.713
2008,Materiales de construcción,1226.025
2009,Materiales de construcción,1050.039
2010,Materiales de construcción,1151.989
2011,Materiales de construcción,1899.112
2012,Materiales de construcción,1958.714
2013,Materiales de construcción,1918.561
2014,Materiales de construcción,1981.465
2015,Materiales de construcción,1739.301
2016,Materiales de construcción,1379.371
2017,Materiales de construcción,1456.038
2018,Materiales de construcción,1607.501
2019,Materiales de construcción,1649.494
2020,Materiales de construcción,1085.334
2021,Materiales de construcción,1827.874
2022,Materiales de construcción,2180.047
2023,Materiales de construcción,1555.203
2024,Materiales de construcción,1564.086
2025,Materiales de construcción,1713.035
2026,Materiales de construcción,1083.796
1999,Bienes de capital para la agricultura,25.425
2000,Bienes de capital para la agricultura,24.482
2001,Bienes de capital para la agricultura,40.032
2002,Bienes de capital para la agricultura,45.679
2003,Bienes de capital para la agricultura,54.690
2004,Bienes de capital para la agricultura,55.920
2005,Bienes de capital para la agricultura,64.689
2006,Bienes de capital para la agricultura,62.974
2007,Bienes de capital para la agricultura,96.273
2008,Bienes de capital para la agricultura,142.312
2009,Bienes de capital para la agricultura,126.341
2010,Bienes de capital para la agricultura,110.066
2011,Bienes de capital para la agricultura,174.242
2012,Bienes de capital para la agricultura,175.884
2013,Bienes de capital para la agricultura,172.198
2014,Bienes de capital para la agricultura,176.011
2015,Bienes de capital para la agricultura,162.772
2016,Bienes de capital para la agricultura,154.689
2017,Bienes de capital para la agricultura,185.654
2018,Bienes de capital para la agricultura,155.185
2019,Bienes de capital para la agricultura,135.395
2020,Bienes de capital para la agricultura,132.075
2021,Bienes de capital para la agricultura,168.483
2022,Bienes de capital para la agricultura,212.257
2023,Bienes de capital para la agricultura,215.600
2024,Bienes de capital para la agricultura,212.839
2025,Bienes de capital para la agricultura,263.065
2026,Bienes de capital para la agricultura,145.194
1999,Bienes de capital para la industria,2337.986
2000,Bienes de capital para la industria,2336.900
2001,Bienes de capital para la industria,2600.610
2002,Bienes de capital para la industria,2371.873
2003,Bienes de capital para la industria,2878.861
2004,Bienes de capital para la industria,3348.302
2005,Bienes de capital para la industria,4780.628
2006,Bienes de capital para la industria,5635.918
2007,Bienes de capital para la industria,7163.969
2008,Bienes de capital para la industria,8535.954
2009,Bienes de capital para la industria,6889.623
2010,Bienes de capital para la industria,8328.868
2011,Bienes de capital para la industria,10494.675
2012,Bienes de capital para la industria,11772.308
2013,Bienes de capital para la industria,12131.628
2014,Bienes de capital para la industria,12866.079
2015,Bienes de capital para la industria,11005.992
2016,Bienes de capital para la industria,8487.998
2017,Bienes de capital para la industria,8827.566
2018,Bienes de capital para la industria,9797.447
2019,Bienes de capital para la industria,10043.197
2020,Bienes de capital para la industria,8908.589
2021,Bienes de capital para la industria,10804.235
2022,Bienes de capital para la industria,13204.338
2023,Bienes de capital para la industria,10753.585
2024,Bienes de capital para la industria,11525.550
2025,Bienes de capital para la industria,12461.558
2026,Bienes de capital para la industria,7792.751
1999,Equipo de transporte,1126.797
2000,Equipo de transporte,1099.156
2001,Equipo de transporte,1595.065
2002,Equipo de transporte,1525.187
2003,Equipo de transporte,1633.385
2004,Equipo de transporte,1861.213
2005,Equipo de transporte,2384.667
2006,Equipo de transporte,3060.012
2007,Equipo de transporte,3846.486
2008,Equipo de transporte,4485.612
2009,Equipo de transporte,4934.988
2010,Equipo de transporte,4732.802
2011,Equipo de transporte,7713.062
2012,Equipo de transporte,6683.766
2013,Equipo de transporte,6344.982
2014,Equipo de transporte,6776.859
2015,Equipo de transporte,5692.555
2016,Equipo de transporte,3513.339
2017,Equipo de transporte,3688.747
2018,Equipo de transporte,4219.050
2019,Equipo de transporte,4659.457
2020,Equipo de transporte,3303.443
2021,Equipo de transporte,4558.001
2022,Equipo de transporte,7331.453
2023,Equipo de transporte,5252.220
2024,Equipo de transporte,3975.104
2025,Equipo de transporte,3928.750
2026,Equipo de transporte,2631.193
1999,No clasificados,8.443
2000,No clasificados,2.807
2001,No clasificados,75.813
2002,No clasificados,6.186
2003,No clasificados,13.351
2004,No clasificados,15.413
2005,No clasificados,0.000
2006,No clasificados,0.000
2007,No clasificados,0.000
2008,No clasificados,0.000
2009,No clasificados,22.435
2010,No clasificados,24.632
2011,No clasificados,26.889
2012,No clasificados,27.381
2013,No clasificados,21.687
2014,No clasificados,23.025
2015,No clasificados,22.843
2016,No clasificados,23.338
2017,No clasificados,0.000
2018,No clasificados,15.422
2019,No clasificados,18.504
2020,No clasificados,11.272
2021,No clasificados,15.597
2022,No clasificados,15.018
2023,No clasificados,14.282
2024,No clasificados,14.378
2025,No clasificados,14.740
2026,No clasificados,22.916
