fecha,publicadas,zonas_francas,total
2009-01-01,2783397.373,95778.059,2850195.836
2009-02-01,2527172.778,65427.614,2569519.440
2009-03-01,2662191.169,70035.077,2704722.943
2009-04-01,2667646.503,58743.524,2700312.814
2009-05-01,2447585.079,62233.541,2483094.339
2009-06-01,2486034.754,76449.701,2536534.349
2009-07-01,3178285.616,73590.695,3224503.713
2009-08-01,2541841.999,82014.940,2596316.839
2009-09-01,2748841.647,56213.297,2777369.805
2009-10-01,2966990.785,82659.849,3025078.627
2009-11-01,2819937.578,63125.678,2850931.419
2009-12-01,3061207.546,113506.920,3146108.611
2010-01-01,2690385.253,88560.432,2752711.983
2010-02-01,2786822.164,129304.658,2881179.008
2010-03-01,3290864.942,147318.318,3403556.080
2010-04-01,3130291.819,122825.850,3226548.442
2010-05-01,3183587.231,115557.520,3271045.157
2010-06-01,3113829.593,110955.790,3195857.608
2010-07-01,3437961.751,111636.158,3516163.645
2010-08-01,3582602.861,118078.590,3665807.844
2010-09-01,3872400.596,134975.064,3972664.749
2010-10-01,3617757.597,121002.953,3704708.163
2010-11-01,3796101.469,151263.044,3912183.592
2010-12-01,3982950.412,122334.826,4074712.427
2011-01-01,3769071.386,128189.414,3867737.347
2011-02-01,3769025.731,133217.827,3866086.783
2011-03-01,4560021.970,195799.807,4708280.095
2011-04-01,4169518.995,150684.764,4278444.773
2011-05-01,4832071.434,168957.524,4954091.137
2011-06-01,4517840.190,171448.681,4647843.517
2011-07-01,4519283.581,201990.227,4680507.550
2011-08-01,4756833.171,171161.673,4877716.338
2011-09-01,4999306.547,278710.392,5229743.939
2011-10-01,4781012.175,193780.331,4926759.273
2011-11-01,5060493.820,316813.797,5331579.921
2011-12-01,4498090.160,221730.383,4678477.441
2012-01-01,4446062.472,223630.225,4617332.769
2012-02-01,4595972.512,248047.648,4779420.894
2012-03-01,5001477.472,235104.683,5172469.060
2012-04-01,4434447.982,248345.374,4635444.651
2012-05-01,5483589.344,232867.953,5665479.323
2012-06-01,5100214.429,244085.801,5295222.155
2012-07-01,5193891.005,250556.274,5398482.665
2012-08-01,5239229.562,369294.908,5558004.211
2012-09-01,4679131.450,313726.133,4950437.441
2012-10-01,5205812.511,240079.272,5367804.546
2012-11-01,5125549.946,296751.968,5379190.114
2012-12-01,4542305.475,237898.816,4733445.480
2013-01-01,5185073.527,264547.731,5398604.591
2013-02-01,4497491.190,238398.306,4688019.651
2013-03-01,4488136.379,240821.374,4682686.107
2013-04-01,5167137.296,269764.038,5380088.087
2013-05-01,5181343.879,209767.226,5334395.937
2013-06-01,4311104.928,198041.795,4456824.831
2013-07-01,5111848.303,211065.493,5272145.647
2013-08-01,4974858.784,220274.359,5142008.214
2013-09-01,5147684.676,168190.843,5263400.520
2013-10-01,5348222.747,167719.903,5454884.781
2013-11-01,5033126.887,172327.080,5147100.698
2013-12-01,4935182.479,212998.984,5097741.003
2014-01-01,4844129.284,191471.176,4979341.085
2014-02-01,5003494.459,182977.864,5127080.759
2014-03-01,4911892.679,177852.451,5023295.809
2014-04-01,5454805.078,212152.352,5599670.401
2014-05-01,5423391.184,227809.605,5586583.460
2014-06-01,4923465.892,179605.503,5054092.200
2014-07-01,6084182.253,383984.478,6374625.860
2014-08-01,4901933.526,248547.477,5062334.590
2014-09-01,5791336.343,216553.955,5947298.771
2014-10-01,5847132.835,280921.244,6059996.386
2014-11-01,5354278.145,204493.429,5508557.698
2014-12-01,5488842.032,270368.691,5697077.230
2015-01-01,4885044.058,244620.496,5083609.800
2015-02-01,4587079.352,184876.072,4701461.925
2015-03-01,4641215.045,159138.058,4722818.838
2015-04-01,4461153.963,205852.066,4602816.530
2015-05-01,4439604.004,175249.567,4537947.026
2015-06-01,4221150.845,159269.380,4306448.943
2015-07-01,4967818.594,201623.672,5088389.228
2015-08-01,4438272.234,237485.923,4581173.851
2015-09-01,4498434.598,220780.439,4655102.591
2015-10-01,4515429.110,186262.603,4609298.397
2015-11-01,4243022.936,196374.149,4359328.135
2015-12-01,4159374.734,208801.012,4285451.950
2016-01-01,3519606.550,195715.289,3662806.811
2016-02-01,3464167.932,158278.173,3548934.745
2016-03-01,3591892.006,132750.170,3656183.056
2016-04-01,3701229.532,161909.851,3773522.889
2016-05-01,3584357.041,148295.222,3645661.435
2016-06-01,3686229.425,217771.852,3799383.196
2016-07-01,3353674.255,174449.957,3453531.898
2016-08-01,4217102.808,250170.970,4364979.962
2016-09-01,3952688.415,113070.497,3972496.880
2016-10-01,3612582.005,202714.878,3723478.649
2016-11-01,4164757.288,140803.204,4199469.305
2016-12-01,4041079.618,143121.468,4098839.669
2017-01-01,3530165.903,200196.336,3639697.466
2017-02-01,3646750.881,198452.057,3742177.682
2017-03-01,4123191.016,183136.238,4196612.047
2017-04-01,4033260.143,178391.930,4072004.088
2017-05-01,3727521.741,231883.406,3803040.226
2017-06-01,3778816.715,193713.107,3824222.002
2017-07-01,3750208.309,182612.668,3808870.619
2017-08-01,4186455.165,180348.753,4245952.858
2017-09-01,3732590.288,144356.733,3763896.204
2017-10-01,3940258.630,147532.478,3971564.198
2017-11-01,3986294.917,130356.677,3986100.100
2017-12-01,3635544.170,139973.290,3687426.826
2018-01-01,3895928.553,178243.846,3985957.059
2018-02-01,3650611.403,138941.384,3697636.018
2018-03-01,3906080.667,155772.988,3987702.900
2018-04-01,4238342.017,154518.855,4310053.699
2018-05-01,4513345.711,133632.794,4550960.734
2018-06-01,4226157.774,123609.934,4271491.691
2018-07-01,4347436.485,138087.138,4393577.156
2018-08-01,4580712.356,116513.458,4610542.873
2018-09-01,4047790.089,138414.939,4093297.937
2018-10-01,5165514.921,175151.564,5257172.074
2018-11-01,4475745.558,188683.881,4571204.486
2018-12-01,4182901.651,141868.370,4242844.101
2019-01-01,4302194.838,142707.400,4391268.153
2019-02-01,3951256.603,136775.087,4052677.432
2019-03-01,4301094.978,109027.781,4360430.152
2019-04-01,4528480.448,151982.519,4630446.967
2019-05-01,4788921.170,142701.630,4818816.943
2019-06-01,3983219.612,129305.545,4017580.714
2019-07-01,4565019.081,93253.400,4535671.124
2019-08-01,4913076.379,123220.174,4951409.962
2019-09-01,4200369.759,101277.788,4211475.154
2019-10-01,4333341.227,94733.333,4333545.082
2019-11-01,4757280.294,85744.445,4788494.810
2019-12-01,4078369.884,79117.838,4116800.643
2020-01-01,4329618.298,97135.305,4380452.645
2020-02-01,3968438.180,111287.702,4003937.824
2020-03-01,3587700.084,120549.190,3646462.022
2020-04-01,3096767.476,73162.679,3148025.569
2020-05-01,2877325.983,85719.627,2934295.405
2020-06-01,2898650.679,57125.715,2927019.687
2020-07-01,3646137.437,66943.713,3670102.271
2020-08-01,3571240.594,77214.187,3610634.152
2020-09-01,3475831.291,79601.658,3521691.554
2020-10-01,3706257.397,80565.926,3745955.905
2020-11-01,4188167.313,88734.867,4238404.914
2020-12-01,4142527.275,115240.914,4204141.982
2021-01-01,3822025.203,124894.345,3889791.438
2021-02-01,3904240.775,112964.093,3941765.901
2021-03-01,4934783.214,155170.030,5007157.216
2021-04-01,4696662.791,152844.059,4764455.751
2021-05-01,4372151.479,52983.373,4374928.966
2021-06-01,4922854.382,157075.389,5004767.089
2021-07-01,4801433.768,128826.258,4862542.664
2021-08-01,5348466.002,202791.382,5462889.746
2021-09-01,5733283.548,125557.136,5787864.465
2021-10-01,5809885.681,120283.151,5854543.132
2021-11-01,6545296.623,154949.387,6616283.025
2021-12-01,6210278.780,198289.050,6326212.828
2022-01-01,6050577.591,140642.205,6136683.572
2022-02-01,5826681.620,165983.739,5885286.458
2022-03-01,7063385.178,266424.214,7222075.550
2022-04-01,6393104.429,184945.964,6486766.577
2022-05-01,6804550.882,255991.590,6989210.487
2022-06-01,6367953.248,320347.005,6556941.059
2022-07-01,6890862.246,226188.288,6971415.239
2022-08-01,7297624.637,176551.903,7373587.411
2022-09-01,6695757.047,266561.158,6863154.333
2022-10-01,6127267.013,135439.437,6173763.333
2022-11-01,6043807.922,98095.261,6045593.902
2022-12-01,5851778.800,204614.884,5960180.847
2023-01-01,5529665.231,151319.114,5575880.735
2023-02-01,5058145.404,152885.254,5120778.689
2023-03-01,5856797.852,178506.286,5957419.823
2023-04-01,4942584.913,171955.688,5025336.360
2023-05-01,5418513.280,186538.779,5504244.581
2023-06-01,5015211.672,183979.179,5113546.451
2023-07-01,4945200.919,174809.738,4992166.347
2023-08-01,5288179.352,180567.644,5374296.671
2023-09-01,4944207.349,141099.265,5007431.042
2023-10-01,5375732.793,130957.895,5455205.312
2023-11-01,5165697.693,132578.255,5147466.249
2023-12-01,5256699.905,77496.407,5273715.934
2024-01-01,4958982.510,135553.272,5045279.224
2024-02-01,4820621.284,161727.355,4870829.966
2024-03-01,4757259.589,130219.257,4821578.108
2024-04-01,5839420.608,170173.168,5896443.276
2024-05-01,5535520.742,160667.284,5605419.496
2024-06-01,4660200.506,97278.736,4662537.662
2024-07-01,5581114.443,169834.379,5671623.307
2024-08-01,5532865.125,162732.560,5603848.344
2024-09-01,5162791.676,161233.423,5248635.725
2024-10-01,5730920.479,171054.027,5728723.775
2024-11-01,5874370.210,158110.542,5952927.181
2024-12-01,5650617.280,153617.972,5649511.849
2025-01-01,5378870.756,208804.856,5489702.246
2025-02-01,5326084.762,154164.735,5312666.777
2025-03-01,5543051.201,164505.853,5594682.512
2025-04-01,5794824.632,195814.336,5892415.805
2025-05-01,6135259.903,214127.748,6225807.662
2025-06-01,5336837.305,186350.609,5389838.232
2025-07-01,6483990.731,250198.357,6594685.871
2025-08-01,5850374.544,196203.554,5912807.631
2025-09-01,6128787.117,217198.468,6184634.159
2025-10-01,6583333.991,229767.822,6626168.231
2025-11-01,5889924.319,177504.706,5918154.898
2025-12-01,6050729.135,207353.685,6118528.553
2026-01-01,5902940.184,199502.524,6005960.805
2026-02-01,5741434.531,202320.766,5775660.961
2026-03-01,6161047.712,259062.631,6301828.257
2026-04-01,6709302.595,252042.618,6807901.455
2026-05-01,6785281.982,296948.268,6987615.503
2026-06-01,6775762.727,226255.748,6901453.420
2026-07-01,7968133.879,243802.032,8013907.079
