fecha,ciudad,tasa,grupo
2021-03-01,Armenia,53.9589,23
2021-04-01,Armenia,53.0667,23
2021-05-01,Armenia,52.3239,23
2021-06-01,Armenia,52.3761,23
2021-07-01,Armenia,53.7115,23
2021-08-01,Armenia,52.1963,23
2021-09-01,Armenia,51.8846,23
2021-10-01,Armenia,49.9445,23
2021-11-01,Armenia,49.8884,23
2021-12-01,Armenia,47.2258,23
2022-01-01,Armenia,43.7929,23
2022-02-01,Armenia,41.1088,23
2022-03-01,Armenia,42.3036,23
2022-04-01,Armenia,45.0302,23
2022-05-01,Armenia,46.2280,23
2022-06-01,Armenia,44.9379,23
2022-07-01,Armenia,44.3473,23
2022-08-01,Armenia,43.2447,23
2022-09-01,Armenia,43.1700,23
2022-10-01,Armenia,41.2864,23
2022-11-01,Armenia,41.7910,23
2022-12-01,Armenia,41.9280,23
2023-01-01,Armenia,44.0363,23
2023-02-01,Armenia,45.4283,23
2023-03-01,Armenia,45.2722,23
2023-04-01,Armenia,44.5144,23
2023-05-01,Armenia,42.3142,23
2023-06-01,Armenia,42.5725,23
2023-07-01,Armenia,44.7131,23
2023-08-01,Armenia,45.4245,23
2023-09-01,Armenia,45.0046,23
2023-10-01,Armenia,43.0641,23
2023-11-01,Armenia,44.1179,23
2023-12-01,Armenia,42.2152,23
2024-01-01,Armenia,42.4880,23
2024-02-01,Armenia,40.8871,23
2024-03-01,Armenia,42.8902,23
2024-04-01,Armenia,40.4399,23
2024-05-01,Armenia,40.4251,23
2024-06-01,Armenia,39.4117,23
2024-07-01,Armenia,41.2364,23
2024-08-01,Armenia,41.3467,23
2024-09-01,Armenia,41.9409,23
2024-10-01,Armenia,42.2770,23
2024-11-01,Armenia,43.2452,23
2024-12-01,Armenia,43.3387,23
2025-01-01,Armenia,44.2057,23
2025-02-01,Armenia,45.0803,23
2025-03-01,Armenia,45.9424,23
2025-04-01,Armenia,44.9609,23
2025-05-01,Armenia,44.5231,23
2025-06-01,Armenia,43.3726,23
2025-07-01,Armenia,43.6056,23
2025-08-01,Armenia,42.5319,23
2025-09-01,Armenia,42.7314,23
2025-10-01,Armenia,42.6815,23
2025-11-01,Armenia,43.8985,23
2025-12-01,Armenia,43.9106,23
2026-01-01,Armenia,43.3705,23
2026-02-01,Armenia,42.5173,23
2026-03-01,Armenia,43.3708,23
2026-04-01,Armenia,42.1652,23
2026-05-01,Armenia,41.0495,23
2026-06-01,Armenia,40.1319,23
2026-07-01,Armenia,42.6096,23
2021-03-01,Barranquilla A.M.,57.3625,13
2021-04-01,Barranquilla A.M.,59.4856,13
2021-05-01,Barranquilla A.M.,59.4749,13
2021-06-01,Barranquilla A.M.,60.2700,13
2021-07-01,Barranquilla A.M.,59.9500,13
2021-08-01,Barranquilla A.M.,60.5257,13
2021-09-01,Barranquilla A.M.,60.6315,13
2021-10-01,Barranquilla A.M.,60.2303,13
2021-11-01,Barranquilla A.M.,60.6859,13
2021-12-01,Barranquilla A.M.,60.2090,13
2022-01-01,Barranquilla A.M.,60.6495,13
2022-02-01,Barranquilla A.M.,59.0922,13
2022-03-01,Barranquilla A.M.,58.9424,13
2022-04-01,Barranquilla A.M.,58.7286,13
2022-05-01,Barranquilla A.M.,57.2026,13
2022-06-01,Barranquilla A.M.,55.1960,13
2022-07-01,Barranquilla A.M.,54.5477,13
2022-08-01,Barranquilla A.M.,56.3045,13
2022-09-01,Barranquilla A.M.,58.1173,13
2022-10-01,Barranquilla A.M.,59.4936,13
2022-11-01,Barranquilla A.M.,58.8178,13
2022-12-01,Barranquilla A.M.,59.6274,13
2023-01-01,Barranquilla A.M.,58.0703,13
2023-02-01,Barranquilla A.M.,58.4627,13
2023-03-01,Barranquilla A.M.,57.9805,13
2023-04-01,Barranquilla A.M.,57.2068,13
2023-05-01,Barranquilla A.M.,56.5953,13
2023-06-01,Barranquilla A.M.,53.9745,13
2023-07-01,Barranquilla A.M.,54.2705,13
2023-08-01,Barranquilla A.M.,53.9876,13
2023-09-01,Barranquilla A.M.,55.0662,13
2023-10-01,Barranquilla A.M.,56.0235,13
2023-11-01,Barranquilla A.M.,56.3664,13
2023-12-01,Barranquilla A.M.,57.3871,13
2024-01-01,Barranquilla A.M.,55.5730,13
2024-02-01,Barranquilla A.M.,55.1414,13
2024-03-01,Barranquilla A.M.,53.7193,13
2024-04-01,Barranquilla A.M.,55.2758,13
2024-05-01,Barranquilla A.M.,55.7080,13
2024-06-01,Barranquilla A.M.,55.8936,13
2024-07-01,Barranquilla A.M.,56.3607,13
2024-08-01,Barranquilla A.M.,56.6163,13
2024-09-01,Barranquilla A.M.,55.7869,13
2024-10-01,Barranquilla A.M.,56.5635,13
2024-11-01,Barranquilla A.M.,55.2373,13
2024-12-01,Barranquilla A.M.,56.5171,13
2025-01-01,Barranquilla A.M.,54.4967,13
2025-02-01,Barranquilla A.M.,54.4120,13
2025-03-01,Barranquilla A.M.,51.4994,13
2025-04-01,Barranquilla A.M.,49.4874,13
2025-05-01,Barranquilla A.M.,49.9220,13
2025-06-01,Barranquilla A.M.,51.2257,13
2025-07-01,Barranquilla A.M.,53.2939,13
2025-08-01,Barranquilla A.M.,54.0433,13
2025-09-01,Barranquilla A.M.,54.4264,13
2025-10-01,Barranquilla A.M.,54.8783,13
2025-11-01,Barranquilla A.M.,54.8532,13
2025-12-01,Barranquilla A.M.,53.6925,13
2026-01-01,Barranquilla A.M.,50.9577,13
2026-02-01,Barranquilla A.M.,50.6828,13
2026-03-01,Barranquilla A.M.,51.6121,13
2026-04-01,Barranquilla A.M.,52.0034,13
2026-05-01,Barranquilla A.M.,49.9954,13
2026-06-01,Barranquilla A.M.,49.4700,13
2026-07-01,Barranquilla A.M.,50.4918,13
2021-03-01,Bogotá D.C.,35.8229,13
2021-04-01,Bogotá D.C.,36.8149,13
2021-05-01,Bogotá D.C.,36.2521,13
2021-06-01,Bogotá D.C.,36.9471,13
2021-07-01,Bogotá D.C.,36.3175,13
2021-08-01,Bogotá D.C.,36.8845,13
2021-09-01,Bogotá D.C.,35.8264,13
2021-10-01,Bogotá D.C.,36.0003,13
2021-11-01,Bogotá D.C.,34.4817,13
2021-12-01,Bogotá D.C.,34.4998,13
2022-01-01,Bogotá D.C.,32.7036,13
2022-02-01,Bogotá D.C.,32.9857,13
2022-03-01,Bogotá D.C.,33.7777,13
2022-04-01,Bogotá D.C.,35.1168,13
2022-05-01,Bogotá D.C.,35.8152,13
2022-06-01,Bogotá D.C.,35.3215,13
2022-07-01,Bogotá D.C.,35.6060,13
2022-08-01,Bogotá D.C.,34.1497,13
2022-09-01,Bogotá D.C.,35.2669,13
2022-10-01,Bogotá D.C.,35.5549,13
2022-11-01,Bogotá D.C.,35.4690,13
2022-12-01,Bogotá D.C.,33.0755,13
2023-01-01,Bogotá D.C.,31.6722,13
2023-02-01,Bogotá D.C.,32.7109,13
2023-03-01,Bogotá D.C.,33.2577,13
2023-04-01,Bogotá D.C.,33.0875,13
2023-05-01,Bogotá D.C.,32.7246,13
2023-06-01,Bogotá D.C.,32.9053,13
2023-07-01,Bogotá D.C.,33.5101,13
2023-08-01,Bogotá D.C.,32.7903,13
2023-09-01,Bogotá D.C.,32.2132,13
2023-10-01,Bogotá D.C.,32.1874,13
2023-11-01,Bogotá D.C.,32.1292,13
2023-12-01,Bogotá D.C.,32.6049,13
2024-01-01,Bogotá D.C.,32.2539,13
2024-02-01,Bogotá D.C.,33.2786,13
2024-03-01,Bogotá D.C.,33.2730,13
2024-04-01,Bogotá D.C.,33.0953,13
2024-05-01,Bogotá D.C.,33.4671,13
2024-06-01,Bogotá D.C.,33.5959,13
2024-07-01,Bogotá D.C.,34.5375,13
2024-08-01,Bogotá D.C.,34.6264,13
2024-09-01,Bogotá D.C.,34.7416,13
2024-10-01,Bogotá D.C.,35.9575,13
2024-11-01,Bogotá D.C.,35.3875,13
2024-12-01,Bogotá D.C.,36.3983,13
2025-01-01,Bogotá D.C.,36.0169,13
2025-02-01,Bogotá D.C.,37.1352,13
2025-03-01,Bogotá D.C.,38.1778,13
2025-04-01,Bogotá D.C.,36.6130,13
2025-05-01,Bogotá D.C.,36.6379,13
2025-06-01,Bogotá D.C.,35.5530,13
2025-07-01,Bogotá D.C.,35.5338,13
2025-08-01,Bogotá D.C.,34.0330,13
2025-09-01,Bogotá D.C.,32.9835,13
2025-10-01,Bogotá D.C.,34.8224,13
2025-11-01,Bogotá D.C.,35.2596,13
2025-12-01,Bogotá D.C.,35.0353,13
2026-01-01,Bogotá D.C.,33.5816,13
2026-02-01,Bogotá D.C.,33.8249,13
2026-03-01,Bogotá D.C.,34.0393,13
2026-04-01,Bogotá D.C.,34.2517,13
2026-05-01,Bogotá D.C.,33.2011,13
2026-06-01,Bogotá D.C.,33.3318,13
2026-07-01,Bogotá D.C.,32.5534,13
2021-03-01,Bucaramanga A.M.,47.1469,13
2021-04-01,Bucaramanga A.M.,48.0545,13
2021-05-01,Bucaramanga A.M.,47.8571,13
2021-06-01,Bucaramanga A.M.,48.0823,13
2021-07-01,Bucaramanga A.M.,46.1350,13
2021-08-01,Bucaramanga A.M.,46.8051,13
2021-09-01,Bucaramanga A.M.,48.6863,13
2021-10-01,Bucaramanga A.M.,49.9494,13
2021-11-01,Bucaramanga A.M.,48.6087,13
2021-12-01,Bucaramanga A.M.,48.1525,13
2022-01-01,Bucaramanga A.M.,47.1557,13
2022-02-01,Bucaramanga A.M.,47.8084,13
2022-03-01,Bucaramanga A.M.,45.2688,13
2022-04-01,Bucaramanga A.M.,46.1895,13
2022-05-01,Bucaramanga A.M.,47.2377,13
2022-06-01,Bucaramanga A.M.,49.0227,13
2022-07-01,Bucaramanga A.M.,48.4126,13
2022-08-01,Bucaramanga A.M.,47.9643,13
2022-09-01,Bucaramanga A.M.,48.4853,13
2022-10-01,Bucaramanga A.M.,49.6081,13
2022-11-01,Bucaramanga A.M.,46.7832,13
2022-12-01,Bucaramanga A.M.,45.7481,13
2023-01-01,Bucaramanga A.M.,43.8164,13
2023-02-01,Bucaramanga A.M.,45.0879,13
2023-03-01,Bucaramanga A.M.,45.1433,13
2023-04-01,Bucaramanga A.M.,45.6180,13
2023-05-01,Bucaramanga A.M.,46.2390,13
2023-06-01,Bucaramanga A.M.,45.1380,13
2023-07-01,Bucaramanga A.M.,43.9318,13
2023-08-01,Bucaramanga A.M.,43.3619,13
2023-09-01,Bucaramanga A.M.,46.7569,13
2023-10-01,Bucaramanga A.M.,47.9466,13
2023-11-01,Bucaramanga A.M.,49.0510,13
2023-12-01,Bucaramanga A.M.,45.3388,13
2024-01-01,Bucaramanga A.M.,44.6654,13
2024-02-01,Bucaramanga A.M.,44.2287,13
2024-03-01,Bucaramanga A.M.,44.6816,13
2024-04-01,Bucaramanga A.M.,45.4182,13
2024-05-01,Bucaramanga A.M.,43.8638,13
2024-06-01,Bucaramanga A.M.,44.5901,13
2024-07-01,Bucaramanga A.M.,44.1249,13
2024-08-01,Bucaramanga A.M.,44.6614,13
2024-09-01,Bucaramanga A.M.,47.9946,13
2024-10-01,Bucaramanga A.M.,48.9930,13
2024-11-01,Bucaramanga A.M.,49.1369,13
2024-12-01,Bucaramanga A.M.,44.1519,13
2025-01-01,Bucaramanga A.M.,43.1270,13
2025-02-01,Bucaramanga A.M.,43.7015,13
2025-03-01,Bucaramanga A.M.,44.4605,13
2025-04-01,Bucaramanga A.M.,44.3285,13
2025-05-01,Bucaramanga A.M.,43.9230,13
2025-06-01,Bucaramanga A.M.,43.7472,13
2025-07-01,Bucaramanga A.M.,44.1621,13
2025-08-01,Bucaramanga A.M.,45.5399,13
2025-09-01,Bucaramanga A.M.,47.8475,13
2025-10-01,Bucaramanga A.M.,48.9943,13
2025-11-01,Bucaramanga A.M.,47.5204,13
2025-12-01,Bucaramanga A.M.,46.6738,13
2026-01-01,Bucaramanga A.M.,44.6896,13
2026-02-01,Bucaramanga A.M.,43.8293,13
2026-03-01,Bucaramanga A.M.,42.6957,13
2026-04-01,Bucaramanga A.M.,42.9346,13
2026-05-01,Bucaramanga A.M.,44.5402,13
2026-06-01,Bucaramanga A.M.,45.0452,13
2026-07-01,Bucaramanga A.M.,43.8015,13
2021-03-01,Cali A.M.,51.4587,13
2021-04-01,Cali A.M.,50.8520,13
2021-05-01,Cali A.M.,49.2709,13
2021-06-01,Cali A.M.,46.8598,13
2021-07-01,Cali A.M.,47.7144,13
2021-08-01,Cali A.M.,48.4646,13
2021-09-01,Cali A.M.,48.2621,13
2021-10-01,Cali A.M.,49.0133,13
2021-11-01,Cali A.M.,49.2996,13
2021-12-01,Cali A.M.,48.8402,13
2022-01-01,Cali A.M.,47.6797,13
2022-02-01,Cali A.M.,46.4978,13
2022-03-01,Cali A.M.,47.9950,13
2022-04-01,Cali A.M.,49.2297,13
2022-05-01,Cali A.M.,49.0007,13
2022-06-01,Cali A.M.,48.5941,13
2022-07-01,Cali A.M.,47.2406,13
2022-08-01,Cali A.M.,46.3541,13
2022-09-01,Cali A.M.,44.9343,13
2022-10-01,Cali A.M.,45.4165,13
2022-11-01,Cali A.M.,46.4133,13
2022-12-01,Cali A.M.,47.5417,13
2023-01-01,Cali A.M.,47.4162,13
2023-02-01,Cali A.M.,48.3567,13
2023-03-01,Cali A.M.,49.1476,13
2023-04-01,Cali A.M.,49.9338,13
2023-05-01,Cali A.M.,49.1605,13
2023-06-01,Cali A.M.,47.8796,13
2023-07-01,Cali A.M.,47.9032,13
2023-08-01,Cali A.M.,47.4579,13
2023-09-01,Cali A.M.,47.4437,13
2023-10-01,Cali A.M.,46.0980,13
2023-11-01,Cali A.M.,45.7855,13
2023-12-01,Cali A.M.,45.7993,13
2024-01-01,Cali A.M.,46.2978,13
2024-02-01,Cali A.M.,47.4344,13
2024-03-01,Cali A.M.,48.0753,13
2024-04-01,Cali A.M.,49.0842,13
2024-05-01,Cali A.M.,48.1948,13
2024-06-01,Cali A.M.,48.2813,13
2024-07-01,Cali A.M.,47.8045,13
2024-08-01,Cali A.M.,48.0028,13
2024-09-01,Cali A.M.,47.6548,13
2024-10-01,Cali A.M.,46.1662,13
2024-11-01,Cali A.M.,46.9143,13
2024-12-01,Cali A.M.,46.6230,13
2025-01-01,Cali A.M.,46.6765,13
2025-02-01,Cali A.M.,45.7843,13
2025-03-01,Cali A.M.,46.1804,13
2025-04-01,Cali A.M.,46.9146,13
2025-05-01,Cali A.M.,47.7454,13
2025-06-01,Cali A.M.,46.8521,13
2025-07-01,Cali A.M.,46.1271,13
2025-08-01,Cali A.M.,45.1979,13
2025-09-01,Cali A.M.,45.2798,13
2025-10-01,Cali A.M.,46.2713,13
2025-11-01,Cali A.M.,46.4142,13
2025-12-01,Cali A.M.,47.6224,13
2026-01-01,Cali A.M.,47.0482,13
2026-02-01,Cali A.M.,47.8283,13
2026-03-01,Cali A.M.,47.0456,13
2026-04-01,Cali A.M.,47.5221,13
2026-05-01,Cali A.M.,47.4318,13
2026-06-01,Cali A.M.,46.3840,13
2026-07-01,Cali A.M.,46.1197,13
2021-03-01,Cartagena,58.3885,13
2021-04-01,Cartagena,63.8280,13
2021-05-01,Cartagena,65.2995,13
2021-06-01,Cartagena,65.8244,13
2021-07-01,Cartagena,63.8179,13
2021-08-01,Cartagena,61.8599,13
2021-09-01,Cartagena,61.0963,13
2021-10-01,Cartagena,61.1397,13
2021-11-01,Cartagena,62.6516,13
2021-12-01,Cartagena,62.7791,13
2022-01-01,Cartagena,62.9628,13
2022-02-01,Cartagena,61.9439,13
2022-03-01,Cartagena,59.5803,13
2022-04-01,Cartagena,58.7673,13
2022-05-01,Cartagena,58.2815,13
2022-06-01,Cartagena,60.5257,13
2022-07-01,Cartagena,61.9528,13
2022-08-01,Cartagena,62.3300,13
2022-09-01,Cartagena,62.6335,13
2022-10-01,Cartagena,61.4262,13
2022-11-01,Cartagena,60.0317,13
2022-12-01,Cartagena,56.6653,13
2023-01-01,Cartagena,54.7342,13
2023-02-01,Cartagena,54.2788,13
2023-03-01,Cartagena,54.7950,13
2023-04-01,Cartagena,54.6124,13
2023-05-01,Cartagena,54.8529,13
2023-06-01,Cartagena,54.0614,13
2023-07-01,Cartagena,55.6377,13
2023-08-01,Cartagena,53.7345,13
2023-09-01,Cartagena,53.3057,13
2023-10-01,Cartagena,50.2779,13
2023-11-01,Cartagena,50.9750,13
2023-12-01,Cartagena,51.8920,13
2024-01-01,Cartagena,54.5323,13
2024-02-01,Cartagena,54.8858,13
2024-03-01,Cartagena,53.2500,13
2024-04-01,Cartagena,50.4949,13
2024-05-01,Cartagena,48.7982,13
2024-06-01,Cartagena,48.7422,13
2024-07-01,Cartagena,47.5228,13
2024-08-01,Cartagena,47.3550,13
2024-09-01,Cartagena,47.7627,13
2024-10-01,Cartagena,47.6674,13
2024-11-01,Cartagena,47.2212,13
2024-12-01,Cartagena,45.7264,13
2025-01-01,Cartagena,47.5453,13
2025-02-01,Cartagena,48.9643,13
2025-03-01,Cartagena,50.7617,13
2025-04-01,Cartagena,49.5160,13
2025-05-01,Cartagena,49.6401,13
2025-06-01,Cartagena,48.8435,13
2025-07-01,Cartagena,48.6920,13
2025-08-01,Cartagena,48.8058,13
2025-09-01,Cartagena,48.5207,13
2025-10-01,Cartagena,48.3200,13
2025-11-01,Cartagena,49.7556,13
2025-12-01,Cartagena,50.2031,13
2026-01-01,Cartagena,49.9512,13
2026-02-01,Cartagena,47.0885,13
2026-03-01,Cartagena,45.7121,13
2026-04-01,Cartagena,45.9950,13
2026-05-01,Cartagena,47.3577,13
2026-06-01,Cartagena,48.4051,13
2026-07-01,Cartagena,48.0523,13
2021-03-01,Cúcuta A.M.,69.2201,13
2021-04-01,Cúcuta A.M.,68.4699,13
2021-05-01,Cúcuta A.M.,69.0493,13
2021-06-01,Cúcuta A.M.,68.9270,13
2021-07-01,Cúcuta A.M.,68.7564,13
2021-08-01,Cúcuta A.M.,69.9915,13
2021-09-01,Cúcuta A.M.,70.6114,13
2021-10-01,Cúcuta A.M.,71.4058,13
2021-11-01,Cúcuta A.M.,70.5318,13
2021-12-01,Cúcuta A.M.,71.3443,13
2022-01-01,Cúcuta A.M.,70.3282,13
2022-02-01,Cúcuta A.M.,68.5088,13
2022-03-01,Cúcuta A.M.,66.4294,13
2022-04-01,Cúcuta A.M.,67.6419,13
2022-05-01,Cúcuta A.M.,66.9074,13
2022-06-01,Cúcuta A.M.,66.4949,13
2022-07-01,Cúcuta A.M.,65.6114,13
2022-08-01,Cúcuta A.M.,66.7249,13
2022-09-01,Cúcuta A.M.,67.8322,13
2022-10-01,Cúcuta A.M.,66.6914,13
2022-11-01,Cúcuta A.M.,65.4449,13
2022-12-01,Cúcuta A.M.,63.5645,13
2023-01-01,Cúcuta A.M.,60.7191,13
2023-02-01,Cúcuta A.M.,60.5672,13
2023-03-01,Cúcuta A.M.,58.6611,13
2023-04-01,Cúcuta A.M.,59.2950,13
2023-05-01,Cúcuta A.M.,57.5659,13
2023-06-01,Cúcuta A.M.,57.7068,13
2023-07-01,Cúcuta A.M.,57.8331,13
2023-08-01,Cúcuta A.M.,57.5332,13
2023-09-01,Cúcuta A.M.,59.2720,13
2023-10-01,Cúcuta A.M.,60.3982,13
2023-11-01,Cúcuta A.M.,62.7742,13
2023-12-01,Cúcuta A.M.,62.7053,13
2024-01-01,Cúcuta A.M.,63.4563,13
2024-02-01,Cúcuta A.M.,61.9128,13
2024-03-01,Cúcuta A.M.,60.9021,13
2024-04-01,Cúcuta A.M.,59.8511,13
2024-05-01,Cúcuta A.M.,60.6404,13
2024-06-01,Cúcuta A.M.,60.3810,13
2024-07-01,Cúcuta A.M.,58.8962,13
2024-08-01,Cúcuta A.M.,60.1926,13
2024-09-01,Cúcuta A.M.,62.2485,13
2024-10-01,Cúcuta A.M.,65.0688,13
2024-11-01,Cúcuta A.M.,64.6783,13
2024-12-01,Cúcuta A.M.,63.8042,13
2025-01-01,Cúcuta A.M.,61.8985,13
2025-02-01,Cúcuta A.M.,60.2970,13
2025-03-01,Cúcuta A.M.,60.4010,13
2025-04-01,Cúcuta A.M.,61.6757,13
2025-05-01,Cúcuta A.M.,62.1440,13
2025-06-01,Cúcuta A.M.,61.3323,13
2025-07-01,Cúcuta A.M.,61.3892,13
2025-08-01,Cúcuta A.M.,63.9296,13
2025-09-01,Cúcuta A.M.,62.8429,13
2025-10-01,Cúcuta A.M.,62.7482,13
2025-11-01,Cúcuta A.M.,61.2788,13
2025-12-01,Cúcuta A.M.,63.5582,13
2026-01-01,Cúcuta A.M.,62.8737,13
2026-02-01,Cúcuta A.M.,62.8382,13
2026-03-01,Cúcuta A.M.,62.2944,13
2026-04-01,Cúcuta A.M.,62.6424,13
2026-05-01,Cúcuta A.M.,61.6962,13
2026-06-01,Cúcuta A.M.,60.6101,13
2026-07-01,Cúcuta A.M.,61.8539,13
2021-03-01,Florencia,62.9964,23
2021-04-01,Florencia,65.1535,23
2021-05-01,Florencia,62.5550,23
2021-06-01,Florencia,60.2675,23
2021-07-01,Florencia,56.3031,23
2021-08-01,Florencia,59.4094,23
2021-09-01,Florencia,60.6077,23
2021-10-01,Florencia,59.8366,23
2021-11-01,Florencia,58.9556,23
2021-12-01,Florencia,61.9225,23
2022-01-01,Florencia,63.7197,23
2022-02-01,Florencia,64.1094,23
2022-03-01,Florencia,62.4332,23
2022-04-01,Florencia,61.7844,23
2022-05-01,Florencia,59.4105,23
2022-06-01,Florencia,58.8940,23
2022-07-01,Florencia,58.8849,23
2022-08-01,Florencia,59.8988,23
2022-09-01,Florencia,59.6839,23
2022-10-01,Florencia,58.9331,23
2022-11-01,Florencia,59.5849,23
2022-12-01,Florencia,60.4271,23
2023-01-01,Florencia,62.0888,23
2023-02-01,Florencia,60.2373,23
2023-03-01,Florencia,59.5405,23
2023-04-01,Florencia,58.8429,23
2023-05-01,Florencia,58.7785,23
2023-06-01,Florencia,55.8324,23
2023-07-01,Florencia,55.0059,23
2023-08-01,Florencia,53.0764,23
2023-09-01,Florencia,54.3506,23
2023-10-01,Florencia,54.7438,23
2023-11-01,Florencia,55.4698,23
2023-12-01,Florencia,56.1372,23
2024-01-01,Florencia,56.6424,23
2024-02-01,Florencia,58.6816,23
2024-03-01,Florencia,57.9145,23
2024-04-01,Florencia,58.0904,23
2024-05-01,Florencia,58.0088,23
2024-06-01,Florencia,57.1265,23
2024-07-01,Florencia,55.3882,23
2024-08-01,Florencia,54.7288,23
2024-09-01,Florencia,54.5195,23
2024-10-01,Florencia,55.2290,23
2024-11-01,Florencia,57.5250,23
2024-12-01,Florencia,58.6263,23
2025-01-01,Florencia,58.0856,23
2025-02-01,Florencia,55.0722,23
2025-03-01,Florencia,54.5088,23
2025-04-01,Florencia,55.7486,23
2025-05-01,Florencia,56.6777,23
2025-06-01,Florencia,56.5333,23
2025-07-01,Florencia,53.8321,23
2025-08-01,Florencia,51.6847,23
2025-09-01,Florencia,51.5436,23
2025-10-01,Florencia,53.3772,23
2025-11-01,Florencia,54.8426,23
2025-12-01,Florencia,55.4183,23
2026-01-01,Florencia,55.0040,23
2026-02-01,Florencia,55.5428,23
2026-03-01,Florencia,54.3997,23
2026-04-01,Florencia,53.2714,23
2026-05-01,Florencia,53.0569,23
2026-06-01,Florencia,56.9775,23
2026-07-01,Florencia,59.2441,23
2021-03-01,Ibagué,48.9402,13
2021-04-01,Ibagué,51.2833,13
2021-05-01,Ibagué,48.7934,13
2021-06-01,Ibagué,48.7753,13
2021-07-01,Ibagué,49.9420,13
2021-08-01,Ibagué,53.6004,13
2021-09-01,Ibagué,54.1686,13
2021-10-01,Ibagué,52.3875,13
2021-11-01,Ibagué,50.5672,13
2021-12-01,Ibagué,49.3099,13
2022-01-01,Ibagué,47.7307,13
2022-02-01,Ibagué,48.9350,13
2022-03-01,Ibagué,50.1633,13
2022-04-01,Ibagué,52.3198,13
2022-05-01,Ibagué,53.3880,13
2022-06-01,Ibagué,52.3094,13
2022-07-01,Ibagué,51.1726,13
2022-08-01,Ibagué,49.8764,13
2022-09-01,Ibagué,49.1379,13
2022-10-01,Ibagué,49.9250,13
2022-11-01,Ibagué,50.4994,13
2022-12-01,Ibagué,50.1782,13
2023-01-01,Ibagué,46.8087,13
2023-02-01,Ibagué,45.2125,13
2023-03-01,Ibagué,46.2449,13
2023-04-01,Ibagué,49.1869,13
2023-05-01,Ibagué,47.1911,13
2023-06-01,Ibagué,48.7082,13
2023-07-01,Ibagué,47.4096,13
2023-08-01,Ibagué,49.4932,13
2023-09-01,Ibagué,45.9372,13
2023-10-01,Ibagué,46.5394,13
2023-11-01,Ibagué,45.4603,13
2023-12-01,Ibagué,47.7124,13
2024-01-01,Ibagué,45.9516,13
2024-02-01,Ibagué,47.7727,13
2024-03-01,Ibagué,46.6367,13
2024-04-01,Ibagué,49.1492,13
2024-05-01,Ibagué,48.6916,13
2024-06-01,Ibagué,49.3529,13
2024-07-01,Ibagué,49.5274,13
2024-08-01,Ibagué,49.9434,13
2024-09-01,Ibagué,50.4693,13
2024-10-01,Ibagué,49.9131,13
2024-11-01,Ibagué,49.8440,13
2024-12-01,Ibagué,48.8528,13
2025-01-01,Ibagué,48.6825,13
2025-02-01,Ibagué,48.3375,13
2025-03-01,Ibagué,49.7977,13
2025-04-01,Ibagué,49.1901,13
2025-05-01,Ibagué,48.9767,13
2025-06-01,Ibagué,47.6860,13
2025-07-01,Ibagué,47.9286,13
2025-08-01,Ibagué,47.3018,13
2025-09-01,Ibagué,48.2828,13
2025-10-01,Ibagué,47.9521,13
2025-11-01,Ibagué,49.6582,13
2025-12-01,Ibagué,48.6318,13
2026-01-01,Ibagué,48.1551,13
2026-02-01,Ibagué,47.1438,13
2026-03-01,Ibagué,45.3417,13
2026-04-01,Ibagué,45.8609,13
2026-05-01,Ibagué,44.7378,13
2026-06-01,Ibagué,45.7171,13
2026-07-01,Ibagué,45.6301,13
2021-03-01,Manizales A.M.,37.8386,13
2021-04-01,Manizales A.M.,36.8574,13
2021-05-01,Manizales A.M.,37.2743,13
2021-06-01,Manizales A.M.,36.1830,13
2021-07-01,Manizales A.M.,35.8429,13
2021-08-01,Manizales A.M.,33.6904,13
2021-09-01,Manizales A.M.,33.8634,13
2021-10-01,Manizales A.M.,34.8803,13
2021-11-01,Manizales A.M.,36.0308,13
2021-12-01,Manizales A.M.,35.7032,13
2022-01-01,Manizales A.M.,34.4497,13
2022-02-01,Manizales A.M.,35.7367,13
2022-03-01,Manizales A.M.,34.0912,13
2022-04-01,Manizales A.M.,36.4043,13
2022-05-01,Manizales A.M.,36.3242,13
2022-06-01,Manizales A.M.,36.9902,13
2022-07-01,Manizales A.M.,35.1036,13
2022-08-01,Manizales A.M.,34.7171,13
2022-09-01,Manizales A.M.,35.6817,13
2022-10-01,Manizales A.M.,36.8883,13
2022-11-01,Manizales A.M.,36.5725,13
2022-12-01,Manizales A.M.,37.1236,13
2023-01-01,Manizales A.M.,35.2153,13
2023-02-01,Manizales A.M.,34.1915,13
2023-03-01,Manizales A.M.,32.6186,13
2023-04-01,Manizales A.M.,33.4137,13
2023-05-01,Manizales A.M.,33.8140,13
2023-06-01,Manizales A.M.,34.1819,13
2023-07-01,Manizales A.M.,33.7638,13
2023-08-01,Manizales A.M.,33.1474,13
2023-09-01,Manizales A.M.,32.3061,13
2023-10-01,Manizales A.M.,31.5722,13
2023-11-01,Manizales A.M.,32.4043,13
2023-12-01,Manizales A.M.,32.6287,13
2024-01-01,Manizales A.M.,33.7921,13
2024-02-01,Manizales A.M.,34.2569,13
2024-03-01,Manizales A.M.,34.9711,13
2024-04-01,Manizales A.M.,34.6506,13
2024-05-01,Manizales A.M.,33.7209,13
2024-06-01,Manizales A.M.,32.9679,13
2024-07-01,Manizales A.M.,34.2475,13
2024-08-01,Manizales A.M.,34.0476,13
2024-09-01,Manizales A.M.,34.0329,13
2024-10-01,Manizales A.M.,33.3093,13
2024-11-01,Manizales A.M.,33.9404,13
2024-12-01,Manizales A.M.,34.1830,13
2025-01-01,Manizales A.M.,34.8802,13
2025-02-01,Manizales A.M.,34.7378,13
2025-03-01,Manizales A.M.,35.1439,13
2025-04-01,Manizales A.M.,35.1399,13
2025-05-01,Manizales A.M.,36.8648,13
2025-06-01,Manizales A.M.,38.1382,13
2025-07-01,Manizales A.M.,38.5048,13
2025-08-01,Manizales A.M.,37.2410,13
2025-09-01,Manizales A.M.,36.5189,13
2025-10-01,Manizales A.M.,36.1507,13
2025-11-01,Manizales A.M.,37.1953,13
2025-12-01,Manizales A.M.,37.4512,13
2026-01-01,Manizales A.M.,36.8395,13
2026-02-01,Manizales A.M.,35.6788,13
2026-03-01,Manizales A.M.,35.1318,13
2026-04-01,Manizales A.M.,34.9566,13
2026-05-01,Manizales A.M.,34.9840,13
2026-06-01,Manizales A.M.,35.3843,13
2026-07-01,Manizales A.M.,35.6479,13
2021-03-01,Medellín A.M.,47.2678,13
2021-04-01,Medellín A.M.,45.3976,13
2021-05-01,Medellín A.M.,43.0708,13
2021-06-01,Medellín A.M.,41.0987,13
2021-07-01,Medellín A.M.,39.2142,13
2021-08-01,Medellín A.M.,39.2325,13
2021-09-01,Medellín A.M.,38.7741,13
2021-10-01,Medellín A.M.,40.0488,13
2021-11-01,Medellín A.M.,39.7579,13
2021-12-01,Medellín A.M.,39.2300,13
2022-01-01,Medellín A.M.,38.9477,13
2022-02-01,Medellín A.M.,39.0743,13
2022-03-01,Medellín A.M.,40.2368,13
2022-04-01,Medellín A.M.,40.2444,13
2022-05-01,Medellín A.M.,39.7084,13
2022-06-01,Medellín A.M.,39.9812,13
2022-07-01,Medellín A.M.,39.9800,13
2022-08-01,Medellín A.M.,39.9206,13
2022-09-01,Medellín A.M.,39.2321,13
2022-10-01,Medellín A.M.,38.6548,13
2022-11-01,Medellín A.M.,39.0357,13
2022-12-01,Medellín A.M.,39.0692,13
2023-01-01,Medellín A.M.,39.9701,13
2023-02-01,Medellín A.M.,39.9877,13
2023-03-01,Medellín A.M.,40.6278,13
2023-04-01,Medellín A.M.,38.8530,13
2023-05-01,Medellín A.M.,38.0427,13
2023-06-01,Medellín A.M.,37.0134,13
2023-07-01,Medellín A.M.,37.5509,13
2023-08-01,Medellín A.M.,38.8263,13
2023-09-01,Medellín A.M.,38.8339,13
2023-10-01,Medellín A.M.,39.5603,13
2023-11-01,Medellín A.M.,39.1533,13
2023-12-01,Medellín A.M.,38.2448,13
2024-01-01,Medellín A.M.,37.2874,13
2024-02-01,Medellín A.M.,37.1986,13
2024-03-01,Medellín A.M.,37.9529,13
2024-04-01,Medellín A.M.,39.0267,13
2024-05-01,Medellín A.M.,39.1851,13
2024-06-01,Medellín A.M.,39.2887,13
2024-07-01,Medellín A.M.,38.9229,13
2024-08-01,Medellín A.M.,37.6027,13
2024-09-01,Medellín A.M.,37.4940,13
2024-10-01,Medellín A.M.,37.6361,13
2024-11-01,Medellín A.M.,38.7806,13
2024-12-01,Medellín A.M.,38.7338,13
2025-01-01,Medellín A.M.,38.7363,13
2025-02-01,Medellín A.M.,39.5742,13
2025-03-01,Medellín A.M.,40.0351,13
2025-04-01,Medellín A.M.,39.8350,13
2025-05-01,Medellín A.M.,37.5456,13
2025-06-01,Medellín A.M.,36.9498,13
2025-07-01,Medellín A.M.,37.8219,13
2025-08-01,Medellín A.M.,39.8968,13
2025-09-01,Medellín A.M.,39.4765,13
2025-10-01,Medellín A.M.,39.5660,13
2025-11-01,Medellín A.M.,37.8140,13
2025-12-01,Medellín A.M.,38.4547,13
2026-01-01,Medellín A.M.,37.4068,13
2026-02-01,Medellín A.M.,38.1525,13
2026-03-01,Medellín A.M.,38.4318,13
2026-04-01,Medellín A.M.,38.1986,13
2026-05-01,Medellín A.M.,38.0504,13
2026-06-01,Medellín A.M.,38.0764,13
2026-07-01,Medellín A.M.,38.7101,13
2021-03-01,Montería,61.1442,13
2021-04-01,Montería,62.1455,13
2021-05-01,Montería,61.2175,13
2021-06-01,Montería,61.0998,13
2021-07-01,Montería,61.1039,13
2021-08-01,Montería,62.9343,13
2021-09-01,Montería,63.3276,13
2021-10-01,Montería,64.0130,13
2021-11-01,Montería,63.9222,13
2021-12-01,Montería,64.1952,13
2022-01-01,Montería,62.1542,13
2022-02-01,Montería,61.8676,13
2022-03-01,Montería,62.6919,13
2022-04-01,Montería,63.5934,13
2022-05-01,Montería,62.5211,13
2022-06-01,Montería,62.3126,13
2022-07-01,Montería,62.0989,13
2022-08-01,Montería,63.9021,13
2022-09-01,Montería,62.9315,13
2022-10-01,Montería,63.1154,13
2022-11-01,Montería,62.8036,13
2022-12-01,Montería,63.0044,13
2023-01-01,Montería,63.1315,13
2023-02-01,Montería,60.9725,13
2023-03-01,Montería,61.9647,13
2023-04-01,Montería,62.5127,13
2023-05-01,Montería,62.6187,13
2023-06-01,Montería,60.0740,13
2023-07-01,Montería,58.7374,13
2023-08-01,Montería,58.5071,13
2023-09-01,Montería,58.9269,13
2023-10-01,Montería,59.3509,13
2023-11-01,Montería,61.3854,13
2023-12-01,Montería,62.7331,13
2024-01-01,Montería,61.7937,13
2024-02-01,Montería,60.1737,13
2024-03-01,Montería,58.5255,13
2024-04-01,Montería,59.1347,13
2024-05-01,Montería,59.1852,13
2024-06-01,Montería,60.6426,13
2024-07-01,Montería,61.3591,13
2024-08-01,Montería,60.7883,13
2024-09-01,Montería,61.2374,13
2024-10-01,Montería,59.7938,13
2024-11-01,Montería,60.7639,13
2024-12-01,Montería,58.2345,13
2025-01-01,Montería,59.7280,13
2025-02-01,Montería,60.7700,13
2025-03-01,Montería,61.5546,13
2025-04-01,Montería,61.3282,13
2025-05-01,Montería,59.2309,13
2025-06-01,Montería,60.3239,13
2025-07-01,Montería,62.7810,13
2025-08-01,Montería,64.0927,13
2025-09-01,Montería,66.0166,13
2025-10-01,Montería,61.9703,13
2025-11-01,Montería,60.4920,13
2025-12-01,Montería,58.2307,13
2026-01-01,Montería,56.1952,13
2026-02-01,Montería,56.1362,13
2026-03-01,Montería,55.8173,13
2026-04-01,Montería,57.2367,13
2026-05-01,Montería,58.6310,13
2026-06-01,Montería,58.7521,13
2026-07-01,Montería,61.4026,13
2021-03-01,Neiva,51.2757,23
2021-04-01,Neiva,50.1085,23
2021-05-01,Neiva,47.4100,23
2021-06-01,Neiva,45.6527,23
2021-07-01,Neiva,44.5403,23
2021-08-01,Neiva,46.4395,23
2021-09-01,Neiva,47.2295,23
2021-10-01,Neiva,48.7937,23
2021-11-01,Neiva,47.1914,23
2021-12-01,Neiva,47.8625,23
2022-01-01,Neiva,48.8782,23
2022-02-01,Neiva,51.4120,23
2022-03-01,Neiva,52.1349,23
2022-04-01,Neiva,50.4203,23
2022-05-01,Neiva,46.0917,23
2022-06-01,Neiva,43.7602,23
2022-07-01,Neiva,44.1189,23
2022-08-01,Neiva,46.6617,23
2022-09-01,Neiva,47.2723,23
2022-10-01,Neiva,46.5349,23
2022-11-01,Neiva,48.9192,23
2022-12-01,Neiva,49.6528,23
2023-01-01,Neiva,51.9473,23
2023-02-01,Neiva,50.9726,23
2023-03-01,Neiva,52.6539,23
2023-04-01,Neiva,51.9162,23
2023-05-01,Neiva,49.6888,23
2023-06-01,Neiva,47.4356,23
2023-07-01,Neiva,46.5682,23
2023-08-01,Neiva,48.3158,23
2023-09-01,Neiva,49.4752,23
2023-10-01,Neiva,50.2437,23
2023-11-01,Neiva,52.8867,23
2023-12-01,Neiva,53.1825,23
2024-01-01,Neiva,52.8820,23
2024-02-01,Neiva,51.1956,23
2024-03-01,Neiva,49.7719,23
2024-04-01,Neiva,48.9465,23
2024-05-01,Neiva,45.6147,23
2024-06-01,Neiva,47.2928,23
2024-07-01,Neiva,48.2748,23
2024-08-01,Neiva,50.6273,23
2024-09-01,Neiva,50.1138,23
2024-10-01,Neiva,48.5361,23
2024-11-01,Neiva,47.7352,23
2024-12-01,Neiva,47.9631,23
2025-01-01,Neiva,50.3585,23
2025-02-01,Neiva,52.2775,23
2025-03-01,Neiva,52.9263,23
2025-04-01,Neiva,52.8280,23
2025-05-01,Neiva,50.0080,23
2025-06-01,Neiva,49.5803,23
2025-07-01,Neiva,51.1736,23
2025-08-01,Neiva,52.8735,23
2025-09-01,Neiva,52.2724,23
2025-10-01,Neiva,51.7170,23
2025-11-01,Neiva,52.8828,23
2025-12-01,Neiva,51.9252,23
2026-01-01,Neiva,50.1553,23
2026-02-01,Neiva,46.9891,23
2026-03-01,Neiva,45.3560,23
2026-04-01,Neiva,45.5888,23
2026-05-01,Neiva,45.9474,23
2026-06-01,Neiva,48.6811,23
2026-07-01,Neiva,48.6665,23
2021-03-01,Pasto,55.8787,13
2021-04-01,Pasto,56.6073,13
2021-05-01,Pasto,54.0681,13
2021-06-01,Pasto,53.7364,13
2021-07-01,Pasto,52.4724,13
2021-08-01,Pasto,54.8049,13
2021-09-01,Pasto,54.8334,13
2021-10-01,Pasto,55.4179,13
2021-11-01,Pasto,54.1047,13
2021-12-01,Pasto,55.0726,13
2022-01-01,Pasto,56.3302,13
2022-02-01,Pasto,57.9553,13
2022-03-01,Pasto,57.2689,13
2022-04-01,Pasto,55.1381,13
2022-05-01,Pasto,53.1359,13
2022-06-01,Pasto,54.9866,13
2022-07-01,Pasto,56.6391,13
2022-08-01,Pasto,58.0245,13
2022-09-01,Pasto,56.5770,13
2022-10-01,Pasto,55.4206,13
2022-11-01,Pasto,53.4917,13
2022-12-01,Pasto,53.4070,13
2023-01-01,Pasto,56.1952,13
2023-02-01,Pasto,57.7105,13
2023-03-01,Pasto,57.6102,13
2023-04-01,Pasto,54.7685,13
2023-05-01,Pasto,53.7937,13
2023-06-01,Pasto,53.6617,13
2023-07-01,Pasto,55.5674,13
2023-08-01,Pasto,55.6535,13
2023-09-01,Pasto,55.3847,13
2023-10-01,Pasto,53.9509,13
2023-11-01,Pasto,52.7582,13
2023-12-01,Pasto,54.2510,13
2024-01-01,Pasto,55.5013,13
2024-02-01,Pasto,57.1590,13
2024-03-01,Pasto,56.3699,13
2024-04-01,Pasto,54.0260,13
2024-05-01,Pasto,52.8313,13
2024-06-01,Pasto,52.0292,13
2024-07-01,Pasto,54.0877,13
2024-08-01,Pasto,55.5014,13
2024-09-01,Pasto,55.8173,13
2024-10-01,Pasto,54.2509,13
2024-11-01,Pasto,53.7785,13
2024-12-01,Pasto,53.7789,13
2025-01-01,Pasto,56.1298,13
2025-02-01,Pasto,56.6338,13
2025-03-01,Pasto,56.9172,13
2025-04-01,Pasto,56.6479,13
2025-05-01,Pasto,55.8003,13
2025-06-01,Pasto,55.6023,13
2025-07-01,Pasto,55.4822,13
2025-08-01,Pasto,55.8201,13
2025-09-01,Pasto,56.8141,13
2025-10-01,Pasto,57.1124,13
2025-11-01,Pasto,56.9051,13
2025-12-01,Pasto,58.2691,13
2026-01-01,Pasto,57.7370,13
2026-02-01,Pasto,57.3833,13
2026-03-01,Pasto,54.4881,13
2026-04-01,Pasto,52.7452,13
2026-05-01,Pasto,52.1385,13
2026-06-01,Pasto,51.3870,13
2026-07-01,Pasto,51.4414,13
2021-03-01,Pereira A.M.,44.7157,13
2021-04-01,Pereira A.M.,44.1026,13
2021-05-01,Pereira A.M.,42.0669,13
2021-06-01,Pereira A.M.,39.6520,13
2021-07-01,Pereira A.M.,38.8559,13
2021-08-01,Pereira A.M.,40.2239,13
2021-09-01,Pereira A.M.,40.9319,13
2021-10-01,Pereira A.M.,41.7476,13
2021-11-01,Pereira A.M.,41.3857,13
2021-12-01,Pereira A.M.,41.1640,13
2022-01-01,Pereira A.M.,42.5339,13
2022-02-01,Pereira A.M.,42.9771,13
2022-03-01,Pereira A.M.,44.3757,13
2022-04-01,Pereira A.M.,43.3498,13
2022-05-01,Pereira A.M.,43.5559,13
2022-06-01,Pereira A.M.,43.9853,13
2022-07-01,Pereira A.M.,42.8335,13
2022-08-01,Pereira A.M.,41.7647,13
2022-09-01,Pereira A.M.,40.9022,13
2022-10-01,Pereira A.M.,40.8050,13
2022-11-01,Pereira A.M.,42.7609,13
2022-12-01,Pereira A.M.,42.6555,13
2023-01-01,Pereira A.M.,46.3831,13
2023-02-01,Pereira A.M.,45.5775,13
2023-03-01,Pereira A.M.,45.5843,13
2023-04-01,Pereira A.M.,43.0811,13
2023-05-01,Pereira A.M.,41.3764,13
2023-06-01,Pereira A.M.,40.8391,13
2023-07-01,Pereira A.M.,41.7896,13
2023-08-01,Pereira A.M.,43.0855,13
2023-09-01,Pereira A.M.,44.7735,13
2023-10-01,Pereira A.M.,42.0873,13
2023-11-01,Pereira A.M.,43.3228,13
2023-12-01,Pereira A.M.,43.0442,13
2024-01-01,Pereira A.M.,44.5067,13
2024-02-01,Pereira A.M.,41.6155,13
2024-03-01,Pereira A.M.,40.1691,13
2024-04-01,Pereira A.M.,39.4324,13
2024-05-01,Pereira A.M.,38.4539,13
2024-06-01,Pereira A.M.,39.5544,13
2024-07-01,Pereira A.M.,38.9740,13
2024-08-01,Pereira A.M.,40.1069,13
2024-09-01,Pereira A.M.,38.1513,13
2024-10-01,Pereira A.M.,36.7693,13
2024-11-01,Pereira A.M.,36.6435,13
2024-12-01,Pereira A.M.,35.8700,13
2025-01-01,Pereira A.M.,35.5441,13
2025-02-01,Pereira A.M.,35.4921,13
2025-03-01,Pereira A.M.,38.0571,13
2025-04-01,Pereira A.M.,40.8163,13
2025-05-01,Pereira A.M.,40.8771,13
2025-06-01,Pereira A.M.,40.5525,13
2025-07-01,Pereira A.M.,41.3572,13
2025-08-01,Pereira A.M.,42.0325,13
2025-09-01,Pereira A.M.,41.9394,13
2025-10-01,Pereira A.M.,40.4653,13
2025-11-01,Pereira A.M.,40.6840,13
2025-12-01,Pereira A.M.,40.0916,13
2026-01-01,Pereira A.M.,41.0072,13
2026-02-01,Pereira A.M.,39.5210,13
2026-03-01,Pereira A.M.,39.3332,13
2026-04-01,Pereira A.M.,39.0689,13
2026-05-01,Pereira A.M.,40.1017,13
2026-06-01,Pereira A.M.,41.0073,13
2026-07-01,Pereira A.M.,40.3979,13
2021-03-01,Popayán,56.9569,23
2021-04-01,Popayán,58.6000,23
2021-05-01,Popayán,57.0612,23
2021-06-01,Popayán,55.1744,23
2021-07-01,Popayán,54.8233,23
2021-08-01,Popayán,56.4155,23
2021-09-01,Popayán,56.8973,23
2021-10-01,Popayán,55.9374,23
2021-11-01,Popayán,55.5912,23
2021-12-01,Popayán,57.5381,23
2022-01-01,Popayán,58.3584,23
2022-02-01,Popayán,58.1802,23
2022-03-01,Popayán,55.9250,23
2022-04-01,Popayán,55.7858,23
2022-05-01,Popayán,53.9893,23
2022-06-01,Popayán,52.0632,23
2022-07-01,Popayán,50.4390,23
2022-08-01,Popayán,53.0184,23
2022-09-01,Popayán,56.5147,23
2022-10-01,Popayán,57.8209,23
2022-11-01,Popayán,59.7909,23
2022-12-01,Popayán,59.8625,23
2023-01-01,Popayán,61.4123,23
2023-02-01,Popayán,59.5879,23
2023-03-01,Popayán,57.3371,23
2023-04-01,Popayán,55.5659,23
2023-05-01,Popayán,56.3143,23
2023-06-01,Popayán,58.8498,23
2023-07-01,Popayán,59.6277,23
2023-08-01,Popayán,59.6622,23
2023-09-01,Popayán,58.2686,23
2023-10-01,Popayán,57.9189,23
2023-11-01,Popayán,56.3483,23
2023-12-01,Popayán,56.8607,23
2024-01-01,Popayán,56.6746,23
2024-02-01,Popayán,57.3906,23
2024-03-01,Popayán,57.5518,23
2024-04-01,Popayán,56.3698,23
2024-05-01,Popayán,55.8994,23
2024-06-01,Popayán,55.0599,23
2024-07-01,Popayán,55.6358,23
2024-08-01,Popayán,56.1583,23
2024-09-01,Popayán,55.8728,23
2024-10-01,Popayán,55.5438,23
2024-11-01,Popayán,56.1085,23
2024-12-01,Popayán,58.4214,23
2025-01-01,Popayán,60.3349,23
2025-02-01,Popayán,61.6296,23
2025-03-01,Popayán,62.4503,23
2025-04-01,Popayán,59.6738,23
2025-05-01,Popayán,57.7354,23
2025-06-01,Popayán,54.3129,23
2025-07-01,Popayán,54.6976,23
2025-08-01,Popayán,54.2888,23
2025-09-01,Popayán,56.0369,23
2025-10-01,Popayán,57.2094,23
2025-11-01,Popayán,57.3331,23
2025-12-01,Popayán,56.9114,23
2026-01-01,Popayán,55.3743,23
2026-02-01,Popayán,54.2468,23
2026-03-01,Popayán,51.9184,23
2026-04-01,Popayán,53.0127,23
2026-05-01,Popayán,53.2534,23
2026-06-01,Popayán,54.6057,23
2026-07-01,Popayán,54.4368,23
2021-03-01,Quibdó,65.6789,23
2021-04-01,Quibdó,65.1466,23
2021-05-01,Quibdó,66.3244,23
2021-06-01,Quibdó,67.5705,23
2021-07-01,Quibdó,69.2369,23
2021-08-01,Quibdó,70.4887,23
2021-09-01,Quibdó,70.3929,23
2021-10-01,Quibdó,71.2531,23
2021-11-01,Quibdó,69.0887,23
2021-12-01,Quibdó,68.8460,23
2022-01-01,Quibdó,68.3080,23
2022-02-01,Quibdó,66.9970,23
2022-03-01,Quibdó,64.9754,23
2022-04-01,Quibdó,63.0493,23
2022-05-01,Quibdó,64.1004,23
2022-06-01,Quibdó,64.7333,23
2022-07-01,Quibdó,65.0892,23
2022-08-01,Quibdó,63.1334,23
2022-09-01,Quibdó,61.6829,23
2022-10-01,Quibdó,59.3059,23
2022-11-01,Quibdó,59.9917,23
2022-12-01,Quibdó,59.6482,23
2023-01-01,Quibdó,63.0729,23
2023-02-01,Quibdó,60.9705,23
2023-03-01,Quibdó,61.1386,23
2023-04-01,Quibdó,59.0098,23
2023-05-01,Quibdó,60.5477,23
2023-06-01,Quibdó,60.7546,23
2023-07-01,Quibdó,59.3348,23
2023-08-01,Quibdó,58.3758,23
2023-09-01,Quibdó,56.6561,23
2023-10-01,Quibdó,56.8719,23
2023-11-01,Quibdó,56.7119,23
2023-12-01,Quibdó,56.7863,23
2024-01-01,Quibdó,56.4767,23
2024-02-01,Quibdó,58.5047,23
2024-03-01,Quibdó,57.0182,23
2024-04-01,Quibdó,56.4083,23
2024-05-01,Quibdó,51.9568,23
2024-06-01,Quibdó,51.9703,23
2024-07-01,Quibdó,51.8264,23
2024-08-01,Quibdó,51.7055,23
2024-09-01,Quibdó,50.7833,23
2024-10-01,Quibdó,50.6593,23
2024-11-01,Quibdó,51.3638,23
2024-12-01,Quibdó,55.6626,23
2025-01-01,Quibdó,59.2251,23
2025-02-01,Quibdó,61.7940,23
2025-03-01,Quibdó,60.0025,23
2025-04-01,Quibdó,58.3680,23
2025-05-01,Quibdó,56.8502,23
2025-06-01,Quibdó,56.9934,23
2025-07-01,Quibdó,56.9188,23
2025-08-01,Quibdó,59.1863,23
2025-09-01,Quibdó,59.5542,23
2025-10-01,Quibdó,59.2492,23
2025-11-01,Quibdó,59.2429,23
2025-12-01,Quibdó,59.8600,23
2026-01-01,Quibdó,60.1188,23
2026-02-01,Quibdó,57.5863,23
2026-03-01,Quibdó,54.1631,23
2026-04-01,Quibdó,53.9549,23
2026-05-01,Quibdó,55.8350,23
2026-06-01,Quibdó,56.9679,23
2026-07-01,Quibdó,56.7516,23
2021-03-01,Riohacha,68.9140,23
2021-04-01,Riohacha,67.4608,23
2021-05-01,Riohacha,69.2119,23
2021-06-01,Riohacha,68.7262,23
2021-07-01,Riohacha,69.2236,23
2021-08-01,Riohacha,69.8365,23
2021-09-01,Riohacha,70.3557,23
2021-10-01,Riohacha,70.8881,23
2021-11-01,Riohacha,68.8125,23
2021-12-01,Riohacha,68.2588,23
2022-01-01,Riohacha,67.0007,23
2022-02-01,Riohacha,68.3344,23
2022-03-01,Riohacha,67.4369,23
2022-04-01,Riohacha,67.9373,23
2022-05-01,Riohacha,65.3531,23
2022-06-01,Riohacha,64.7914,23
2022-07-01,Riohacha,64.7847,23
2022-08-01,Riohacha,68.3217,23
2022-09-01,Riohacha,68.3073,23
2022-10-01,Riohacha,68.8912,23
2022-11-01,Riohacha,67.9874,23
2022-12-01,Riohacha,67.9384,23
2023-01-01,Riohacha,67.5767,23
2023-02-01,Riohacha,67.0535,23
2023-03-01,Riohacha,67.3183,23
2023-04-01,Riohacha,66.7390,23
2023-05-01,Riohacha,64.8662,23
2023-06-01,Riohacha,63.9164,23
2023-07-01,Riohacha,61.7799,23
2023-08-01,Riohacha,62.3862,23
2023-09-01,Riohacha,62.6022,23
2023-10-01,Riohacha,63.8252,23
2023-11-01,Riohacha,61.7084,23
2023-12-01,Riohacha,61.0133,23
2024-01-01,Riohacha,61.0777,23
2024-02-01,Riohacha,61.9961,23
2024-03-01,Riohacha,61.7146,23
2024-04-01,Riohacha,59.6015,23
2024-05-01,Riohacha,58.5662,23
2024-06-01,Riohacha,58.8177,23
2024-07-01,Riohacha,60.9659,23
2024-08-01,Riohacha,61.8076,23
2024-09-01,Riohacha,63.2226,23
2024-10-01,Riohacha,61.4130,23
2024-11-01,Riohacha,62.0461,23
2024-12-01,Riohacha,61.7923,23
2025-01-01,Riohacha,64.8587,23
2025-02-01,Riohacha,64.6956,23
2025-03-01,Riohacha,64.7826,23
2025-04-01,Riohacha,64.5308,23
2025-05-01,Riohacha,63.9566,23
2025-06-01,Riohacha,63.5923,23
2025-07-01,Riohacha,61.8798,23
2025-08-01,Riohacha,62.9903,23
2025-09-01,Riohacha,60.8537,23
2025-10-01,Riohacha,60.8998,23
2025-11-01,Riohacha,58.8717,23
2025-12-01,Riohacha,61.3680,23
2026-01-01,Riohacha,60.7867,23
2026-02-01,Riohacha,62.2435,23
2026-03-01,Riohacha,60.6586,23
2026-04-01,Riohacha,61.1893,23
2026-05-01,Riohacha,61.6131,23
2026-06-01,Riohacha,62.3574,23
2026-07-01,Riohacha,61.9222,23
2021-03-01,Santa Marta,62.4547,23
2021-04-01,Santa Marta,63.8176,23
2021-05-01,Santa Marta,64.2152,23
2021-06-01,Santa Marta,64.6790,23
2021-07-01,Santa Marta,64.4766,23
2021-08-01,Santa Marta,62.8062,23
2021-09-01,Santa Marta,63.4219,23
2021-10-01,Santa Marta,63.6114,23
2021-11-01,Santa Marta,65.2199,23
2021-12-01,Santa Marta,65.4579,23
2022-01-01,Santa Marta,65.1038,23
2022-02-01,Santa Marta,65.1784,23
2022-03-01,Santa Marta,64.6932,23
2022-04-01,Santa Marta,65.9310,23
2022-05-01,Santa Marta,64.2261,23
2022-06-01,Santa Marta,64.5997,23
2022-07-01,Santa Marta,63.1043,23
2022-08-01,Santa Marta,63.3098,23
2022-09-01,Santa Marta,62.8243,23
2022-10-01,Santa Marta,64.6761,23
2022-11-01,Santa Marta,66.4645,23
2022-12-01,Santa Marta,66.6610,23
2023-01-01,Santa Marta,64.5658,23
2023-02-01,Santa Marta,62.8496,23
2023-03-01,Santa Marta,62.9998,23
2023-04-01,Santa Marta,63.8924,23
2023-05-01,Santa Marta,64.0256,23
2023-06-01,Santa Marta,62.9491,23
2023-07-01,Santa Marta,61.5584,23
2023-08-01,Santa Marta,61.3785,23
2023-09-01,Santa Marta,61.3437,23
2023-10-01,Santa Marta,61.1974,23
2023-11-01,Santa Marta,62.0092,23
2023-12-01,Santa Marta,62.3129,23
2024-01-01,Santa Marta,61.4907,23
2024-02-01,Santa Marta,59.9761,23
2024-03-01,Santa Marta,59.1723,23
2024-04-01,Santa Marta,58.7887,23
2024-05-01,Santa Marta,57.7559,23
2024-06-01,Santa Marta,57.8458,23
2024-07-01,Santa Marta,59.3327,23
2024-08-01,Santa Marta,59.9528,23
2024-09-01,Santa Marta,60.8795,23
2024-10-01,Santa Marta,60.1692,23
2024-11-01,Santa Marta,61.4016,23
2024-12-01,Santa Marta,61.2506,23
2025-01-01,Santa Marta,61.7728,23
2025-02-01,Santa Marta,60.8430,23
2025-03-01,Santa Marta,60.8568,23
2025-04-01,Santa Marta,60.6731,23
2025-05-01,Santa Marta,61.1125,23
2025-06-01,Santa Marta,58.7901,23
2025-07-01,Santa Marta,59.1336,23
2025-08-01,Santa Marta,58.0115,23
2025-09-01,Santa Marta,59.2999,23
2025-10-01,Santa Marta,57.3531,23
2025-11-01,Santa Marta,56.5372,23
2025-12-01,Santa Marta,55.9184,23
2026-01-01,Santa Marta,57.4714,23
2026-02-01,Santa Marta,59.5296,23
2026-03-01,Santa Marta,59.9508,23
2026-04-01,Santa Marta,58.7032,23
2026-05-01,Santa Marta,56.8898,23
2026-06-01,Santa Marta,55.9459,23
2026-07-01,Santa Marta,56.4823,23
2021-03-01,Sincelejo,69.2276,23
2021-04-01,Sincelejo,69.4243,23
2021-05-01,Sincelejo,70.9124,23
2021-06-01,Sincelejo,71.1838,23
2021-07-01,Sincelejo,71.3327,23
2021-08-01,Sincelejo,70.9427,23
2021-09-01,Sincelejo,72.5218,23
2021-10-01,Sincelejo,72.1489,23
2021-11-01,Sincelejo,72.9680,23
2021-12-01,Sincelejo,69.8058,23
2022-01-01,Sincelejo,70.3991,23
2022-02-01,Sincelejo,70.1174,23
2022-03-01,Sincelejo,72.3956,23
2022-04-01,Sincelejo,71.9413,23
2022-05-01,Sincelejo,71.6731,23
2022-06-01,Sincelejo,69.8308,23
2022-07-01,Sincelejo,69.1720,23
2022-08-01,Sincelejo,68.8919,23
2022-09-01,Sincelejo,68.3163,23
2022-10-01,Sincelejo,67.5958,23
2022-11-01,Sincelejo,67.0596,23
2022-12-01,Sincelejo,66.3335,23
2023-01-01,Sincelejo,65.6749,23
2023-02-01,Sincelejo,66.1499,23
2023-03-01,Sincelejo,67.4486,23
2023-04-01,Sincelejo,69.2840,23
2023-05-01,Sincelejo,69.1341,23
2023-06-01,Sincelejo,70.0161,23
2023-07-01,Sincelejo,68.7026,23
2023-08-01,Sincelejo,68.7170,23
2023-09-01,Sincelejo,68.3179,23
2023-10-01,Sincelejo,68.9591,23
2023-11-01,Sincelejo,68.4157,23
2023-12-01,Sincelejo,68.0949,23
2024-01-01,Sincelejo,69.0314,23
2024-02-01,Sincelejo,69.5474,23
2024-03-01,Sincelejo,69.8727,23
2024-04-01,Sincelejo,69.5891,23
2024-05-01,Sincelejo,69.6921,23
2024-06-01,Sincelejo,67.9876,23
2024-07-01,Sincelejo,65.8414,23
2024-08-01,Sincelejo,65.7029,23
2024-09-01,Sincelejo,66.7463,23
2024-10-01,Sincelejo,68.7018,23
2024-11-01,Sincelejo,68.5661,23
2024-12-01,Sincelejo,68.2179,23
2025-01-01,Sincelejo,67.4239,23
2025-02-01,Sincelejo,68.1511,23
2025-03-01,Sincelejo,68.8615,23
2025-04-01,Sincelejo,68.5865,23
2025-05-01,Sincelejo,68.5685,23
2025-06-01,Sincelejo,68.0348,23
2025-07-01,Sincelejo,69.5875,23
2025-08-01,Sincelejo,69.1112,23
2025-09-01,Sincelejo,69.0585,23
2025-10-01,Sincelejo,68.8123,23
2025-11-01,Sincelejo,67.0896,23
2025-12-01,Sincelejo,67.8693,23
2026-01-01,Sincelejo,66.9930,23
2026-02-01,Sincelejo,68.3137,23
2026-03-01,Sincelejo,67.2378,23
2026-04-01,Sincelejo,66.7696,23
2026-05-01,Sincelejo,66.7284,23
2026-06-01,Sincelejo,65.6894,23
2026-07-01,Sincelejo,65.2292,23
2021-03-01,Tunja,44.0543,23
2021-04-01,Tunja,40.8877,23
2021-05-01,Tunja,38.5962,23
2021-06-01,Tunja,38.0613,23
2021-07-01,Tunja,38.0444,23
2021-08-01,Tunja,38.7382,23
2021-09-01,Tunja,38.2731,23
2021-10-01,Tunja,39.7521,23
2021-11-01,Tunja,41.6080,23
2021-12-01,Tunja,42.9613,23
2022-01-01,Tunja,41.9763,23
2022-02-01,Tunja,40.8156,23
2022-03-01,Tunja,40.0617,23
2022-04-01,Tunja,39.3995,23
2022-05-01,Tunja,39.4693,23
2022-06-01,Tunja,40.1951,23
2022-07-01,Tunja,41.0947,23
2022-08-01,Tunja,43.2165,23
2022-09-01,Tunja,42.3450,23
2022-10-01,Tunja,41.9123,23
2022-11-01,Tunja,38.7521,23
2022-12-01,Tunja,39.3666,23
2023-01-01,Tunja,39.1570,23
2023-02-01,Tunja,41.6090,23
2023-03-01,Tunja,41.0721,23
2023-04-01,Tunja,39.1840,23
2023-05-01,Tunja,37.6307,23
2023-06-01,Tunja,38.0868,23
2023-07-01,Tunja,41.4752,23
2023-08-01,Tunja,42.6495,23
2023-09-01,Tunja,42.0933,23
2023-10-01,Tunja,40.0044,23
2023-11-01,Tunja,40.7701,23
2023-12-01,Tunja,40.4831,23
2024-01-01,Tunja,41.7547,23
2024-02-01,Tunja,41.3066,23
2024-03-01,Tunja,41.3882,23
2024-04-01,Tunja,39.7612,23
2024-05-01,Tunja,38.5392,23
2024-06-01,Tunja,37.6088,23
2024-07-01,Tunja,38.6896,23
2024-08-01,Tunja,39.5206,23
2024-09-01,Tunja,39.8179,23
2024-10-01,Tunja,38.3266,23
2024-11-01,Tunja,37.8461,23
2024-12-01,Tunja,38.2926,23
2025-01-01,Tunja,39.6190,23
2025-02-01,Tunja,40.8145,23
2025-03-01,Tunja,42.1377,23
2025-04-01,Tunja,42.7555,23
2025-05-01,Tunja,41.7148,23
2025-06-01,Tunja,41.4472,23
2025-07-01,Tunja,40.2062,23
2025-08-01,Tunja,39.9344,23
2025-09-01,Tunja,38.4783,23
2025-10-01,Tunja,39.4172,23
2025-11-01,Tunja,39.4703,23
2025-12-01,Tunja,40.0202,23
2026-01-01,Tunja,38.0578,23
2026-02-01,Tunja,35.7214,23
2026-03-01,Tunja,34.8701,23
2026-04-01,Tunja,34.7606,23
2026-05-01,Tunja,35.5804,23
2026-06-01,Tunja,35.1388,23
2026-07-01,Tunja,35.7232,23
2021-03-01,Valledupar,64.9252,23
2021-04-01,Valledupar,63.7806,23
2021-05-01,Valledupar,64.9541,23
2021-06-01,Valledupar,66.0385,23
2021-07-01,Valledupar,67.3546,23
2021-08-01,Valledupar,67.2089,23
2021-09-01,Valledupar,66.9090,23
2021-10-01,Valledupar,67.5924,23
2021-11-01,Valledupar,67.8155,23
2021-12-01,Valledupar,66.1997,23
2022-01-01,Valledupar,64.6124,23
2022-02-01,Valledupar,64.1545,23
2022-03-01,Valledupar,65.2862,23
2022-04-01,Valledupar,66.3676,23
2022-05-01,Valledupar,66.4360,23
2022-06-01,Valledupar,67.0643,23
2022-07-01,Valledupar,67.6478,23
2022-08-01,Valledupar,67.2015,23
2022-09-01,Valledupar,67.0106,23
2022-10-01,Valledupar,67.3644,23
2022-11-01,Valledupar,69.1695,23
2022-12-01,Valledupar,69.3969,23
2023-01-01,Valledupar,67.8643,23
2023-02-01,Valledupar,64.7440,23
2023-03-01,Valledupar,62.8916,23
2023-04-01,Valledupar,62.5657,23
2023-05-01,Valledupar,64.1723,23
2023-06-01,Valledupar,63.2392,23
2023-07-01,Valledupar,64.9394,23
2023-08-01,Valledupar,64.5763,23
2023-09-01,Valledupar,65.5759,23
2023-10-01,Valledupar,64.0491,23
2023-11-01,Valledupar,64.2690,23
2023-12-01,Valledupar,64.6960,23
2024-01-01,Valledupar,63.9927,23
2024-02-01,Valledupar,62.5421,23
2024-03-01,Valledupar,60.4055,23
2024-04-01,Valledupar,60.0753,23
2024-05-01,Valledupar,59.5416,23
2024-06-01,Valledupar,59.5704,23
2024-07-01,Valledupar,61.0039,23
2024-08-01,Valledupar,61.9528,23
2024-09-01,Valledupar,62.1853,23
2024-10-01,Valledupar,60.4921,23
2024-11-01,Valledupar,61.0668,23
2024-12-01,Valledupar,62.9754,23
2025-01-01,Valledupar,65.4923,23
2025-02-01,Valledupar,65.3191,23
2025-03-01,Valledupar,64.4098,23
2025-04-01,Valledupar,63.6229,23
2025-05-01,Valledupar,63.6412,23
2025-06-01,Valledupar,63.5606,23
2025-07-01,Valledupar,64.2389,23
2025-08-01,Valledupar,64.8619,23
2025-09-01,Valledupar,65.3608,23
2025-10-01,Valledupar,64.7427,23
2025-11-01,Valledupar,65.3685,23
2025-12-01,Valledupar,65.9578,23
2026-01-01,Valledupar,65.9183,23
2026-02-01,Valledupar,63.3836,23
2026-03-01,Valledupar,62.2096,23
2026-04-01,Valledupar,60.5399,23
2026-05-01,Valledupar,62.3384,23
2026-06-01,Valledupar,60.6530,23
2026-07-01,Valledupar,61.3128,23
2021-03-01,Villavicencio,54.4136,13
2021-04-01,Villavicencio,55.4255,13
2021-05-01,Villavicencio,55.4574,13
2021-06-01,Villavicencio,56.7555,13
2021-07-01,Villavicencio,57.2567,13
2021-08-01,Villavicencio,56.8424,13
2021-09-01,Villavicencio,55.0074,13
2021-10-01,Villavicencio,54.2485,13
2021-11-01,Villavicencio,54.2132,13
2021-12-01,Villavicencio,54.6162,13
2022-01-01,Villavicencio,53.5406,13
2022-02-01,Villavicencio,53.8590,13
2022-03-01,Villavicencio,53.5201,13
2022-04-01,Villavicencio,55.0905,13
2022-05-01,Villavicencio,55.1059,13
2022-06-01,Villavicencio,54.0734,13
2022-07-01,Villavicencio,52.6262,13
2022-08-01,Villavicencio,51.8639,13
2022-09-01,Villavicencio,51.8941,13
2022-10-01,Villavicencio,51.8510,13
2022-11-01,Villavicencio,50.3150,13
2022-12-01,Villavicencio,52.8832,13
2023-01-01,Villavicencio,54.6069,13
2023-02-01,Villavicencio,56.2598,13
2023-03-01,Villavicencio,55.5611,13
2023-04-01,Villavicencio,55.4259,13
2023-05-01,Villavicencio,55.3162,13
2023-06-01,Villavicencio,54.2791,13
2023-07-01,Villavicencio,53.1152,13
2023-08-01,Villavicencio,53.7061,13
2023-09-01,Villavicencio,53.8512,13
2023-10-01,Villavicencio,54.1815,13
2023-11-01,Villavicencio,53.3562,13
2023-12-01,Villavicencio,53.5507,13
2024-01-01,Villavicencio,54.0205,13
2024-02-01,Villavicencio,54.5641,13
2024-03-01,Villavicencio,55.0358,13
2024-04-01,Villavicencio,53.9617,13
2024-05-01,Villavicencio,53.8517,13
2024-06-01,Villavicencio,52.1085,13
2024-07-01,Villavicencio,52.1341,13
2024-08-01,Villavicencio,51.5793,13
2024-09-01,Villavicencio,51.4543,13
2024-10-01,Villavicencio,51.1479,13
2024-11-01,Villavicencio,51.8095,13
2024-12-01,Villavicencio,52.3922,13
2025-01-01,Villavicencio,52.7625,13
2025-02-01,Villavicencio,52.2135,13
2025-03-01,Villavicencio,53.6138,13
2025-04-01,Villavicencio,54.5396,13
2025-05-01,Villavicencio,55.6101,13
2025-06-01,Villavicencio,54.6995,13
2025-07-01,Villavicencio,53.0894,13
2025-08-01,Villavicencio,51.6998,13
2025-09-01,Villavicencio,51.5439,13
2025-10-01,Villavicencio,52.8657,13
2025-11-01,Villavicencio,53.8135,13
2025-12-01,Villavicencio,54.1541,13
2026-01-01,Villavicencio,52.8719,13
2026-02-01,Villavicencio,52.7990,13
2026-03-01,Villavicencio,51.4204,13
2026-04-01,Villavicencio,52.3122,13
2026-05-01,Villavicencio,52.4265,13
2026-06-01,Villavicencio,53.2516,13
2026-07-01,Villavicencio,54.1229,13
