fecha,periodo,nacional,ciudades_13,ciudades_23
2021-03-01,2021-03,60.6531,45.9122,47.2748
2021-04-01,2021-04,60.4614,46.3571,47.6661
2021-05-01,2021-05,59.5312,45.5177,46.8738
2021-06-01,2021-06,59.2289,45.2545,46.6028
2021-07-01,2021-07,59.1341,44.5419,45.9541
2021-08-01,2021-08,59.6509,44.9816,46.3532
2021-09-01,2021-09,59.2401,44.4975,45.9696
2021-10-01,2021-10,59.2476,44.9430,46.3698
2021-11-01,2021-11,58.5972,44.3125,45.8215
2021-12-01,2021-12,58.7160,44.2174,45.7066
2022-01-01,2022-01,58.0337,43.2369,44.7919
2022-02-01,2022-02,58.3568,43.1318,44.6810
2022-03-01,2022-03,58.4531,43.4678,44.9744
2022-04-01,2022-04,58.7885,44.1817,45.6274
2022-05-01,2022-05,58.0240,44.1055,45.4405
2022-06-01,2022-06,57.7420,43.9712,45.2657
2022-07-01,2022-07,57.8015,43.8600,45.1253
2022-08-01,2022-08,57.8996,43.4303,44.7946
2022-09-01,2022-09,58.0312,43.6684,45.0126
2022-10-01,2022-10,57.8505,43.7592,45.0959
2022-11-01,2022-11,57.9904,43.5317,44.9817
2022-12-01,2022-12,57.5710,42.7140,44.2607
2023-01-01,2023-01,57.6548,42.0143,43.6584
2023-02-01,2023-02,57.8209,42.5477,44.0500
2023-03-01,2023-03,58.1668,42.7789,44.2234
2023-04-01,2023-04,57.4729,42.3762,43.8185
2023-05-01,2023-05,56.6350,41.8293,43.2988
2023-06-01,2023-06,55.7343,41.2369,42.7208
2023-07-01,2023-07,55.9189,41.5168,42.9918
2023-08-01,2023-08,55.9689,41.3570,42.8680
2023-09-01,2023-09,56.0969,41.3871,42.9197
2023-10-01,2023-10,55.7022,41.3627,42.8557
2023-11-01,2023-11,55.4645,41.4313,42.9318
2023-12-01,2023-12,55.5149,41.4837,42.9658
2024-01-01,2024-01,55.6924,41.1743,42.6572
2024-02-01,2024-02,56.2987,41.5328,42.9316
2024-03-01,2024-03,56.2589,41.3781,42.7311
2024-04-01,2024-04,56.2728,41.5959,42.8487
2024-05-01,2024-05,55.8322,41.4803,42.6427
2024-06-01,2024-06,55.7817,41.6273,42.7521
2024-07-01,2024-07,55.8709,41.8716,43.0461
2024-08-01,2024-08,55.9810,41.8234,43.0777
2024-09-01,2024-09,55.8344,41.9944,43.2644
2024-10-01,2024-10,55.5902,42.4618,43.6246
2024-11-01,2024-11,55.3399,42.4306,43.6349
2024-12-01,2024-12,55.7494,42.4738,43.7606
2025-01-01,2025-01,56.0318,42.1000,43.5723
2025-02-01,2025-02,56.8382,42.5985,44.0552
2025-03-01,2025-03,57.1704,43.1401,44.5419
2025-04-01,2025-04,56.7734,42.5337,43.9335
2025-05-01,2025-05,55.9315,42.2870,43.6582
2025-06-01,2025-06,55.0417,41.6982,43.0407
2025-07-01,2025-07,54.9770,41.9833,43.3243
2025-08-01,2025-08,55.1809,41.9158,43.2559
2025-09-01,2025-09,55.0064,41.6114,43.0041
2025-10-01,2025-10,55.4404,42.4542,43.7388
2025-11-01,2025-11,55.3547,42.2683,43.5782
2025-12-01,2025-12,55.6837,42.2973,43.6069
2026-01-01,2026-01,55.3347,41.0347,42.4275
2026-02-01,2026-02,55.3018,41.0826,42.4074
2026-03-01,2026-03,55.3275,40.9903,42.2527
2026-04-01,2026-04,55.0506,41.1688,42.3569
2026-05-01,2026-05,54.6979,40.7040,41.9436
2026-06-01,2026-06,54.5175,40.6909,41.9423
2026-07-01,2026-07,54.6090,40.5692,41.8845
