fecha,rama,ocupados,informales,tasa
2021-03-01,Agro y pesca,3094.3430,2730.3020,88.2350
2021-04-01,Agro y pesca,3044.6070,2714.6480,89.1630
2021-05-01,Agro y pesca,3116.4920,2720.0410,87.2790
2021-06-01,Agro y pesca,3071.5440,2733.7820,89.0040
2021-07-01,Agro y pesca,3208.0940,2829.6260,88.2030
2021-08-01,Agro y pesca,3193.1060,2873.2920,89.9840
2021-09-01,Agro y pesca,3152.4770,2837.2760,90.0010
2021-10-01,Agro y pesca,3136.1570,2785.1530,88.8080
2021-11-01,Agro y pesca,3137.7070,2746.6770,87.5380
2021-12-01,Agro y pesca,3199.1450,2757.6740,86.2000
2022-01-01,Agro y pesca,3097.2880,2673.5760,86.3200
2022-02-01,Agro y pesca,3083.8400,2689.5310,87.2140
2022-03-01,Agro y pesca,3139.6530,2754.0740,87.7190
2022-04-01,Agro y pesca,3178.7150,2833.6210,89.1440
2022-05-01,Agro y pesca,3319.4600,2889.3390,87.0420
2022-06-01,Agro y pesca,3298.1420,2815.7560,85.3740
2022-07-01,Agro y pesca,3367.3820,2845.9390,84.5150
2022-08-01,Agro y pesca,3229.1990,2804.7690,86.8560
2022-09-01,Agro y pesca,3224.4190,2866.3560,88.8950
2022-10-01,Agro y pesca,3261.4110,2889.1910,88.5870
2022-11-01,Agro y pesca,3294.5910,2887.3440,87.6390
2022-12-01,Agro y pesca,3234.3300,2803.1440,86.6680
2023-01-01,Agro y pesca,3087.0120,2703.7650,87.5850
2023-02-01,Agro y pesca,3096.1870,2724.8130,88.0050
2023-03-01,Agro y pesca,3243.7020,2869.8060,88.4730
2023-04-01,Agro y pesca,3346.1680,2949.3750,88.1420
2023-05-01,Agro y pesca,3410.8660,2946.3920,86.3830
2023-06-01,Agro y pesca,3325.6720,2833.4240,85.1990
2023-07-01,Agro y pesca,3353.7100,2842.3870,84.7540
2023-08-01,Agro y pesca,3306.0310,2851.9340,86.2650
2023-09-01,Agro y pesca,3271.2480,2876.9960,87.9480
2023-10-01,Agro y pesca,3289.1930,2852.9370,86.7370
2023-11-01,Agro y pesca,3293.5870,2839.0070,86.1980
2023-12-01,Agro y pesca,3281.0800,2802.4300,85.4120
2024-01-01,Agro y pesca,3214.0500,2764.2560,86.0050
2024-02-01,Agro y pesca,3181.2800,2758.3280,86.7050
2024-03-01,Agro y pesca,3244.7360,2797.1700,86.2060
2024-04-01,Agro y pesca,3229.5210,2832.6580,87.7110
2024-05-01,Agro y pesca,3298.5580,2859.6820,86.6950
2024-06-01,Agro y pesca,3287.8650,2873.8150,87.4070
2024-07-01,Agro y pesca,3362.1020,2925.0590,87.0010
2024-08-01,Agro y pesca,3346.9640,2942.2270,87.9070
2024-09-01,Agro y pesca,3339.1620,2960.9140,88.6720
2024-10-01,Agro y pesca,3329.3440,2906.0300,87.2850
2024-11-01,Agro y pesca,3294.7120,2861.1050,86.8390
2024-12-01,Agro y pesca,3261.9670,2796.0480,85.7170
2025-01-01,Agro y pesca,3218.2310,2767.3640,85.9900
2025-02-01,Agro y pesca,3242.4970,2812.3740,86.7350
2025-03-01,Agro y pesca,3420.6930,2919.2060,85.3400
2025-04-01,Agro y pesca,3408.1090,2940.8460,86.2900
2025-05-01,Agro y pesca,3455.5460,2914.7930,84.3510
2025-06-01,Agro y pesca,3334.0390,2851.3860,85.5230
2025-07-01,Agro y pesca,3421.3370,2892.9080,84.5550
2025-08-01,Agro y pesca,3305.3090,2853.6800,86.3360
2025-09-01,Agro y pesca,3322.0160,2878.4710,86.6480
2025-10-01,Agro y pesca,3406.8530,2928.5550,85.9610
2025-11-01,Agro y pesca,3555.1840,3034.5070,85.3540
2025-12-01,Agro y pesca,3467.6640,2947.2230,84.9920
2026-01-01,Agro y pesca,3308.4080,2836.2420,85.7280
2026-02-01,Agro y pesca,3107.7570,2664.5230,85.7380
2026-03-01,Agro y pesca,3219.3910,2717.7250,84.4170
2026-04-01,Agro y pesca,3215.2880,2727.9410,84.8430
2026-05-01,Agro y pesca,3371.3160,2845.6320,84.4070
2026-06-01,Agro y pesca,3317.1770,2831.3420,85.3540
2026-07-01,Agro y pesca,3327.5660,2829.3750,85.0280
2021-03-01,Alojamiento y comida,1249.0290,1005.4970,80.5020
2021-04-01,Alojamiento y comida,1278.7390,1041.6940,81.4630
2021-05-01,Alojamiento y comida,1243.7270,989.2590,79.5400
2021-06-01,Alojamiento y comida,1256.0930,1003.5910,79.8980
2021-07-01,Alojamiento y comida,1302.9600,1023.0320,78.5160
2021-08-01,Alojamiento y comida,1358.8340,1077.9840,79.3320
2021-09-01,Alojamiento y comida,1364.6390,1052.3300,77.1140
2021-10-01,Alojamiento y comida,1374.4990,1068.4460,77.7330
2021-11-01,Alojamiento y comida,1349.9490,1033.7510,76.5770
2021-12-01,Alojamiento y comida,1393.2300,1076.4410,77.2620
2022-01-01,Alojamiento y comida,1339.1310,1003.9750,74.9720
2022-02-01,Alojamiento y comida,1392.3950,1049.1660,75.3500
2022-03-01,Alojamiento y comida,1400.3340,1053.1750,75.2090
2022-04-01,Alojamiento y comida,1490.3740,1142.8100,76.6790
2022-05-01,Alojamiento y comida,1465.3110,1118.6940,76.3450
2022-06-01,Alojamiento y comida,1478.3760,1126.2140,76.1790
2022-07-01,Alojamiento y comida,1461.5920,1111.0750,76.0180
2022-08-01,Alojamiento y comida,1500.1700,1148.3830,76.5500
2022-09-01,Alojamiento y comida,1546.9960,1193.4070,77.1440
2022-10-01,Alojamiento y comida,1557.3620,1200.2350,77.0680
2022-11-01,Alojamiento y comida,1537.8000,1178.5000,76.6350
2022-12-01,Alojamiento y comida,1504.9460,1142.4800,75.9150
2023-01-01,Alojamiento y comida,1533.3830,1169.7730,76.2870
2023-02-01,Alojamiento y comida,1586.4240,1232.7050,77.7030
2023-03-01,Alojamiento y comida,1625.6690,1270.0580,78.1250
2023-04-01,Alojamiento y comida,1669.0290,1290.3510,77.3110
2023-05-01,Alojamiento y comida,1642.3910,1247.9690,75.9850
2023-06-01,Alojamiento y comida,1619.8370,1220.9730,75.3760
2023-07-01,Alojamiento y comida,1592.1200,1189.4030,74.7060
2023-08-01,Alojamiento y comida,1640.9430,1221.7660,74.4550
2023-09-01,Alojamiento y comida,1647.6080,1209.9050,73.4340
2023-10-01,Alojamiento y comida,1692.7350,1250.7160,73.8870
2023-11-01,Alojamiento y comida,1654.3130,1229.0690,74.2950
2023-12-01,Alojamiento y comida,1662.8000,1264.3760,76.0390
2024-01-01,Alojamiento y comida,1587.3790,1204.9130,75.9060
2024-02-01,Alojamiento y comida,1589.7540,1196.7530,75.2790
2024-03-01,Alojamiento y comida,1564.1870,1174.0400,75.0580
2024-04-01,Alojamiento y comida,1642.8440,1240.8320,75.5300
2024-05-01,Alojamiento y comida,1676.5650,1260.6560,75.1930
2024-06-01,Alojamiento y comida,1715.3970,1273.7830,74.2560
2024-07-01,Alojamiento y comida,1664.2810,1224.5990,73.5810
2024-08-01,Alojamiento y comida,1705.3800,1262.0030,74.0010
2024-09-01,Alojamiento y comida,1729.2920,1264.3420,73.1130
2024-10-01,Alojamiento y comida,1746.2280,1297.2620,74.2890
2024-11-01,Alojamiento y comida,1706.3960,1266.7460,74.2350
2024-12-01,Alojamiento y comida,1756.4780,1334.4140,75.9710
2025-01-01,Alojamiento y comida,1781.0400,1349.4080,75.7650
2025-02-01,Alojamiento y comida,1805.3890,1372.4470,76.0190
2025-03-01,Alojamiento y comida,1743.4900,1319.6220,75.6880
2025-04-01,Alojamiento y comida,1780.1570,1337.0450,75.1080
2025-05-01,Alojamiento y comida,1783.1730,1331.7400,74.6840
2025-06-01,Alojamiento y comida,1798.3950,1353.2570,75.2480
2025-07-01,Alojamiento y comida,1782.3680,1320.1220,74.0660
2025-08-01,Alojamiento y comida,1815.6590,1345.1630,74.0870
2025-09-01,Alojamiento y comida,1868.2420,1370.4180,73.3530
2025-10-01,Alojamiento y comida,1916.1290,1447.4040,75.5380
2025-11-01,Alojamiento y comida,1937.7930,1462.0600,75.4500
2025-12-01,Alojamiento y comida,1927.5400,1469.3590,76.2300
2026-01-01,Alojamiento y comida,1822.7980,1389.7940,76.2450
2026-02-01,Alojamiento y comida,1766.5870,1375.2610,77.8490
2026-03-01,Alojamiento y comida,1719.0520,1334.4950,77.6300
2026-04-01,Alojamiento y comida,1802.0500,1399.9860,77.6880
2026-05-01,Alojamiento y comida,1841.4870,1382.9270,75.0980
2026-06-01,Alojamiento y comida,1943.0080,1442.7690,74.2540
2026-07-01,Alojamiento y comida,1904.5070,1389.6150,72.9650
2021-03-01,"Arte, hogares y otros",1566.4310,1253.1650,80.0010
2021-04-01,"Arte, hogares y otros",1535.6800,1231.5810,80.1980
2021-05-01,"Arte, hogares y otros",1520.1510,1197.2200,78.7570
2021-06-01,"Arte, hogares y otros",1470.4680,1156.5130,78.6490
2021-07-01,"Arte, hogares y otros",1501.3010,1166.5790,77.7050
2021-08-01,"Arte, hogares y otros",1524.1710,1185.4340,77.7760
2021-09-01,"Arte, hogares y otros",1578.1130,1207.5810,76.5210
2021-10-01,"Arte, hogares y otros",1621.4710,1249.6370,77.0680
2021-11-01,"Arte, hogares y otros",1637.4440,1250.1840,76.3500
2021-12-01,"Arte, hogares y otros",1703.5680,1322.2450,77.6160
2022-01-01,"Arte, hogares y otros",1700.4160,1302.7560,76.6140
2022-02-01,"Arte, hogares y otros",1754.0680,1362.2990,77.6650
2022-03-01,"Arte, hogares y otros",1736.5590,1326.2520,76.3720
2022-04-01,"Arte, hogares y otros",1785.2600,1354.6660,75.8810
2022-05-01,"Arte, hogares y otros",1824.8670,1361.1050,74.5870
2022-06-01,"Arte, hogares y otros",1891.6530,1432.6150,75.7330
2022-07-01,"Arte, hogares y otros",1873.9830,1429.6850,76.2910
2022-08-01,"Arte, hogares y otros",1832.3070,1382.5590,75.4550
2022-09-01,"Arte, hogares y otros",1799.9430,1347.7360,74.8770
2022-10-01,"Arte, hogares y otros",1864.3600,1406.6760,75.4510
2022-11-01,"Arte, hogares y otros",1929.2750,1484.0260,76.9210
2022-12-01,"Arte, hogares y otros",1977.4330,1495.0560,75.6060
2023-01-01,"Arte, hogares y otros",1950.3830,1449.7560,74.3320
2023-02-01,"Arte, hogares y otros",1895.6580,1389.0090,73.2730
2023-03-01,"Arte, hogares y otros",1872.5390,1394.6100,74.4770
2023-04-01,"Arte, hogares y otros",1872.2520,1387.1230,74.0880
2023-05-01,"Arte, hogares y otros",1838.3410,1355.8110,73.7520
2023-06-01,"Arte, hogares y otros",1880.7760,1382.3180,73.4970
2023-07-01,"Arte, hogares y otros",1916.2420,1415.8790,73.8880
2023-08-01,"Arte, hogares y otros",1981.8270,1462.4370,73.7920
2023-09-01,"Arte, hogares y otros",1966.3430,1440.6360,73.2650
2023-10-01,"Arte, hogares y otros",1960.7870,1439.2540,73.4020
2023-11-01,"Arte, hogares y otros",1988.0530,1439.7580,72.4200
2023-12-01,"Arte, hogares y otros",1978.6780,1424.5940,71.9970
2024-01-01,"Arte, hogares y otros",1985.5700,1410.9140,71.0580
2024-02-01,"Arte, hogares y otros",1973.5930,1433.1130,72.6140
2024-03-01,"Arte, hogares y otros",1949.9940,1414.0020,72.5130
2024-04-01,"Arte, hogares y otros",1915.6880,1413.5790,73.7900
2024-05-01,"Arte, hogares y otros",1911.7170,1399.4490,73.2040
2024-06-01,"Arte, hogares y otros",1924.9080,1429.8740,74.2830
2024-07-01,"Arte, hogares y otros",1955.8750,1439.3030,73.5890
2024-08-01,"Arte, hogares y otros",2009.5350,1471.2180,73.2120
2024-09-01,"Arte, hogares y otros",2032.9330,1469.9780,72.3080
2024-10-01,"Arte, hogares y otros",2050.4140,1485.0740,72.4280
2024-11-01,"Arte, hogares y otros",2025.3490,1483.0080,73.2220
2024-12-01,"Arte, hogares y otros",2028.0200,1490.8940,73.5150
2025-01-01,"Arte, hogares y otros",2021.5640,1485.9170,73.5030
2025-02-01,"Arte, hogares y otros",1959.6760,1447.7050,73.8750
2025-03-01,"Arte, hogares y otros",1953.7020,1453.9730,74.4210
2025-04-01,"Arte, hogares y otros",1923.5570,1424.3330,74.0470
2025-05-01,"Arte, hogares y otros",1958.3880,1431.8630,73.1140
2025-06-01,"Arte, hogares y otros",1915.5390,1380.2140,72.0540
2025-07-01,"Arte, hogares y otros",1945.6810,1401.8280,72.0480
2025-08-01,"Arte, hogares y otros",1978.9610,1439.6310,72.7470
2025-09-01,"Arte, hogares y otros",2028.2370,1479.6110,72.9510
2025-10-01,"Arte, hogares y otros",2010.5240,1470.8910,73.1600
2025-11-01,"Arte, hogares y otros",2030.9640,1482.4660,72.9930
2025-12-01,"Arte, hogares y otros",2068.6040,1514.3870,73.2080
2026-01-01,"Arte, hogares y otros",2072.8080,1516.0670,73.1410
2026-02-01,"Arte, hogares y otros",2047.0300,1499.5630,73.2560
2026-03-01,"Arte, hogares y otros",2016.1530,1477.6740,73.2920
2026-04-01,"Arte, hogares y otros",2048.8510,1497.5770,73.0940
2026-05-01,"Arte, hogares y otros",2038.1110,1477.7670,72.5070
2026-06-01,"Arte, hogares y otros",2018.7230,1461.7290,72.4090
2026-07-01,"Arte, hogares y otros",2026.0220,1473.4470,72.7260
2021-03-01,Comercio,3685.2320,2390.5950,64.8700
2021-04-01,Comercio,3713.9990,2380.3620,64.0920
2021-05-01,Comercio,3652.5090,2285.8520,62.5830
2021-06-01,Comercio,3683.6550,2261.2280,61.3850
2021-07-01,Comercio,3690.8390,2233.9980,60.5280
2021-08-01,Comercio,3729.7940,2257.1000,60.5150
2021-09-01,Comercio,3693.0910,2229.2810,60.3640
2021-10-01,Comercio,3718.5850,2282.7320,61.3870
2021-11-01,Comercio,3801.6430,2330.9520,61.3140
2021-12-01,Comercio,3881.2550,2385.8200,61.4700
2022-01-01,Comercio,3928.8850,2413.5650,61.4310
2022-02-01,Comercio,3966.6750,2430.1570,61.2640
2022-03-01,Comercio,3961.3760,2440.3310,61.6030
2022-04-01,Comercio,3992.5870,2444.7720,61.2330
2022-05-01,Comercio,3896.9410,2401.2640,61.6190
2022-06-01,Comercio,3913.9540,2392.5990,61.1300
2022-07-01,Comercio,3871.9260,2405.7780,62.1340
2022-08-01,Comercio,3970.6600,2439.7960,61.4460
2022-09-01,Comercio,3990.6490,2421.1970,60.6720
2022-10-01,Comercio,4068.6930,2442.6960,60.0360
2022-11-01,Comercio,4087.3910,2454.0570,60.0400
2022-12-01,Comercio,4015.4360,2391.3130,59.5530
2023-01-01,Comercio,3951.4270,2355.9590,59.6230
2023-02-01,Comercio,3953.0350,2348.1730,59.4020
2023-03-01,Comercio,4000.7650,2420.3470,60.4970
2023-04-01,Comercio,4009.4980,2391.1570,59.6370
2023-05-01,Comercio,4009.0300,2373.0350,59.1920
2023-06-01,Comercio,4042.5570,2369.2830,58.6090
2023-07-01,Comercio,4078.3680,2374.5630,58.2230
2023-08-01,Comercio,4012.0730,2341.6860,58.3660
2023-09-01,Comercio,4009.4280,2353.2850,58.6940
2023-10-01,Comercio,3983.8080,2369.4510,59.4770
2023-11-01,Comercio,3998.4630,2339.8210,58.5180
2023-12-01,Comercio,4026.0550,2325.8090,57.7690
2024-01-01,Comercio,4002.0950,2319.0030,57.9450
2024-02-01,Comercio,3998.5310,2347.8590,58.7180
2024-03-01,Comercio,3980.2210,2327.5050,58.4770
2024-04-01,Comercio,4011.3640,2322.4290,57.8960
2024-05-01,Comercio,4020.9830,2315.6820,57.5900
2024-06-01,Comercio,4003.5500,2326.5900,58.1130
2024-07-01,Comercio,3996.1100,2327.8950,58.2540
2024-08-01,Comercio,4028.2530,2356.8080,58.5070
2024-09-01,Comercio,4038.9310,2348.0320,58.1350
2024-10-01,Comercio,4135.4390,2411.1830,58.3050
2024-11-01,Comercio,4131.4220,2392.1250,57.9010
2024-12-01,Comercio,4199.5020,2428.7010,57.8330
2025-01-01,Comercio,4160.0370,2411.7780,57.9750
2025-02-01,Comercio,4166.1810,2466.8130,59.2100
2025-03-01,Comercio,4138.3790,2512.4750,60.7120
2025-04-01,Comercio,4132.7910,2485.6680,60.1450
2025-05-01,Comercio,4140.1280,2423.6170,58.5400
2025-06-01,Comercio,4124.4120,2319.7420,56.2440
2025-07-01,Comercio,4103.7420,2297.8800,55.9950
2025-08-01,Comercio,4039.4230,2289.5790,56.6810
2025-09-01,Comercio,4008.3280,2270.0810,56.6340
2025-10-01,Comercio,4000.3070,2305.7250,57.6390
2025-11-01,Comercio,4071.9720,2312.7210,56.7960
2025-12-01,Comercio,4146.4920,2355.5930,56.8090
2026-01-01,Comercio,4131.0450,2285.8410,55.3330
2026-02-01,Comercio,4117.8810,2305.8180,55.9950
2026-03-01,Comercio,4125.3690,2348.3410,56.9240
2026-04-01,Comercio,4141.2600,2342.3940,56.5620
2026-05-01,Comercio,4171.7620,2340.6880,56.1080
2026-06-01,Comercio,4113.3320,2277.2140,55.3620
2026-07-01,Comercio,4173.4380,2332.0140,55.8780
2021-03-01,Construcción,1477.8850,1065.9020,72.1240
2021-04-01,Construcción,1507.4950,1083.1080,71.8480
2021-05-01,Construcción,1519.0540,1097.6100,72.2560
2021-06-01,Construcción,1437.5960,1056.6950,73.5040
2021-07-01,Construcción,1428.9120,1067.0650,74.6770
2021-08-01,Construcción,1490.8920,1088.1230,72.9850
2021-09-01,Construcción,1499.2230,1087.0460,72.5070
2021-10-01,Construcción,1495.2600,1061.3560,70.9810
2021-11-01,Construcción,1517.1280,1088.7230,71.7620
2021-12-01,Construcción,1542.2890,1103.5530,71.5530
2022-01-01,Construcción,1571.3570,1117.8620,71.1400
2022-02-01,Construcción,1550.1910,1091.4620,70.4080
2022-03-01,Construcción,1531.8370,1068.5340,69.7550
2022-04-01,Construcción,1520.2240,1063.1020,69.9310
2022-05-01,Construcción,1507.6390,1035.8380,68.7060
2022-06-01,Construcción,1551.6380,1077.9090,69.4690
2022-07-01,Construcción,1538.4230,1064.7250,69.2090
2022-08-01,Construcción,1589.3210,1082.9790,68.1410
2022-09-01,Construcción,1543.8400,1042.3740,67.5180
2022-10-01,Construcción,1542.8920,1040.9430,67.4670
2022-11-01,Construcción,1493.9760,1043.1430,69.8230
2022-12-01,Construcción,1559.3000,1092.1350,70.0400
2023-01-01,Construcción,1535.6110,1096.0430,71.3750
2023-02-01,Construcción,1537.0620,1092.0580,71.0480
2023-03-01,Construcción,1512.3510,1079.9010,71.4050
2023-04-01,Construcción,1572.9530,1089.3530,69.2550
2023-05-01,Construcción,1542.1400,1055.1910,68.4240
2023-06-01,Construcción,1547.6630,1046.6180,67.6260
2023-07-01,Construcción,1589.6960,1082.2120,68.0770
2023-08-01,Construcción,1650.8140,1114.7620,67.5280
2023-09-01,Construcción,1617.4170,1081.5390,66.8680
2023-10-01,Construcción,1552.0630,1025.9550,66.1030
2023-11-01,Construcción,1560.7990,1039.5300,66.6020
2023-12-01,Construcción,1584.0120,1069.6630,67.5290
2024-01-01,Construcción,1563.8520,1072.7180,68.5950
2024-02-01,Construcción,1508.0960,1020.7570,67.6850
2024-03-01,Construcción,1488.2850,1004.7880,67.5130
2024-04-01,Construcción,1530.8310,1010.1550,65.9870
2024-05-01,Construcción,1570.1060,1041.1040,66.3080
2024-06-01,Construcción,1556.9380,1001.6980,64.3380
2024-07-01,Construcción,1560.3540,1023.6720,65.6050
2024-08-01,Construcción,1540.1290,999.0390,64.8670
2024-09-01,Construcción,1539.3920,1016.8260,66.0540
2024-10-01,Construcción,1539.9920,1008.7340,65.5030
2024-11-01,Construcción,1528.0630,1019.6500,66.7280
2024-12-01,Construcción,1586.2040,1079.1360,68.0330
2025-01-01,Construcción,1553.9860,1055.8710,67.9460
2025-02-01,Construcción,1619.7500,1095.4050,67.6280
2025-03-01,Construcción,1617.2070,1108.9160,68.5700
2025-04-01,Construcción,1633.9600,1133.1210,69.3480
2025-05-01,Construcción,1586.4270,1115.9000,70.3400
2025-06-01,Construcción,1543.3120,1085.5010,70.3360
2025-07-01,Construcción,1583.4430,1096.9270,69.2750
2025-08-01,Construcción,1636.5300,1107.9580,67.7020
2025-09-01,Construcción,1646.1380,1103.4010,67.0300
2025-10-01,Construcción,1598.7240,1075.2110,67.2540
2025-11-01,Construcción,1588.7060,1098.9140,69.1700
2025-12-01,Construcción,1611.7700,1123.0890,69.6800
2026-01-01,Construcción,1631.8990,1152.2020,70.6050
2026-02-01,Construcción,1623.7300,1139.4420,70.1740
2026-03-01,Construcción,1661.6550,1160.8130,69.8590
2026-04-01,Construcción,1699.8410,1183.1050,69.6010
2026-05-01,Construcción,1677.4320,1157.3030,68.9930
2026-06-01,Construcción,1655.4990,1150.0360,69.4680
2026-07-01,Construcción,1696.5000,1178.5380,69.4690
2021-03-01,"Electricidad, gas y agua",430.9000,211.7410,49.1390
2021-04-01,"Electricidad, gas y agua",480.7890,228.6280,47.5530
2021-05-01,"Electricidad, gas y agua",486.8530,221.2630,45.4480
2021-06-01,"Electricidad, gas y agua",532.6150,244.9140,45.9830
2021-07-01,"Electricidad, gas y agua",493.1320,239.5610,48.5800
2021-08-01,"Electricidad, gas y agua",522.4360,251.3830,48.1170
2021-09-01,"Electricidad, gas y agua",540.2880,271.8030,50.3070
2021-10-01,"Electricidad, gas y agua",612.2630,290.4390,47.4370
2021-11-01,"Electricidad, gas y agua",586.7170,272.7470,46.4870
2021-12-01,"Electricidad, gas y agua",548.4110,254.4350,46.3950
2022-01-01,"Electricidad, gas y agua",544.8910,268.2570,49.2310
2022-02-01,"Electricidad, gas y agua",546.0480,287.2950,52.6130
2022-03-01,"Electricidad, gas y agua",561.2760,283.8980,50.5810
2022-04-01,"Electricidad, gas y agua",543.4250,281.8180,51.8600
2022-05-01,"Electricidad, gas y agua",560.1700,281.9960,50.3410
2022-06-01,"Electricidad, gas y agua",589.3340,314.2340,53.3200
2022-07-01,"Electricidad, gas y agua",563.0750,291.6520,51.7960
2022-08-01,"Electricidad, gas y agua",583.9740,297.5720,50.9560
2022-09-01,"Electricidad, gas y agua",567.7330,291.4850,51.3420
2022-10-01,"Electricidad, gas y agua",624.0900,314.3430,50.3680
2022-11-01,"Electricidad, gas y agua",615.5260,305.5800,49.6450
2022-12-01,"Electricidad, gas y agua",632.9350,319.4040,50.4640
2023-01-01,"Electricidad, gas y agua",616.9390,320.2290,51.9060
2023-02-01,"Electricidad, gas y agua",598.8430,322.5200,53.8570
2023-03-01,"Electricidad, gas y agua",528.1680,259.7350,49.1760
2023-04-01,"Electricidad, gas y agua",515.2920,238.1510,46.2170
2023-05-01,"Electricidad, gas y agua",511.1740,209.7960,41.0420
2023-06-01,"Electricidad, gas y agua",586.5590,246.4920,42.0230
2023-07-01,"Electricidad, gas y agua",572.1810,250.4730,43.7750
2023-08-01,"Electricidad, gas y agua",577.7930,254.2750,44.0080
2023-09-01,"Electricidad, gas y agua",565.1790,254.1230,44.9630
2023-10-01,"Electricidad, gas y agua",631.5370,273.5450,43.3140
2023-11-01,"Electricidad, gas y agua",650.3130,298.5190,45.9040
2023-12-01,"Electricidad, gas y agua",676.2330,311.5400,46.0700
2024-01-01,"Electricidad, gas y agua",618.0640,297.2350,48.0910
2024-02-01,"Electricidad, gas y agua",600.1460,300.3330,50.0430
2024-03-01,"Electricidad, gas y agua",555.3900,267.5710,48.1770
2024-04-01,"Electricidad, gas y agua",567.6740,272.4080,47.9870
2024-05-01,"Electricidad, gas y agua",565.4800,253.2060,44.7770
2024-06-01,"Electricidad, gas y agua",586.9960,267.3500,45.5450
2024-07-01,"Electricidad, gas y agua",547.8930,245.0200,44.7200
2024-08-01,"Electricidad, gas y agua",564.5440,241.0790,42.7030
2024-09-01,"Electricidad, gas y agua",591.4380,264.5020,44.7220
2024-10-01,"Electricidad, gas y agua",684.9930,297.0680,43.3680
2024-11-01,"Electricidad, gas y agua",701.9110,326.9620,46.5820
2024-12-01,"Electricidad, gas y agua",675.0920,305.3890,45.2370
2025-01-01,"Electricidad, gas y agua",636.4640,312.6710,49.1260
2025-02-01,"Electricidad, gas y agua",613.9580,301.8920,49.1710
2025-03-01,"Electricidad, gas y agua",593.1520,283.9240,47.8670
2025-04-01,"Electricidad, gas y agua",569.6140,251.4240,44.1390
2025-05-01,"Electricidad, gas y agua",559.6560,226.6110,40.4910
2025-06-01,"Electricidad, gas y agua",626.1140,275.5200,44.0050
2025-07-01,"Electricidad, gas y agua",612.1740,280.8170,45.8720
2025-08-01,"Electricidad, gas y agua",632.4910,296.6710,46.9050
2025-09-01,"Electricidad, gas y agua",587.2700,267.3110,45.5180
2025-10-01,"Electricidad, gas y agua",649.5220,295.1750,45.4450
2025-11-01,"Electricidad, gas y agua",672.8580,316.3350,47.0140
2025-12-01,"Electricidad, gas y agua",660.4060,325.6530,49.3110
2026-01-01,"Electricidad, gas y agua",612.4900,314.6870,51.3780
2026-02-01,"Electricidad, gas y agua",628.6120,331.6340,52.7570
2026-03-01,"Electricidad, gas y agua",661.6360,337.8700,51.0660
2026-04-01,"Electricidad, gas y agua",668.4100,313.7140,46.9340
2026-05-01,"Electricidad, gas y agua",633.0270,275.9170,43.5870
2026-06-01,"Electricidad, gas y agua",648.6820,281.0350,43.3240
2026-07-01,"Electricidad, gas y agua",620.0040,283.5850,45.7390
2021-03-01,Finanzas y seguros,353.0520,61.4750,17.4130
2021-04-01,Finanzas y seguros,339.9290,55.4950,16.3260
2021-05-01,Finanzas y seguros,347.6150,55.5710,15.9860
2021-06-01,Finanzas y seguros,360.3000,59.5760,16.5350
2021-07-01,Finanzas y seguros,358.3330,56.1740,15.6770
2021-08-01,Finanzas y seguros,352.2720,57.0910,16.2060
2021-09-01,Finanzas y seguros,387.8340,61.3280,15.8130
2021-10-01,Finanzas y seguros,389.8340,59.1870,15.1830
2021-11-01,Finanzas y seguros,385.0270,57.4680,14.9260
2021-12-01,Finanzas y seguros,363.7180,49.8330,13.7010
2022-01-01,Finanzas y seguros,395.0630,57.7800,14.6250
2022-02-01,Finanzas y seguros,421.7200,65.6470,15.5670
2022-03-01,Finanzas y seguros,404.8480,68.1760,16.8400
2022-04-01,Finanzas y seguros,381.5980,58.6260,15.3630
2022-05-01,Finanzas y seguros,392.8200,53.0410,13.5030
2022-06-01,Finanzas y seguros,405.3710,52.0720,12.8460
2022-07-01,Finanzas y seguros,426.1650,59.0420,13.8540
2022-08-01,Finanzas y seguros,411.3510,56.9020,13.8330
2022-09-01,Finanzas y seguros,434.6590,57.2090,13.1620
2022-10-01,Finanzas y seguros,442.1080,60.4070,13.6630
2022-11-01,Finanzas y seguros,439.7520,58.2240,13.2400
2022-12-01,Finanzas y seguros,431.1560,62.4850,14.4920
2023-01-01,Finanzas y seguros,403.3420,53.6100,13.2910
2023-02-01,Finanzas y seguros,407.1770,51.9020,12.7470
2023-03-01,Finanzas y seguros,380.3580,42.1930,11.0930
2023-04-01,Finanzas y seguros,384.9610,49.3680,12.8240
2023-05-01,Finanzas y seguros,406.3310,50.4090,12.4060
2023-06-01,Finanzas y seguros,429.8990,50.6950,11.7920
2023-07-01,Finanzas y seguros,453.8490,43.6720,9.6230
2023-08-01,Finanzas y seguros,443.1430,49.3320,11.1320
2023-09-01,Finanzas y seguros,433.5610,53.6910,12.3840
2023-10-01,Finanzas y seguros,414.4930,55.2950,13.3400
2023-11-01,Finanzas y seguros,431.3240,48.9970,11.3600
2023-12-01,Finanzas y seguros,445.2090,43.0180,9.6620
2024-01-01,Finanzas y seguros,449.8550,40.0360,8.9000
2024-02-01,Finanzas y seguros,444.8550,47.8700,10.7610
2024-03-01,Finanzas y seguros,428.0620,51.7220,12.0830
2024-04-01,Finanzas y seguros,444.0980,53.5330,12.0540
2024-05-01,Finanzas y seguros,424.7250,52.3460,12.3250
2024-06-01,Finanzas y seguros,444.1680,53.6410,12.0770
2024-07-01,Finanzas y seguros,433.5420,54.9770,12.6810
2024-08-01,Finanzas y seguros,421.2980,50.3410,11.9490
2024-09-01,Finanzas y seguros,387.2020,52.0930,13.4540
2024-10-01,Finanzas y seguros,375.7280,49.0520,13.0550
2024-11-01,Finanzas y seguros,389.6430,45.9520,11.7930
2024-12-01,Finanzas y seguros,427.1720,44.1830,10.3430
2025-01-01,Finanzas y seguros,453.7170,53.5990,11.8130
2025-02-01,Finanzas y seguros,464.4500,55.5870,11.9680
2025-03-01,Finanzas y seguros,417.8730,49.0000,11.7260
2025-04-01,Finanzas y seguros,395.5190,44.1570,11.1640
2025-05-01,Finanzas y seguros,389.8940,47.3630,12.1480
2025-06-01,Finanzas y seguros,428.2820,52.8150,12.3320
2025-07-01,Finanzas y seguros,447.7530,49.9350,11.1520
2025-08-01,Finanzas y seguros,462.8480,46.3750,10.0190
2025-09-01,Finanzas y seguros,462.3310,42.9370,9.2870
2025-10-01,Finanzas y seguros,450.9170,48.1090,10.6690
2025-11-01,Finanzas y seguros,441.1580,47.0350,10.6620
2025-12-01,Finanzas y seguros,436.3650,54.5930,12.5110
2026-01-01,Finanzas y seguros,452.1650,52.3560,11.5790
2026-02-01,Finanzas y seguros,460.7670,50.1320,10.8800
2026-03-01,Finanzas y seguros,507.4140,51.3130,10.1130
2026-04-01,Finanzas y seguros,474.7990,51.2590,10.7960
2026-05-01,Finanzas y seguros,455.9940,54.9730,12.0560
2026-06-01,Finanzas y seguros,430.2560,52.9820,12.3140
2026-07-01,Finanzas y seguros,445.4650,52.3660,11.7550
2021-03-01,"Gobierno, educación y salud",2474.8850,427.5180,17.2740
2021-04-01,"Gobierno, educación y salud",2543.8270,438.6300,17.2430
2021-05-01,"Gobierno, educación y salud",2546.7260,433.9860,17.0410
2021-06-01,"Gobierno, educación y salud",2551.6150,417.6790,16.3690
2021-07-01,"Gobierno, educación y salud",2493.2940,385.5110,15.4620
2021-08-01,"Gobierno, educación y salud",2434.7900,351.7020,14.4450
2021-09-01,"Gobierno, educación y salud",2469.8150,367.6990,14.8880
2021-10-01,"Gobierno, educación y salud",2488.7280,386.9410,15.5480
2021-11-01,"Gobierno, educación y salud",2557.9660,410.0910,16.0320
2021-12-01,"Gobierno, educación y salud",2534.2490,384.8250,15.1850
2022-01-01,"Gobierno, educación y salud",2527.4130,353.5300,13.9880
2022-02-01,"Gobierno, educación y salud",2487.0790,343.1720,13.7980
2022-03-01,"Gobierno, educación y salud",2572.0490,381.9200,14.8490
2022-04-01,"Gobierno, educación y salud",2646.9490,417.3110,15.7660
2022-05-01,"Gobierno, educación y salud",2746.7590,426.1840,15.5160
2022-06-01,"Gobierno, educación y salud",2706.9640,395.6500,14.6160
2022-07-01,"Gobierno, educación y salud",2710.7500,397.1670,14.6520
2022-08-01,"Gobierno, educación y salud",2682.0170,418.2620,15.5950
2022-09-01,"Gobierno, educación y salud",2693.4940,430.2320,15.9730
2022-10-01,"Gobierno, educación y salud",2674.8080,421.4780,15.7570
2022-11-01,"Gobierno, educación y salud",2676.7930,391.8320,14.6380
2022-12-01,"Gobierno, educación y salud",2689.1050,379.3860,14.1080
2023-01-01,"Gobierno, educación y salud",2557.8860,329.9630,12.9000
2023-02-01,"Gobierno, educación y salud",2481.5540,304.9220,12.2880
2023-03-01,"Gobierno, educación y salud",2559.3650,319.6460,12.4890
2023-04-01,"Gobierno, educación y salud",2744.7910,338.2330,12.3230
2023-05-01,"Gobierno, educación y salud",2803.1000,351.4960,12.5400
2023-06-01,"Gobierno, educación y salud",2791.2980,328.8760,11.7820
2023-07-01,"Gobierno, educación y salud",2762.6010,341.3610,12.3560
2023-08-01,"Gobierno, educación y salud",2840.0960,346.8940,12.2140
2023-09-01,"Gobierno, educación y salud",2840.5480,356.3700,12.5460
2023-10-01,"Gobierno, educación y salud",2878.5690,353.9620,12.2960
2023-11-01,"Gobierno, educación y salud",2822.2830,365.8440,12.9630
2023-12-01,"Gobierno, educación y salud",2761.6560,340.5740,12.3320
2024-01-01,"Gobierno, educación y salud",2624.9310,314.0120,11.9630
2024-02-01,"Gobierno, educación y salud",2574.1560,291.6450,11.3300
2024-03-01,"Gobierno, educación y salud",2620.4950,324.5770,12.3860
2024-04-01,"Gobierno, educación y salud",2764.1460,361.9390,13.0940
2024-05-01,"Gobierno, educación y salud",2827.1680,379.6760,13.4300
2024-06-01,"Gobierno, educación y salud",2783.6020,373.8010,13.4290
2024-07-01,"Gobierno, educación y salud",2793.2580,370.2690,13.2560
2024-08-01,"Gobierno, educación y salud",2812.7920,375.0090,13.3320
2024-09-01,"Gobierno, educación y salud",2855.5760,357.7380,12.5280
2024-10-01,"Gobierno, educación y salud",2803.6490,346.7630,12.3680
2024-11-01,"Gobierno, educación y salud",2834.3740,336.8380,11.8840
2024-12-01,"Gobierno, educación y salud",2824.2050,339.5160,12.0220
2025-01-01,"Gobierno, educación y salud",2769.2370,321.9600,11.6260
2025-02-01,"Gobierno, educación y salud",2728.6520,320.0630,11.7300
2025-03-01,"Gobierno, educación y salud",2688.7380,330.3180,12.2850
2025-04-01,"Gobierno, educación y salud",2864.4690,361.4470,12.6180
2025-05-01,"Gobierno, educación y salud",2871.9470,369.7530,12.8750
2025-06-01,"Gobierno, educación y salud",2959.7330,359.4230,12.1440
2025-07-01,"Gobierno, educación y salud",2873.1000,336.8440,11.7240
2025-08-01,"Gobierno, educación y salud",2924.5600,327.0570,11.1830
2025-09-01,"Gobierno, educación y salud",2949.4570,330.4840,11.2050
2025-10-01,"Gobierno, educación y salud",2972.5530,339.6080,11.4250
2025-11-01,"Gobierno, educación y salud",2968.4660,349.1630,11.7620
2025-12-01,"Gobierno, educación y salud",2936.0660,349.7650,11.9130
2026-01-01,"Gobierno, educación y salud",2881.1350,323.6290,11.2330
2026-02-01,"Gobierno, educación y salud",2907.6100,318.0500,10.9390
2026-03-01,"Gobierno, educación y salud",2950.3800,325.2100,11.0230
2026-04-01,"Gobierno, educación y salud",3146.9430,364.1570,11.5720
2026-05-01,"Gobierno, educación y salud",3208.2440,384.3950,11.9810
2026-06-01,"Gobierno, educación y salud",3200.4370,388.1020,12.1270
2026-07-01,"Gobierno, educación y salud",3170.5300,394.3560,12.4380
2021-03-01,Industria,1976.8790,1083.9160,54.8300
2021-04-01,Industria,2046.9910,1117.0210,54.5690
2021-05-01,Industria,2039.0130,1075.1940,52.7310
2021-06-01,Industria,2055.5670,1044.9160,50.8330
2021-07-01,Industria,2088.4280,1061.1940,50.8130
2021-08-01,Industria,2075.8070,1059.8770,51.0590
2021-09-01,Industria,2145.5780,1090.9320,50.8460
2021-10-01,Industria,2154.6760,1082.9780,50.2620
2021-11-01,Industria,2126.8890,1053.3260,49.5240
2021-12-01,Industria,2147.9110,1081.7860,50.3650
2022-01-01,Industria,2101.9850,1043.2610,49.6320
2022-02-01,Industria,2221.6970,1099.7140,49.4990
2022-03-01,Industria,2269.7210,1118.3900,49.2740
2022-04-01,Industria,2374.1530,1169.9400,49.2780
2022-05-01,Industria,2328.7840,1113.3100,47.8070
2022-06-01,Industria,2279.4720,1060.3290,46.5160
2022-07-01,Industria,2304.7450,1071.4870,46.4900
2022-08-01,Industria,2318.3680,1075.0710,46.3720
2022-09-01,Industria,2374.5990,1130.9810,47.6280
2022-10-01,Industria,2369.6930,1115.8880,47.0900
2022-11-01,Industria,2422.4060,1165.3980,48.1090
2022-12-01,Industria,2450.4140,1186.2460,48.4100
2023-01-01,Industria,2392.6800,1168.6070,48.8410
2023-02-01,Industria,2372.4320,1163.1810,49.0290
2023-03-01,Industria,2346.0070,1126.4930,48.0170
2023-04-01,Industria,2437.5360,1154.4430,47.3610
2023-05-01,Industria,2462.5400,1149.2390,46.6690
2023-06-01,Industria,2424.1300,1100.9790,45.4170
2023-07-01,Industria,2407.3630,1104.8220,45.8930
2023-08-01,Industria,2418.4400,1126.0050,46.5590
2023-09-01,Industria,2468.7780,1129.5830,45.7550
2023-10-01,Industria,2415.8410,1076.7290,44.5700
2023-11-01,Industria,2396.1690,1030.8180,43.0190
2023-12-01,Industria,2365.7840,1034.4250,43.7240
2024-01-01,Industria,2382.3440,1035.2220,43.4540
2024-02-01,Industria,2415.5750,1082.7530,44.8240
2024-03-01,Industria,2425.3370,1116.9610,46.0540
2024-04-01,Industria,2447.6060,1157.3760,47.2860
2024-05-01,Industria,2452.8010,1126.7280,45.9360
2024-06-01,Industria,2474.0070,1110.2240,44.8760
2024-07-01,Industria,2510.3260,1133.8360,45.1670
2024-08-01,Industria,2477.1540,1134.1020,45.7820
2024-09-01,Industria,2463.8200,1083.8720,43.9920
2024-10-01,Industria,2480.4110,1038.4830,41.8670
2024-11-01,Industria,2524.0330,1033.1460,40.9320
2024-12-01,Industria,2505.7160,1073.2460,42.8320
2025-01-01,Industria,2441.2770,1048.8840,42.9650
2025-02-01,Industria,2456.8020,1083.3340,44.0950
2025-03-01,Industria,2539.7520,1137.1710,44.7750
2025-04-01,Industria,2588.7770,1177.1600,45.4720
2025-05-01,Industria,2522.2310,1120.0630,44.4080
2025-06-01,Industria,2576.3600,1094.8950,42.4980
2025-07-01,Industria,2599.5700,1099.1090,42.2800
2025-08-01,Industria,2673.2350,1151.5400,43.0770
2025-09-01,Industria,2635.9630,1110.5410,42.1300
2025-10-01,Industria,2671.5170,1130.6820,42.3240
2025-11-01,Industria,2614.8980,1077.9570,41.2240
2025-12-01,Industria,2685.2220,1143.8560,42.5980
2026-01-01,Industria,2622.1730,1129.9910,43.0940
2026-02-01,Industria,2717.3240,1191.8210,43.8600
2026-03-01,Industria,2574.7240,1159.6270,45.0390
2026-04-01,Industria,2582.8790,1160.1960,44.9190
2026-05-01,Industria,2543.2840,1137.6940,44.7330
2026-06-01,Industria,2611.3200,1130.7950,43.3040
2026-07-01,Industria,2657.8610,1136.9170,42.7760
2021-03-01,Información y comunicaciones,370.1990,100.8670,27.2470
2021-04-01,Información y comunicaciones,354.9710,105.9090,29.8360
2021-05-01,Información y comunicaciones,338.5560,98.0220,28.9530
2021-06-01,Información y comunicaciones,341.5880,98.1490,28.7330
2021-07-01,Información y comunicaciones,344.2080,87.6810,25.4730
2021-08-01,Información y comunicaciones,352.1810,85.7770,24.3560
2021-09-01,Información y comunicaciones,350.0180,77.8500,22.2420
2021-10-01,Información y comunicaciones,363.6230,71.9060,19.7750
2021-11-01,Información y comunicaciones,389.5380,70.6460,18.1360
2021-12-01,Información y comunicaciones,396.0160,77.8600,19.6610
2022-01-01,Información y comunicaciones,394.7910,80.9970,20.5170
2022-02-01,Información y comunicaciones,388.3560,79.3060,20.4210
2022-03-01,Información y comunicaciones,376.6360,72.3760,19.2160
2022-04-01,Información y comunicaciones,387.4550,81.3390,20.9930
2022-05-01,Información y comunicaciones,367.0310,76.4090,20.8180
2022-06-01,Información y comunicaciones,410.1490,85.5760,20.8650
2022-07-01,Información y comunicaciones,384.0340,77.3320,20.1370
2022-08-01,Información y comunicaciones,395.2020,71.3200,18.0460
2022-09-01,Información y comunicaciones,359.0140,56.6400,15.7770
2022-10-01,Información y comunicaciones,363.6710,49.1250,13.5080
2022-11-01,Información y comunicaciones,374.0650,59.3410,15.8640
2022-12-01,Información y comunicaciones,385.4690,62.9810,16.3390
2023-01-01,Información y comunicaciones,411.0220,69.6580,16.9470
2023-02-01,Información y comunicaciones,395.3830,65.1850,16.4870
2023-03-01,Información y comunicaciones,390.6590,67.6530,17.3180
2023-04-01,Información y comunicaciones,389.3240,71.4900,18.3630
2023-05-01,Información y comunicaciones,408.8590,75.6650,18.5060
2023-06-01,Información y comunicaciones,402.5420,76.1930,18.9280
2023-07-01,Información y comunicaciones,384.9950,72.3620,18.7950
2023-08-01,Información y comunicaciones,387.5920,72.9830,18.8300
2023-09-01,Información y comunicaciones,424.9500,73.9730,17.4070
2023-10-01,Información y comunicaciones,431.3150,71.8590,16.6610
2023-11-01,Información y comunicaciones,442.0830,61.9400,14.0110
2023-12-01,Información y comunicaciones,393.6020,57.1900,14.5300
2024-01-01,Información y comunicaciones,383.2280,52.1570,13.6100
2024-02-01,Información y comunicaciones,361.2020,51.5970,14.2850
2024-03-01,Información y comunicaciones,360.4000,42.0860,11.6780
2024-04-01,Información y comunicaciones,377.2670,44.5430,11.8070
2024-05-01,Información y comunicaciones,377.7140,52.1730,13.8130
2024-06-01,Información y comunicaciones,431.0730,68.8380,15.9690
2024-07-01,Información y comunicaciones,439.1130,74.6500,17.0000
2024-08-01,Información y comunicaciones,448.9550,68.1640,15.1830
2024-09-01,Información y comunicaciones,411.9380,59.9290,14.5480
2024-10-01,Información y comunicaciones,382.7980,53.7910,14.0520
2024-11-01,Información y comunicaciones,408.5570,56.6800,13.8730
2024-12-01,Información y comunicaciones,420.5840,63.7330,15.1530
2025-01-01,Información y comunicaciones,427.1010,64.0010,14.9850
2025-02-01,Información y comunicaciones,378.6560,56.8800,15.0210
2025-03-01,Información y comunicaciones,375.6350,48.4770,12.9050
2025-04-01,Información y comunicaciones,410.9270,52.0140,12.6580
2025-05-01,Información y comunicaciones,437.5020,62.1450,14.2050
2025-06-01,Información y comunicaciones,424.0980,65.5560,15.4580
2025-07-01,Información y comunicaciones,384.8230,69.5790,18.0810
2025-08-01,Información y comunicaciones,377.2420,74.3800,19.7170
2025-09-01,Información y comunicaciones,397.1850,77.6770,19.5570
2025-10-01,Información y comunicaciones,409.4570,73.6510,17.9870
2025-11-01,Información y comunicaciones,439.6620,64.2320,14.6090
2025-12-01,Información y comunicaciones,427.8760,56.7610,13.2660
2026-01-01,Información y comunicaciones,450.5960,67.0780,14.8860
2026-02-01,Información y comunicaciones,433.4080,73.1070,16.8680
2026-03-01,Información y comunicaciones,437.1640,80.1940,18.3440
2026-04-01,Información y comunicaciones,430.7960,67.9480,15.7730
2026-05-01,Información y comunicaciones,412.2200,65.3220,15.8460
2026-06-01,Información y comunicaciones,406.8800,64.1910,15.7760
2026-07-01,Información y comunicaciones,408.7860,69.4170,16.9810
2021-03-01,Inmobiliarias,145.6140,49.6360,34.0870
2021-04-01,Inmobiliarias,150.1320,51.7970,34.5010
2021-05-01,Inmobiliarias,166.2400,50.2960,30.2550
2021-06-01,Inmobiliarias,178.7890,49.4930,27.6820
2021-07-01,Inmobiliarias,198.8580,50.4510,25.3700
2021-08-01,Inmobiliarias,194.3960,49.9120,25.6760
2021-09-01,Inmobiliarias,182.8250,49.7580,27.2160
2021-10-01,Inmobiliarias,167.8990,54.3860,32.3920
2021-11-01,Inmobiliarias,173.4900,54.8090,31.5920
2021-12-01,Inmobiliarias,180.6450,60.5780,33.5340
2022-01-01,Inmobiliarias,188.5690,54.0140,28.6440
2022-02-01,Inmobiliarias,180.4980,54.5500,30.2220
2022-03-01,Inmobiliarias,180.9740,49.9360,27.5930
2022-04-01,Inmobiliarias,194.1360,58.8610,30.3200
2022-05-01,Inmobiliarias,211.2760,59.7210,28.2670
2022-06-01,Inmobiliarias,217.8840,59.1340,27.1400
2022-07-01,Inmobiliarias,223.2570,57.7080,25.8480
2022-08-01,Inmobiliarias,226.2440,57.6920,25.5000
2022-09-01,Inmobiliarias,238.9270,60.8940,25.4860
2022-10-01,Inmobiliarias,234.4050,51.1950,21.8400
2022-11-01,Inmobiliarias,237.9080,52.0530,21.8790
2022-12-01,Inmobiliarias,247.3430,51.1080,20.6630
2023-01-01,Inmobiliarias,253.9140,52.6540,20.7370
2023-02-01,Inmobiliarias,253.5260,49.3440,19.4630
2023-03-01,Inmobiliarias,251.1830,46.8420,18.6480
2023-04-01,Inmobiliarias,250.2220,47.3400,18.9190
2023-05-01,Inmobiliarias,250.3170,49.5740,19.8050
2023-06-01,Inmobiliarias,252.6520,49.4670,19.5790
2023-07-01,Inmobiliarias,270.7570,56.0420,20.6980
2023-08-01,Inmobiliarias,317.7870,57.8240,18.1960
2023-09-01,Inmobiliarias,322.5160,55.1360,17.0950
2023-10-01,Inmobiliarias,326.4830,53.1740,16.2870
2023-11-01,Inmobiliarias,287.4680,48.0900,16.7290
2023-12-01,Inmobiliarias,274.7060,51.4640,18.7340
2024-01-01,Inmobiliarias,266.3970,44.9870,16.8870
2024-02-01,Inmobiliarias,282.5310,50.4760,17.8650
2024-03-01,Inmobiliarias,295.8660,55.6990,18.8260
2024-04-01,Inmobiliarias,279.7030,65.1610,23.2970
2024-05-01,Inmobiliarias,271.7410,62.7720,23.1000
2024-06-01,Inmobiliarias,292.0990,57.1200,19.5550
2024-07-01,Inmobiliarias,327.6930,53.4760,16.3190
2024-08-01,Inmobiliarias,334.8580,57.0070,17.0240
2024-09-01,Inmobiliarias,304.5740,53.0980,17.4340
2024-10-01,Inmobiliarias,291.1660,48.9390,16.8080
2024-11-01,Inmobiliarias,282.3210,39.8400,14.1120
2024-12-01,Inmobiliarias,327.2290,51.9900,15.8880
2025-01-01,Inmobiliarias,350.2250,62.5430,17.8580
2025-02-01,Inmobiliarias,336.8690,66.4000,19.7110
2025-03-01,Inmobiliarias,316.2870,62.3490,19.7130
2025-04-01,Inmobiliarias,289.4160,50.3800,17.4070
2025-05-01,Inmobiliarias,318.4530,46.0440,14.4590
2025-06-01,Inmobiliarias,310.9330,42.1950,13.5700
2025-07-01,Inmobiliarias,328.0900,42.2300,12.8720
2025-08-01,Inmobiliarias,335.8040,47.8720,14.2560
2025-09-01,Inmobiliarias,327.9950,51.3770,15.6640
2025-10-01,Inmobiliarias,315.2170,52.4410,16.6370
2025-11-01,Inmobiliarias,308.0470,50.2330,16.3070
2025-12-01,Inmobiliarias,332.6240,51.0210,15.3390
2026-01-01,Inmobiliarias,342.0330,50.8400,14.8640
2026-02-01,Inmobiliarias,318.6140,56.5760,17.7570
2026-03-01,Inmobiliarias,310.8240,52.0510,16.7460
2026-04-01,Inmobiliarias,311.4630,54.4760,17.4900
2026-05-01,Inmobiliarias,325.5960,50.7600,15.5900
2026-06-01,Inmobiliarias,315.7590,43.8080,13.8740
2026-07-01,Inmobiliarias,318.3010,48.2640,15.1630
2021-03-01,Servicios profesionales,1578.0550,663.4720,42.0440
2021-04-01,Servicios profesionales,1616.3370,681.5060,42.1640
2021-05-01,Servicios profesionales,1588.9830,685.0070,43.1100
2021-06-01,Servicios profesionales,1618.1780,720.6800,44.5360
2021-07-01,Servicios profesionales,1628.8150,738.1940,45.3210
2021-08-01,Servicios profesionales,1660.5400,780.3670,46.9950
2021-09-01,Servicios profesionales,1684.1120,794.5210,47.1770
2021-10-01,Servicios profesionales,1718.0040,829.8680,48.3040
2021-11-01,Servicios profesionales,1742.3770,822.6550,47.2150
2021-12-01,Servicios profesionales,1795.9300,824.4610,45.9070
2022-01-01,Servicios profesionales,1786.7690,813.0630,45.5050
2022-02-01,Servicios profesionales,1784.1130,805.9720,45.1750
2022-03-01,Servicios profesionales,1671.1040,764.7160,45.7610
2022-04-01,Servicios profesionales,1678.8890,770.1050,45.8700
2022-05-01,Servicios profesionales,1661.7630,775.9240,46.6930
2022-06-01,Servicios profesionales,1669.9500,790.2920,47.3240
2022-07-01,Servicios profesionales,1700.5630,808.7670,47.5590
2022-08-01,Servicios profesionales,1726.9700,825.4720,47.7990
2022-09-01,Servicios profesionales,1788.8970,851.2140,47.5830
2022-10-01,Servicios profesionales,1753.3970,821.9450,46.8770
2022-11-01,Servicios profesionales,1775.2430,846.4340,47.6800
2022-12-01,Servicios profesionales,1804.4140,868.8390,48.1510
2023-01-01,Servicios profesionales,1870.7860,897.0580,47.9510
2023-02-01,Servicios profesionales,1832.4270,863.8350,47.1420
2023-03-01,Servicios profesionales,1820.9380,858.1720,47.1280
2023-04-01,Servicios profesionales,1764.9470,855.4470,48.4690
2023-05-01,Servicios profesionales,1764.1290,852.0920,48.3010
2023-06-01,Servicios profesionales,1773.1980,844.8500,47.6460
2023-07-01,Servicios profesionales,1778.4110,847.2240,47.6390
2023-08-01,Servicios profesionales,1825.3810,866.2030,47.4530
2023-09-01,Servicios profesionales,1800.9740,877.7010,48.7350
2023-10-01,Servicios profesionales,1804.1840,860.8650,47.7150
2023-11-01,Servicios profesionales,1819.7530,867.4080,47.6660
2023-12-01,Servicios profesionales,1892.5770,892.3050,47.1480
2024-01-01,Servicios profesionales,1919.5950,927.0540,48.2940
2024-02-01,Servicios profesionales,1819.5210,891.1060,48.9750
2024-03-01,Servicios profesionales,1773.0010,865.9170,48.8390
2024-04-01,Servicios profesionales,1758.5400,839.6360,47.7460
2024-05-01,Servicios profesionales,1790.5690,842.8660,47.0730
2024-06-01,Servicios profesionales,1752.1220,815.9000,46.5660
2024-07-01,Servicios profesionales,1756.4530,819.4730,46.6550
2024-08-01,Servicios profesionales,1789.2170,845.1850,47.2380
2024-09-01,Servicios profesionales,1859.8940,880.1660,47.3230
2024-10-01,Servicios profesionales,1810.5160,852.2950,47.0750
2024-11-01,Servicios profesionales,1829.4800,879.8310,48.0920
2024-12-01,Servicios profesionales,1803.9030,906.0090,50.2250
2025-01-01,Servicios profesionales,1824.1770,934.8310,51.2470
2025-02-01,Servicios profesionales,1776.2510,915.6890,51.5520
2025-03-01,Servicios profesionales,1753.5010,871.3160,49.6900
2025-04-01,Servicios profesionales,1771.4100,867.8820,48.9940
2025-05-01,Servicios profesionales,1813.2120,881.3110,48.6050
2025-06-01,Servicios profesionales,1828.0470,886.0760,48.4710
2025-07-01,Servicios profesionales,1877.5130,915.6770,48.7710
2025-08-01,Servicios profesionales,1846.4580,917.3130,49.6800
2025-09-01,Servicios profesionales,1809.3870,895.3370,49.4830
2025-10-01,Servicios profesionales,1767.6820,877.7850,49.6570
2025-11-01,Servicios profesionales,1788.4180,854.6320,47.7870
2025-12-01,Servicios profesionales,1856.4480,903.5760,48.6720
2026-01-01,Servicios profesionales,1882.3810,917.3970,48.7360
2026-02-01,Servicios profesionales,1934.1860,943.8800,48.8000
2026-03-01,Servicios profesionales,1910.6220,934.6940,48.9210
2026-04-01,Servicios profesionales,1914.8020,938.9090,49.0340
2026-05-01,Servicios profesionales,1921.1100,935.1980,48.6800
2026-06-01,Servicios profesionales,1941.6320,936.3230,48.2230
2026-07-01,Servicios profesionales,1946.6290,946.9820,48.6470
2021-03-01,Transporte,1336.6790,931.5640,69.6920
2021-04-01,Transporte,1355.1230,946.3970,69.8380
2021-05-01,Transporte,1355.6010,953.4120,70.3310
2021-06-01,Transporte,1377.1140,960.6050,69.7550
2021-07-01,Transporte,1418.6890,980.3060,69.0990
2021-08-01,Transporte,1462.2220,1024.1320,70.0390
2021-09-01,Transporte,1506.2100,1051.2740,69.7960
2021-10-01,Transporte,1533.1080,1088.6570,71.0100
2021-11-01,Transporte,1562.7020,1096.4070,70.1610
2021-12-01,Transporte,1547.6820,1089.2490,70.3790
2022-01-01,Transporte,1524.5910,1063.0390,69.7260
2022-02-01,Transporte,1499.0710,1058.9100,70.6380
2022-03-01,Transporte,1536.6660,1095.8260,71.3120
2022-04-01,Transporte,1592.2980,1119.6710,70.3180
2022-05-01,Transporte,1649.2330,1134.9250,68.8150
2022-06-01,Transporte,1632.8020,1129.5280,69.1770
2022-07-01,Transporte,1655.7880,1146.3560,69.2330
2022-08-01,Transporte,1612.4540,1123.0070,69.6460
2022-09-01,Transporte,1635.3150,1132.7270,69.2670
2022-10-01,Transporte,1623.5070,1134.0490,69.8520
2022-11-01,Transporte,1595.2690,1116.2650,69.9730
2022-12-01,Transporte,1575.7420,1109.7210,70.4250
2023-01-01,Transporte,1572.5760,1101.9320,70.0720
2023-02-01,Transporte,1652.0430,1149.6310,69.5880
2023-03-01,Transporte,1637.9670,1140.9290,69.6550
2023-04-01,Transporte,1630.8570,1120.6620,68.7160
2023-05-01,Transporte,1649.0780,1139.7110,69.1120
2023-06-01,Transporte,1708.3300,1149.9330,67.3130
2023-07-01,Transporte,1771.0280,1203.7430,67.9690
2023-08-01,Transporte,1728.0960,1180.2800,68.2990
2023-09-01,Transporte,1779.8800,1222.8530,68.7040
2023-10-01,Transporte,1734.3650,1191.9700,68.7270
2023-11-01,Transporte,1778.4470,1215.7530,68.3600
2023-12-01,Transporte,1699.5230,1174.0280,69.0800
2024-01-01,Transporte,1692.1640,1153.6910,68.1780
2024-02-01,Transporte,1709.9620,1171.9570,68.5370
2024-03-01,Transporte,1701.0520,1152.9460,67.7780
2024-04-01,Transporte,1697.5890,1141.4160,67.2370
2024-05-01,Transporte,1657.5330,1109.3070,66.9250
2024-06-01,Transporte,1685.3850,1142.9560,67.8160
2024-07-01,Transporte,1704.1900,1186.8270,69.6420
2024-08-01,Transporte,1700.9900,1174.7420,69.0620
2024-09-01,Transporte,1722.9850,1185.6750,68.8150
2024-10-01,Transporte,1709.8340,1180.8750,69.0640
2024-11-01,Transporte,1747.4730,1209.7590,69.2290
2024-12-01,Transporte,1723.4410,1209.9130,70.2030
2025-01-01,Transporte,1738.5850,1229.2440,70.7040
2025-02-01,Transporte,1779.2680,1265.8520,71.1450
2025-03-01,Transporte,1797.2850,1256.7600,69.9250
2025-04-01,Transporte,1811.8550,1262.7420,69.6930
2025-05-01,Transporte,1798.5460,1248.2530,69.4030
2025-06-01,Transporte,1782.6890,1251.8480,70.2220
2025-07-01,Transporte,1823.3510,1271.2860,69.7230
2025-08-01,Transporte,1815.6880,1260.1980,69.4060
2025-09-01,Transporte,1859.6240,1270.0400,68.2960
2025-10-01,Transporte,1866.2950,1280.2190,68.5970
2025-11-01,Transporte,1879.3920,1300.0270,69.1730
2025-12-01,Transporte,1839.3760,1290.4380,70.1560
2026-01-01,Transporte,1805.6500,1253.3090,69.4100
2026-02-01,Transporte,1784.7010,1238.6690,69.4050
2026-03-01,Transporte,1796.5310,1238.2080,68.9220
2026-04-01,Transporte,1803.4650,1243.0550,68.9260
2026-05-01,Transporte,1804.3170,1239.8360,68.7150
2026-06-01,Transporte,1836.8670,1263.5410,68.7880
2026-07-01,Transporte,1833.9390,1260.4840,68.7310
