fecha,serie,indice
2009-01-01,durables,91.4500
2009-02-01,durables,91.9300
2009-03-01,durables,92.4900
2009-04-01,durables,92.8600
2009-05-01,durables,92.9900
2009-06-01,durables,92.9900
2009-07-01,durables,93.1100
2009-08-01,durables,92.5400
2009-09-01,durables,92.1500
2009-10-01,durables,91.7600
2009-11-01,durables,91.4400
2009-12-01,durables,90.8000
2010-01-01,durables,90.5400
2010-02-01,durables,90.4100
2010-03-01,durables,90.2400
2010-04-01,durables,89.5800
2010-05-01,durables,89.1000
2010-06-01,durables,88.8900
2010-07-01,durables,88.7600
2010-08-01,durables,88.5500
2010-09-01,durables,88.4700
2010-10-01,durables,88.2100
2010-11-01,durables,87.7400
2010-12-01,durables,87.6000
2011-01-01,durables,87.2100
2011-02-01,durables,87.1100
2011-03-01,durables,86.7000
2011-04-01,durables,86.2600
2011-05-01,durables,85.8100
2011-06-01,durables,85.4700
2011-07-01,durables,85.1900
2011-08-01,durables,85.1400
2011-09-01,durables,85.0400
2011-10-01,durables,85.1100
2011-11-01,durables,85.2200
2011-12-01,durables,85.0600
2012-01-01,durables,84.8900
2012-02-01,durables,84.8900
2012-03-01,durables,84.5600
2012-04-01,durables,84.2800
2012-05-01,durables,83.9000
2012-06-01,durables,83.7200
2012-07-01,durables,83.6400
2012-08-01,durables,83.6100
2012-09-01,durables,83.7100
2012-10-01,durables,83.6200
2012-11-01,durables,83.4600
2012-12-01,durables,83.1400
2013-01-01,durables,82.9800
2013-02-01,durables,82.9500
2013-03-01,durables,83.0800
2013-04-01,durables,82.9000
2013-05-01,durables,82.7200
2013-06-01,durables,82.4900
2013-07-01,durables,82.6100
2013-08-01,durables,82.6500
2013-09-01,durables,82.6900
2013-10-01,durables,82.8000
2013-11-01,durables,82.9500
2013-12-01,durables,82.8700
2014-01-01,durables,82.9300
2014-02-01,durables,82.8300
2014-03-01,durables,83.2100
2014-04-01,durables,83.4200
2014-05-01,durables,83.6500
2014-06-01,durables,83.6700
2014-07-01,durables,83.5800
2014-08-01,durables,83.4000
2014-09-01,durables,83.0200
2014-10-01,durables,82.9500
2014-11-01,durables,83.0200
2014-12-01,durables,83.8700
2015-01-01,durables,84.8100
2015-02-01,durables,86.5500
2015-03-01,durables,87.5500
2015-04-01,durables,88.2700
2015-05-01,durables,88.8100
2015-06-01,durables,89.7800
2015-07-01,durables,90.2700
2015-08-01,durables,91.2100
2015-09-01,durables,92.6000
2015-10-01,durables,93.9000
2015-11-01,durables,94.7900
2015-12-01,durables,95.0400
2016-01-01,durables,96.2100
2016-02-01,durables,96.8800
2016-03-01,durables,97.9000
2016-04-01,durables,98.5900
2016-05-01,durables,99.4000
2016-06-01,durables,100.1400
2016-07-01,durables,100.2800
2016-08-01,durables,100.3500
2016-09-01,durables,100.3000
2016-10-01,durables,100.2600
2016-11-01,durables,100.0100
2016-12-01,durables,99.8000
2017-01-01,durables,100.1100
2017-02-01,durables,100.7100
2017-03-01,durables,101.1700
2017-04-01,durables,101.0200
2017-05-01,durables,100.9900
2017-06-01,durables,100.7700
2017-07-01,durables,100.6800
2017-08-01,durables,99.9500
2017-09-01,durables,100.0600
2017-10-01,durables,99.7500
2017-11-01,durables,100.0200
2017-12-01,durables,99.9600
2018-01-01,durables,99.8200
2018-02-01,durables,100.0200
2018-03-01,durables,100.2600
2018-04-01,durables,100.4700
2018-05-01,durables,100.5000
2018-06-01,durables,100.2200
2018-07-01,durables,100.3000
2018-08-01,durables,100.2700
2018-09-01,durables,99.9900
2018-10-01,durables,100.2000
2018-11-01,durables,100.0200
2018-12-01,durables,100.0000
2019-01-01,durables,99.7400
2019-02-01,durables,99.8200
2019-03-01,durables,100.0900
2019-04-01,durables,100.3000
2019-05-01,durables,100.4200
2019-06-01,durables,100.6300
2019-07-01,durables,100.8400
2019-08-01,durables,100.6700
2019-09-01,durables,100.7700
2019-10-01,durables,101.0100
2019-11-01,durables,101.1800
2019-12-01,durables,101.4800
2020-01-01,durables,101.6100
2020-02-01,durables,101.6600
2020-03-01,durables,101.8900
2020-04-01,durables,101.8800
2020-05-01,durables,101.9900
2020-06-01,durables,102.3600
2020-07-01,durables,102.8300
2020-08-01,durables,103.2400
2020-09-01,durables,103.6600
2020-10-01,durables,103.9200
2020-11-01,durables,103.1600
2020-12-01,durables,104.0200
2021-01-01,durables,104.4300
2021-02-01,durables,105.8400
2021-03-01,durables,105.9100
2021-04-01,durables,106.1700
2021-05-01,durables,106.0800
2021-06-01,durables,106.5800
2021-07-01,durables,106.9000
2021-08-01,durables,107.2900
2021-09-01,durables,108.1800
2021-10-01,durables,108.8900
2021-11-01,durables,109.5400
2021-12-01,durables,110.4400
2022-01-01,durables,111.7800
2022-02-01,durables,113.6600
2022-03-01,durables,114.5500
2022-04-01,durables,115.7800
2022-05-01,durables,116.6400
2022-06-01,durables,117.3800
2022-07-01,durables,118.9300
2022-08-01,durables,120.5300
2022-09-01,durables,122.4400
2022-10-01,durables,124.1300
2022-11-01,durables,126.1300
2022-12-01,durables,128.2200
2023-01-01,durables,130.5800
2023-02-01,durables,132.2700
2023-03-01,durables,133.7500
2023-04-01,durables,134.8100
2023-05-01,durables,135.5500
2023-06-01,durables,135.8200
2023-07-01,durables,135.7300
2023-08-01,durables,135.6700
2023-09-01,durables,134.5200
2023-10-01,durables,133.7200
2023-11-01,durables,133.0100
2023-12-01,durables,132.3700
2024-01-01,durables,132.1000
2024-02-01,durables,131.7200
2024-03-01,durables,131.0700
2024-04-01,durables,130.8400
2024-05-01,durables,129.6400
2024-06-01,durables,129.3300
2024-07-01,durables,129.0300
2024-08-01,durables,128.4400
2024-09-01,durables,128.3400
2024-10-01,durables,127.7600
2024-11-01,durables,128.1600
2024-12-01,durables,128.3100
2025-01-01,durables,128.3800
2025-02-01,durables,128.1900
2025-03-01,durables,128.5900
2025-04-01,durables,128.8900
2025-05-01,durables,128.9900
2025-06-01,durables,129.1700
2025-07-01,durables,129.0100
2025-08-01,durables,128.6200
2025-09-01,durables,128.5500
2025-10-01,durables,128.5600
2025-11-01,durables,128.9600
2025-12-01,durables,128.9100
2026-01-01,durables,129.0600
2026-02-01,durables,129.1500
2026-03-01,durables,129.4800
2026-04-01,durables,129.3700
2026-05-01,durables,129.0900
2026-06-01,durables,128.9300
2026-07-01,durables,128.4100
2026-08-01,durables,127.9300
2009-01-01,energeticos,63.2000
2009-02-01,energeticos,63.5900
2009-03-01,energeticos,65.0100
2009-04-01,energeticos,65.1300
2009-05-01,energeticos,63.9500
2009-06-01,energeticos,63.7200
2009-07-01,energeticos,63.6800
2009-08-01,energeticos,63.6700
2009-09-01,energeticos,63.5700
2009-10-01,energeticos,63.3000
2009-11-01,energeticos,63.5500
2009-12-01,energeticos,63.7200
2010-01-01,energeticos,64.0500
2010-02-01,energeticos,65.3700
2010-03-01,energeticos,65.8400
2010-04-01,energeticos,67.1500
2010-05-01,energeticos,67.2700
2010-06-01,energeticos,67.9000
2010-07-01,energeticos,68.2000
2010-08-01,energeticos,68.3600
2010-09-01,energeticos,67.9900
2010-10-01,energeticos,68.1700
2010-11-01,energeticos,68.9100
2010-12-01,energeticos,69.8000
2011-01-01,energeticos,70.5700
2011-02-01,energeticos,70.6600
2011-03-01,energeticos,72.2000
2011-04-01,energeticos,72.7100
2011-05-01,energeticos,72.4400
2011-06-01,energeticos,72.8400
2011-07-01,energeticos,72.7800
2011-08-01,energeticos,72.8900
2011-09-01,energeticos,73.8100
2011-10-01,energeticos,74.0700
2011-11-01,energeticos,74.2500
2011-12-01,energeticos,74.9300
2012-01-01,energeticos,76.2700
2012-02-01,energeticos,76.8300
2012-03-01,energeticos,77.2300
2012-04-01,energeticos,76.2600
2012-05-01,energeticos,76.8900
2012-06-01,energeticos,76.6100
2012-07-01,energeticos,74.9400
2012-08-01,energeticos,75.0000
2012-09-01,energeticos,76.4700
2012-10-01,energeticos,76.3100
2012-11-01,energeticos,75.6900
2012-12-01,energeticos,75.1500
2013-01-01,energeticos,75.2100
2013-02-01,energeticos,76.0200
2013-03-01,energeticos,75.5000
2013-04-01,energeticos,75.6100
2013-05-01,energeticos,76.4900
2013-06-01,energeticos,77.3500
2013-07-01,energeticos,75.4500
2013-08-01,energeticos,75.5900
2013-09-01,energeticos,77.0800
2013-10-01,energeticos,76.6000
2013-11-01,energeticos,74.8900
2013-12-01,energeticos,75.3200
2014-01-01,energeticos,75.6300
2014-02-01,energeticos,76.7600
2014-03-01,energeticos,77.1700
2014-04-01,energeticos,77.9600
2014-05-01,energeticos,77.6000
2014-06-01,energeticos,78.3800
2014-07-01,energeticos,79.1500
2014-08-01,energeticos,79.7300
2014-09-01,energeticos,79.8700
2014-10-01,energeticos,80.3300
2014-11-01,energeticos,80.3300
2014-12-01,energeticos,79.9200
2015-01-01,energeticos,78.8400
2015-02-01,energeticos,78.8200
2015-03-01,energeticos,78.7000
2015-04-01,energeticos,78.7700
2015-05-01,energeticos,79.9100
2015-06-01,energeticos,79.0300
2015-07-01,energeticos,80.5600
2015-08-01,energeticos,81.2900
2015-09-01,energeticos,81.4700
2015-10-01,energeticos,82.1700
2015-11-01,energeticos,82.7600
2015-12-01,energeticos,83.4100
2016-01-01,energeticos,84.2000
2016-02-01,energeticos,85.4100
2016-03-01,energeticos,86.4300
2016-04-01,energeticos,83.7700
2016-05-01,energeticos,85.3600
2016-06-01,energeticos,85.6200
2016-07-01,energeticos,85.9200
2016-08-01,energeticos,86.8500
2016-09-01,energeticos,87.2300
2016-10-01,energeticos,87.0700
2016-11-01,energeticos,87.4500
2016-12-01,energeticos,87.6400
2017-01-01,energeticos,89.0800
2017-02-01,energeticos,88.6800
2017-03-01,energeticos,89.2700
2017-04-01,energeticos,90.0400
2017-05-01,energeticos,90.6700
2017-06-01,energeticos,90.6100
2017-07-01,energeticos,89.4400
2017-08-01,energeticos,90.7100
2017-09-01,energeticos,91.7400
2017-10-01,energeticos,92.0100
2017-11-01,energeticos,92.3300
2017-12-01,energeticos,92.8100
2018-01-01,energeticos,92.8600
2018-02-01,energeticos,93.5100
2018-03-01,energeticos,93.7900
2018-04-01,energeticos,95.4500
2018-05-01,energeticos,96.3700
2018-06-01,energeticos,96.0100
2018-07-01,energeticos,96.4000
2018-08-01,energeticos,97.3300
2018-09-01,energeticos,97.6700
2018-10-01,energeticos,98.7400
2018-11-01,energeticos,99.4400
2018-12-01,energeticos,100.0000
2019-01-01,energeticos,99.9800
2019-02-01,energeticos,100.1300
2019-03-01,energeticos,101.3700
2019-04-01,energeticos,102.1500
2019-05-01,energeticos,102.2100
2019-06-01,energeticos,101.4000
2019-07-01,energeticos,101.8400
2019-08-01,energeticos,101.7500
2019-09-01,energeticos,102.1900
2019-10-01,energeticos,102.8100
2019-11-01,energeticos,103.6900
2019-12-01,energeticos,104.0000
2020-01-01,energeticos,103.0800
2020-02-01,energeticos,104.0400
2020-03-01,energeticos,104.0200
2020-04-01,energeticos,103.3200
2020-05-01,energeticos,100.9600
2020-06-01,energeticos,98.6000
2020-07-01,energeticos,98.5100
2020-08-01,energeticos,98.5800
2020-09-01,energeticos,99.6400
2020-10-01,energeticos,99.1000
2020-11-01,energeticos,99.0300
2020-12-01,energeticos,100.8000
2021-01-01,energeticos,101.1200
2021-02-01,energeticos,101.6100
2021-03-01,energeticos,103.5400
2021-04-01,energeticos,105.0200
2021-05-01,energeticos,105.5800
2021-06-01,energeticos,105.6200
2021-07-01,energeticos,106.2600
2021-08-01,energeticos,106.7800
2021-09-01,energeticos,107.6400
2021-10-01,energeticos,108.1700
2021-11-01,energeticos,109.2700
2021-12-01,energeticos,111.0800
2022-01-01,energeticos,113.0000
2022-02-01,energeticos,114.8100
2022-03-01,energeticos,115.2900
2022-04-01,energeticos,116.9500
2022-05-01,energeticos,118.3500
2022-06-01,energeticos,120.0500
2022-07-01,energeticos,122.7900
2022-08-01,energeticos,125.3000
2022-09-01,energeticos,127.2000
2022-10-01,energeticos,128.7600
2022-11-01,energeticos,129.6700
2022-12-01,energeticos,130.9400
2023-01-01,energeticos,133.0600
2023-02-01,energeticos,135.5100
2023-03-01,energeticos,138.9500
2023-04-01,energeticos,141.4000
2023-05-01,energeticos,144.7800
2023-06-01,energeticos,147.2600
2023-07-01,energeticos,150.1800
2023-08-01,energeticos,153.1000
2023-09-01,energeticos,154.9700
2023-10-01,energeticos,155.6600
2023-11-01,energeticos,162.0500
2023-12-01,energeticos,165.0500
2024-01-01,energeticos,169.1100
2024-02-01,energeticos,170.6700
2024-03-01,energeticos,171.8500
2024-04-01,energeticos,172.3300
2024-05-01,energeticos,173.3000
2024-06-01,energeticos,174.2700
2024-07-01,energeticos,174.2000
2024-08-01,energeticos,174.1300
2024-09-01,energeticos,172.5600
2024-10-01,energeticos,170.8100
2024-11-01,energeticos,171.0400
2024-12-01,energeticos,173.3300
2025-01-01,energeticos,174.0500
2025-02-01,energeticos,177.5900
2025-03-01,energeticos,177.7500
2025-04-01,energeticos,178.6000
2025-05-01,energeticos,178.0600
2025-06-01,energeticos,176.5800
2025-07-01,energeticos,176.1600
2025-08-01,energeticos,175.1900
2025-09-01,energeticos,175.3600
2025-10-01,energeticos,175.8200
2025-11-01,energeticos,176.1700
2025-12-01,energeticos,175.4500
2026-01-01,energeticos,175.5100
2026-02-01,energeticos,172.7500
2026-03-01,energeticos,173.1000
2026-04-01,energeticos,175.4100
2026-05-01,energeticos,177.8500
2026-06-01,energeticos,179.0300
2026-07-01,energeticos,180.7700
2026-08-01,energeticos,182.1100
2009-01-01,no_durables,69.5600
2009-02-01,no_durables,69.9200
2009-03-01,no_durables,70.3700
2009-04-01,no_durables,70.7500
2009-05-01,no_durables,70.5900
2009-06-01,no_durables,70.2600
2009-07-01,no_durables,69.9700
2009-08-01,no_durables,69.9300
2009-09-01,no_durables,69.6600
2009-10-01,no_durables,69.4100
2009-11-01,no_durables,69.2400
2009-12-01,no_durables,69.2400
2010-01-01,no_durables,69.6500
2010-02-01,no_durables,70.4700
2010-03-01,no_durables,70.8300
2010-04-01,no_durables,71.6400
2010-05-01,no_durables,71.6700
2010-06-01,no_durables,71.7400
2010-07-01,no_durables,71.6200
2010-08-01,no_durables,71.7100
2010-09-01,no_durables,71.4000
2010-10-01,no_durables,71.1900
2010-11-01,no_durables,71.4700
2010-12-01,no_durables,72.4500
2011-01-01,no_durables,73.2800
2011-02-01,no_durables,73.5700
2011-03-01,no_durables,73.9100
2011-04-01,no_durables,73.9700
2011-05-01,no_durables,74.3000
2011-06-01,no_durables,74.5700
2011-07-01,no_durables,74.7300
2011-08-01,no_durables,74.7500
2011-09-01,no_durables,75.2100
2011-10-01,no_durables,75.4300
2011-11-01,no_durables,75.3800
2011-12-01,no_durables,75.7400
2012-01-01,no_durables,76.5100
2012-02-01,no_durables,76.8700
2012-03-01,no_durables,76.8700
2012-04-01,no_durables,76.8500
2012-05-01,no_durables,77.2400
2012-06-01,no_durables,77.1200
2012-07-01,no_durables,76.7900
2012-08-01,no_durables,76.8900
2012-09-01,no_durables,77.2500
2012-10-01,no_durables,77.4100
2012-11-01,no_durables,76.9600
2012-12-01,no_durables,76.8700
2013-01-01,no_durables,77.0700
2013-02-01,no_durables,77.1700
2013-03-01,no_durables,77.2000
2013-04-01,no_durables,77.5100
2013-05-01,no_durables,77.7800
2013-06-01,no_durables,77.8800
2013-07-01,no_durables,77.6300
2013-08-01,no_durables,77.7300
2013-09-01,no_durables,78.1400
2013-10-01,no_durables,77.4900
2013-11-01,no_durables,76.8400
2013-12-01,no_durables,77.0100
2014-01-01,no_durables,77.4500
2014-02-01,no_durables,77.8700
2014-03-01,no_durables,78.2900
2014-04-01,no_durables,78.9900
2014-05-01,no_durables,79.6700
2014-06-01,no_durables,79.6600
2014-07-01,no_durables,80.0300
2014-08-01,no_durables,80.3300
2014-09-01,no_durables,80.5000
2014-10-01,no_durables,80.5900
2014-11-01,no_durables,80.6100
2014-12-01,no_durables,80.5400
2015-01-01,no_durables,81.1400
2015-02-01,no_durables,82.2700
2015-03-01,no_durables,83.0300
2015-04-01,no_durables,83.6700
2015-05-01,no_durables,83.8300
2015-06-01,no_durables,83.5500
2015-07-01,no_durables,83.8000
2015-08-01,no_durables,84.4800
2015-09-01,no_durables,85.3700
2015-10-01,no_durables,86.3900
2015-11-01,no_durables,87.3100
2015-12-01,no_durables,88.1600
2016-01-01,no_durables,90.0500
2016-02-01,no_durables,91.3100
2016-03-01,no_durables,92.7400
2016-04-01,no_durables,93.1500
2016-05-01,no_durables,93.8900
2016-06-01,no_durables,94.4100
2016-07-01,no_durables,95.3700
2016-08-01,no_durables,94.1800
2016-09-01,no_durables,93.6600
2016-10-01,no_durables,93.2700
2016-11-01,no_durables,93.4000
2016-12-01,no_durables,93.9000
2017-01-01,no_durables,95.1200
2017-02-01,no_durables,95.7000
2017-03-01,no_durables,96.0100
2017-04-01,no_durables,96.4900
2017-05-01,no_durables,96.7300
2017-06-01,no_durables,96.5800
2017-07-01,no_durables,96.4100
2017-08-01,no_durables,96.6600
2017-09-01,no_durables,96.5600
2017-10-01,no_durables,96.4900
2017-11-01,no_durables,96.6000
2017-12-01,no_durables,96.7700
2018-01-01,no_durables,97.5000
2018-02-01,no_durables,97.8300
2018-03-01,no_durables,97.9600
2018-04-01,no_durables,98.8600
2018-05-01,no_durables,99.1900
2018-06-01,no_durables,99.2300
2018-07-01,no_durables,98.8900
2018-08-01,no_durables,99.1000
2018-09-01,no_durables,99.4000
2018-10-01,no_durables,99.5500
2018-11-01,no_durables,99.6600
2018-12-01,no_durables,100.0000
2019-01-01,no_durables,100.7500
2019-02-01,no_durables,101.0500
2019-03-01,no_durables,101.9100
2019-04-01,no_durables,102.7100
2019-05-01,no_durables,103.2400
2019-06-01,no_durables,103.5800
2019-07-01,no_durables,104.0200
2019-08-01,no_durables,104.0000
2019-09-01,no_durables,104.3400
2019-10-01,no_durables,104.6300
2019-11-01,no_durables,104.6200
2019-12-01,no_durables,104.6800
2020-01-01,no_durables,105.0200
2020-02-01,no_durables,105.8000
2020-03-01,no_durables,107.0500
2020-04-01,no_durables,107.8700
2020-05-01,no_durables,107.1300
2020-06-01,no_durables,106.1600
2020-07-01,no_durables,105.8800
2020-08-01,no_durables,105.8600
2020-09-01,no_durables,106.4000
2020-10-01,no_durables,106.1100
2020-11-01,no_durables,106.1900
2020-12-01,no_durables,106.8800
2021-01-01,no_durables,107.7900
2021-02-01,no_durables,108.2800
2021-03-01,no_durables,109.4900
2021-04-01,no_durables,111.0400
2021-05-01,no_durables,114.2000
2021-06-01,no_durables,113.7200
2021-07-01,no_durables,114.2200
2021-08-01,no_durables,115.0400
2021-09-01,no_durables,115.9500
2021-10-01,no_durables,116.6800
2021-11-01,no_durables,117.8800
2021-12-01,no_durables,119.7100
2022-01-01,no_durables,122.9900
2022-02-01,no_durables,125.9600
2022-03-01,no_durables,128.4600
2022-04-01,no_durables,131.1300
2022-05-01,no_durables,132.8800
2022-06-01,no_durables,134.0300
2022-07-01,no_durables,135.6900
2022-08-01,no_durables,138.1100
2022-09-01,no_durables,140.1600
2022-10-01,no_durables,141.7500
2022-11-01,no_durables,143.4300
2022-12-01,no_durables,146.2900
2023-01-01,no_durables,149.3000
2023-02-01,no_durables,151.8700
2023-03-01,no_durables,153.8700
2023-04-01,no_durables,154.9100
2023-05-01,no_durables,155.2000
2023-06-01,no_durables,155.4500
2023-07-01,no_durables,156.5200
2023-08-01,no_durables,158.3200
2023-09-01,no_durables,159.5900
2023-10-01,no_durables,160.0400
2023-11-01,no_durables,161.1900
2023-12-01,no_durables,161.6400
2024-01-01,no_durables,163.0800
2024-02-01,no_durables,164.1100
2024-03-01,no_durables,165.1100
2024-04-01,no_durables,166.2800
2024-05-01,no_durables,167.0300
2024-06-01,no_durables,167.6400
2024-07-01,no_durables,167.9500
2024-08-01,no_durables,167.3700
2024-09-01,no_durables,167.1500
2024-10-01,no_durables,166.1500
2024-11-01,no_durables,166.4500
2024-12-01,no_durables,167.4900
2025-01-01,no_durables,169.1300
2025-02-01,no_durables,170.6400
2025-03-01,no_durables,171.5100
2025-04-01,no_durables,172.9000
2025-05-01,no_durables,173.5200
2025-06-01,no_durables,173.2300
2025-07-01,no_durables,173.9000
2025-08-01,no_durables,174.2900
2025-09-01,no_durables,174.7100
2025-10-01,no_durables,174.8100
2025-11-01,no_durables,174.5300
2025-12-01,no_durables,174.3400
2026-01-01,no_durables,176.0600
2026-02-01,no_durables,176.8700
2026-03-01,no_durables,178.2400
2026-04-01,no_durables,180.3800
2026-05-01,no_durables,181.2600
2026-06-01,no_durables,182.3500
2026-07-01,no_durables,182.6600
2026-08-01,no_durables,183.4600
2009-01-01,semidurables,88.5500
2009-02-01,semidurables,88.8200
2009-03-01,semidurables,88.8900
2009-04-01,semidurables,88.9400
2009-05-01,semidurables,89.0800
2009-06-01,semidurables,89.1200
2009-07-01,semidurables,89.1800
2009-08-01,semidurables,89.1200
2009-09-01,semidurables,89.0700
2009-10-01,semidurables,89.0200
2009-11-01,semidurables,89.0100
2009-12-01,semidurables,89.0000
2010-01-01,semidurables,88.8700
2010-02-01,semidurables,88.8000
2010-03-01,semidurables,88.6700
2010-04-01,semidurables,88.5900
2010-05-01,semidurables,88.5700
2010-06-01,semidurables,88.4200
2010-07-01,semidurables,88.4000
2010-08-01,semidurables,88.2000
2010-09-01,semidurables,88.1000
2010-10-01,semidurables,87.9300
2010-11-01,semidurables,87.9500
2010-12-01,semidurables,87.9500
2011-01-01,semidurables,88.0200
2011-02-01,semidurables,88.1900
2011-03-01,semidurables,88.1800
2011-04-01,semidurables,88.1600
2011-05-01,semidurables,88.2800
2011-06-01,semidurables,88.3000
2011-07-01,semidurables,88.3300
2011-08-01,semidurables,88.3400
2011-09-01,semidurables,88.3500
2011-10-01,semidurables,88.3700
2011-11-01,semidurables,88.4000
2011-12-01,semidurables,88.4100
2012-01-01,semidurables,88.3700
2012-02-01,semidurables,88.5100
2012-03-01,semidurables,88.5000
2012-04-01,semidurables,88.5800
2012-05-01,semidurables,88.6900
2012-06-01,semidurables,88.7700
2012-07-01,semidurables,88.8000
2012-08-01,semidurables,88.7700
2012-09-01,semidurables,88.8100
2012-10-01,semidurables,88.8900
2012-11-01,semidurables,88.9600
2012-12-01,semidurables,88.9700
2013-01-01,semidurables,88.9400
2013-02-01,semidurables,89.0300
2013-03-01,semidurables,89.0500
2013-04-01,semidurables,88.9800
2013-05-01,semidurables,89.1100
2013-06-01,semidurables,89.1800
2013-07-01,semidurables,89.2500
2013-08-01,semidurables,89.2100
2013-09-01,semidurables,89.2200
2013-10-01,semidurables,89.2900
2013-11-01,semidurables,89.4600
2013-12-01,semidurables,89.5900
2014-01-01,semidurables,89.6100
2014-02-01,semidurables,89.8200
2014-03-01,semidurables,89.9400
2014-04-01,semidurables,90.0800
2014-05-01,semidurables,90.2400
2014-06-01,semidurables,90.3000
2014-07-01,semidurables,90.3800
2014-08-01,semidurables,90.4200
2014-09-01,semidurables,90.4600
2014-10-01,semidurables,90.5600
2014-11-01,semidurables,90.6200
2014-12-01,semidurables,90.7300
2015-01-01,semidurables,90.7300
2015-02-01,semidurables,91.0800
2015-03-01,semidurables,91.2500
2015-04-01,semidurables,91.5000
2015-05-01,semidurables,91.6900
2015-06-01,semidurables,91.9100
2015-07-01,semidurables,92.0700
2015-08-01,semidurables,92.2000
2015-09-01,semidurables,92.5000
2015-10-01,semidurables,92.9200
2015-11-01,semidurables,93.3400
2015-12-01,semidurables,93.5500
2016-01-01,semidurables,93.9600
2016-02-01,semidurables,94.6700
2016-03-01,semidurables,95.0300
2016-04-01,semidurables,95.4500
2016-05-01,semidurables,95.7600
2016-06-01,semidurables,96.0700
2016-07-01,semidurables,96.2700
2016-08-01,semidurables,96.5000
2016-09-01,semidurables,96.7100
2016-10-01,semidurables,96.9500
2016-11-01,semidurables,97.0900
2016-12-01,semidurables,97.1800
2017-01-01,semidurables,97.3600
2017-02-01,semidurables,98.1500
2017-03-01,semidurables,98.4900
2017-04-01,semidurables,98.8500
2017-05-01,semidurables,98.9400
2017-06-01,semidurables,99.1100
2017-07-01,semidurables,99.1800
2017-08-01,semidurables,99.1400
2017-09-01,semidurables,99.3100
2017-10-01,semidurables,99.2400
2017-11-01,semidurables,99.3400
2017-12-01,semidurables,99.3500
2018-01-01,semidurables,99.3900
2018-02-01,semidurables,99.7100
2018-03-01,semidurables,99.7000
2018-04-01,semidurables,99.7000
2018-05-01,semidurables,99.7100
2018-06-01,semidurables,99.7900
2018-07-01,semidurables,99.7600
2018-08-01,semidurables,99.8400
2018-09-01,semidurables,99.8500
2018-10-01,semidurables,99.8700
2018-11-01,semidurables,99.9700
2018-12-01,semidurables,100.0000
2019-01-01,semidurables,99.9000
2019-02-01,semidurables,100.1100
2019-03-01,semidurables,100.1500
2019-04-01,semidurables,100.2600
2019-05-01,semidurables,100.5200
2019-06-01,semidurables,100.6400
2019-07-01,semidurables,100.5100
2019-08-01,semidurables,100.7100
2019-09-01,semidurables,100.8400
2019-10-01,semidurables,100.9100
2019-11-01,semidurables,101.0300
2019-12-01,semidurables,101.0800
2020-01-01,semidurables,101.2800
2020-02-01,semidurables,101.6000
2020-03-01,semidurables,101.7100
2020-04-01,semidurables,101.4400
2020-05-01,semidurables,101.2400
2020-06-01,semidurables,99.6400
2020-07-01,semidurables,99.6200
2020-08-01,semidurables,98.9400
2020-09-01,semidurables,99.2000
2020-10-01,semidurables,99.2300
2020-11-01,semidurables,96.4100
2020-12-01,semidurables,98.6000
2021-01-01,semidurables,98.3700
2021-02-01,semidurables,99.9200
2021-03-01,semidurables,100.3000
2021-04-01,semidurables,100.1000
2021-05-01,semidurables,100.2500
2021-06-01,semidurables,100.3600
2021-07-01,semidurables,100.5700
2021-08-01,semidurables,100.6900
2021-09-01,semidurables,100.8700
2021-10-01,semidurables,98.2900
2021-11-01,semidurables,97.8200
2021-12-01,semidurables,97.5300
2022-01-01,semidurables,100.6400
2022-02-01,semidurables,101.9000
2022-03-01,semidurables,100.7100
2022-04-01,semidurables,103.1400
2022-05-01,semidurables,103.7500
2022-06-01,semidurables,101.8500
2022-07-01,semidurables,104.7400
2022-08-01,semidurables,105.3000
2022-09-01,semidurables,106.5300
2022-10-01,semidurables,106.8300
2022-11-01,semidurables,107.2000
2022-12-01,semidurables,107.9600
2023-01-01,semidurables,108.4200
2023-02-01,semidurables,109.6000
2023-03-01,semidurables,110.4000
2023-04-01,semidurables,111.0000
2023-05-01,semidurables,111.6600
2023-06-01,semidurables,112.0100
2023-07-01,semidurables,112.4200
2023-08-01,semidurables,112.7500
2023-09-01,semidurables,112.9300
2023-10-01,semidurables,113.0600
2023-11-01,semidurables,113.2600
2023-12-01,semidurables,113.5100
2024-01-01,semidurables,113.7900
2024-02-01,semidurables,114.5900
2024-03-01,semidurables,114.7800
2024-04-01,semidurables,114.8300
2024-05-01,semidurables,114.9400
2024-06-01,semidurables,114.9300
2024-07-01,semidurables,114.7900
2024-08-01,semidurables,114.8900
2024-09-01,semidurables,115.0000
2024-10-01,semidurables,115.0900
2024-11-01,semidurables,115.2900
2024-12-01,semidurables,115.3200
2025-01-01,semidurables,115.2000
2025-02-01,semidurables,115.8900
2025-03-01,semidurables,116.1600
2025-04-01,semidurables,116.5000
2025-05-01,semidurables,116.9300
2025-06-01,semidurables,117.0500
2025-07-01,semidurables,117.0400
2025-08-01,semidurables,116.9800
2025-09-01,semidurables,117.1800
2025-10-01,semidurables,117.3400
2025-11-01,semidurables,117.2700
2025-12-01,semidurables,117.4300
2026-01-01,semidurables,117.6800
2026-02-01,semidurables,118.3700
2026-03-01,semidurables,118.5300
2026-04-01,semidurables,118.9600
2026-05-01,semidurables,119.4200
2026-06-01,semidurables,119.7900
2026-07-01,semidurables,120.1300
2026-08-01,semidurables,120.0500
2009-01-01,servicios,66.6600
2009-02-01,servicios,67.4600
2009-03-01,servicios,67.7500
2009-04-01,servicios,67.8700
2009-05-01,servicios,67.9800
2009-06-01,servicios,68.1500
2009-07-01,servicios,68.2900
2009-08-01,servicios,68.4400
2009-09-01,servicios,68.5400
2009-10-01,servicios,68.5900
2009-11-01,servicios,68.6700
2009-12-01,servicios,68.8500
2010-01-01,servicios,69.5400
2010-02-01,servicios,70.1000
2010-03-01,servicios,70.2100
2010-04-01,servicios,70.3300
2010-05-01,servicios,70.5100
2010-06-01,servicios,70.6600
2010-07-01,servicios,70.7100
2010-08-01,servicios,70.8300
2010-09-01,servicios,70.9000
2010-10-01,servicios,70.9700
2010-11-01,servicios,71.0800
2010-12-01,servicios,71.2900
2011-01-01,servicios,72.0000
2011-02-01,servicios,72.6500
2011-03-01,servicios,72.8300
2011-04-01,servicios,73.0100
2011-05-01,servicios,73.2100
2011-06-01,servicios,73.5100
2011-07-01,servicios,73.6100
2011-08-01,servicios,73.5600
2011-09-01,servicios,73.6800
2011-10-01,servicios,73.7900
2011-11-01,servicios,74.0200
2011-12-01,servicios,74.3800
2012-01-01,servicios,74.9100
2012-02-01,servicios,75.5500
2012-03-01,servicios,75.7600
2012-04-01,servicios,76.0200
2012-05-01,servicios,76.2100
2012-06-01,servicios,76.4300
2012-07-01,servicios,76.6600
2012-08-01,servicios,76.6400
2012-09-01,servicios,76.7900
2012-10-01,servicios,76.9200
2012-11-01,servicios,77.0600
2012-12-01,servicios,77.3000
2013-01-01,servicios,77.6200
2013-02-01,servicios,78.2200
2013-03-01,servicios,78.5000
2013-04-01,servicios,78.6800
2013-05-01,servicios,78.9200
2013-06-01,servicios,79.2200
2013-07-01,servicios,79.4600
2013-08-01,servicios,79.5200
2013-09-01,servicios,79.6500
2013-10-01,servicios,79.7200
2013-11-01,servicios,79.8300
2013-12-01,servicios,80.1100
2014-01-01,servicios,80.5300
2014-02-01,servicios,81.1900
2014-03-01,servicios,81.4400
2014-04-01,servicios,81.6000
2014-05-01,servicios,81.8200
2014-06-01,servicios,81.9700
2014-07-01,servicios,81.9300
2014-08-01,servicios,82.0500
2014-09-01,servicios,82.1700
2014-10-01,servicios,82.3700
2014-11-01,servicios,82.5500
2014-12-01,servicios,82.9400
2015-01-01,servicios,83.4200
2015-02-01,servicios,84.2300
2015-03-01,servicios,84.5000
2015-04-01,servicios,84.8100
2015-05-01,servicios,85.0500
2015-06-01,servicios,85.3100
2015-07-01,servicios,85.3600
2015-08-01,servicios,85.5500
2015-09-01,servicios,85.9100
2015-10-01,servicios,86.1200
2015-11-01,servicios,86.3200
2015-12-01,servicios,86.6900
2016-01-01,servicios,87.3400
2016-02-01,servicios,88.4800
2016-03-01,servicios,88.9400
2016-04-01,servicios,89.4000
2016-05-01,servicios,89.6400
2016-06-01,servicios,90.0100
2016-07-01,servicios,90.1900
2016-08-01,servicios,90.4800
2016-09-01,servicios,90.7500
2016-10-01,servicios,90.9100
2016-11-01,servicios,91.0300
2016-12-01,servicios,91.4300
2017-01-01,servicios,92.3300
2017-02-01,servicios,93.6000
2017-03-01,servicios,94.1400
2017-04-01,servicios,94.6500
2017-05-01,servicios,94.8800
2017-06-01,servicios,95.2200
2017-07-01,servicios,95.2500
2017-08-01,servicios,95.4000
2017-09-01,servicios,95.5300
2017-10-01,servicios,95.6500
2017-11-01,servicios,95.8700
2017-12-01,servicios,96.4800
2018-01-01,servicios,97.1300
2018-02-01,servicios,98.1700
2018-03-01,servicios,98.5100
2018-04-01,servicios,98.7000
2018-05-01,servicios,98.9400
2018-06-01,servicios,99.2300
2018-07-01,servicios,99.2300
2018-08-01,servicios,99.3000
2018-09-01,servicios,99.4200
2018-10-01,servicios,99.5200
2018-11-01,servicios,99.6800
2018-12-01,servicios,100.0000
2019-01-01,servicios,100.6500
2019-02-01,servicios,101.4600
2019-03-01,servicios,101.7100
2019-04-01,servicios,102.1000
2019-05-01,servicios,102.3300
2019-06-01,servicios,102.5900
2019-07-01,servicios,102.7300
2019-08-01,servicios,102.8900
2019-09-01,servicios,103.0800
2019-10-01,servicios,103.1800
2019-11-01,servicios,103.3400
2019-12-01,servicios,103.7500
2020-01-01,servicios,104.2900
2020-02-01,servicios,105.0300
2020-03-01,servicios,105.3300
2020-04-01,servicios,105.1800
2020-05-01,servicios,105.0200
2020-06-01,servicios,104.9900
2020-07-01,servicios,105.1100
2020-08-01,servicios,105.1300
2020-09-01,servicios,105.3500
2020-10-01,servicios,105.3800
2020-11-01,servicios,105.3700
2020-12-01,servicios,105.4100
2021-01-01,servicios,105.6300
2021-02-01,servicios,106.2700
2021-03-01,servicios,106.4900
2021-04-01,servicios,106.7200
2021-05-01,servicios,106.8000
2021-06-01,servicios,106.9200
2021-07-01,servicios,107.2100
2021-08-01,servicios,107.5600
2021-09-01,servicios,107.6800
2021-10-01,servicios,107.4600
2021-11-01,servicios,107.7100
2021-12-01,servicios,108.0200
2022-01-01,servicios,109.0100
2022-02-01,servicios,110.2800
2022-03-01,servicios,110.8900
2022-04-01,servicios,111.5800
2022-05-01,servicios,112.2000
2022-06-01,servicios,112.7000
2022-07-01,servicios,113.0500
2022-08-01,servicios,113.6300
2022-09-01,servicios,114.1600
2022-10-01,servicios,114.6100
2022-11-01,servicios,115.1200
2022-12-01,servicios,115.9700
2023-01-01,servicios,117.9300
2023-02-01,servicios,119.9200
2023-03-01,servicios,120.9800
2023-04-01,servicios,122.0400
2023-05-01,servicios,122.7500
2023-06-01,servicios,123.2500
2023-07-01,servicios,123.7900
2023-08-01,servicios,124.3800
2023-09-01,servicios,125.0200
2023-10-01,servicios,125.4100
2023-11-01,servicios,125.9200
2023-12-01,servicios,126.7800
2024-01-01,servicios,128.1600
2024-02-01,servicios,130.1700
2024-03-01,servicios,131.3700
2024-04-01,servicios,132.1800
2024-05-01,servicios,132.9100
2024-06-01,servicios,133.4000
2024-07-01,servicios,133.7500
2024-08-01,servicios,134.1300
2024-09-01,servicios,134.8600
2024-10-01,servicios,135.1300
2024-11-01,servicios,135.5900
2024-12-01,servicios,136.1400
2025-01-01,servicios,137.5700
2025-02-01,servicios,139.5700
2025-03-01,servicios,140.3600
2025-04-01,servicios,141.2400
2025-05-01,servicios,141.6700
2025-06-01,servicios,142.0800
2025-07-01,servicios,142.4400
2025-08-01,servicios,142.7500
2025-09-01,servicios,143.3400
2025-10-01,servicios,143.7600
2025-11-01,servicios,144.0700
2025-12-01,servicios,144.8700
2026-01-01,servicios,147.0000
2026-02-01,servicios,149.3600
2026-03-01,servicios,150.6600
2026-04-01,servicios,151.5600
2026-05-01,servicios,152.3500
2026-06-01,servicios,152.7800
2026-07-01,servicios,153.0900
2026-08-01,servicios,153.7700
2009-01-01,sin_alimentos_energeticos,70.4500
2009-02-01,sin_alimentos_energeticos,71.1500
2009-03-01,sin_alimentos_energeticos,71.4600
2009-04-01,sin_alimentos_energeticos,71.6500
2009-05-01,sin_alimentos_energeticos,71.8100
2009-06-01,sin_alimentos_energeticos,71.9700
2009-07-01,sin_alimentos_energeticos,72.1000
2009-08-01,sin_alimentos_energeticos,72.1900
2009-09-01,sin_alimentos_energeticos,72.2300
2009-10-01,sin_alimentos_energeticos,72.2400
2009-11-01,sin_alimentos_energeticos,72.2800
2009-12-01,sin_alimentos_energeticos,72.3800
2010-01-01,sin_alimentos_energeticos,72.8900
2010-02-01,sin_alimentos_energeticos,73.3000
2010-03-01,sin_alimentos_energeticos,73.3800
2010-04-01,sin_alimentos_energeticos,73.4400
2010-05-01,sin_alimentos_energeticos,73.5700
2010-06-01,sin_alimentos_energeticos,73.6700
2010-07-01,sin_alimentos_energeticos,73.7100
2010-08-01,sin_alimentos_energeticos,73.8300
2010-09-01,sin_alimentos_energeticos,73.9000
2010-10-01,sin_alimentos_energeticos,73.9200
2010-11-01,sin_alimentos_energeticos,73.9800
2010-12-01,sin_alimentos_energeticos,74.1300
2011-01-01,sin_alimentos_energeticos,74.6400
2011-02-01,sin_alimentos_energeticos,75.1300
2011-03-01,sin_alimentos_energeticos,75.2500
2011-04-01,sin_alimentos_energeticos,75.3500
2011-05-01,sin_alimentos_energeticos,75.4800
2011-06-01,sin_alimentos_energeticos,75.6800
2011-07-01,sin_alimentos_energeticos,75.7600
2011-08-01,sin_alimentos_energeticos,75.7900
2011-09-01,sin_alimentos_energeticos,75.9000
2011-10-01,sin_alimentos_energeticos,75.9600
2011-11-01,sin_alimentos_energeticos,76.1100
2011-12-01,sin_alimentos_energeticos,76.3600
2012-01-01,sin_alimentos_energeticos,76.7700
2012-02-01,sin_alimentos_energeticos,77.2800
2012-03-01,sin_alimentos_energeticos,77.4300
2012-04-01,sin_alimentos_energeticos,77.5800
2012-05-01,sin_alimentos_energeticos,77.7200
2012-06-01,sin_alimentos_energeticos,77.8600
2012-07-01,sin_alimentos_energeticos,78.0500
2012-08-01,sin_alimentos_energeticos,78.1000
2012-09-01,sin_alimentos_energeticos,78.2300
2012-10-01,sin_alimentos_energeticos,78.3400
2012-11-01,sin_alimentos_energeticos,78.4200
2012-12-01,sin_alimentos_energeticos,78.5800
2013-01-01,sin_alimentos_energeticos,78.8200
2013-02-01,sin_alimentos_energeticos,79.2700
2013-03-01,sin_alimentos_energeticos,79.5000
2013-04-01,sin_alimentos_energeticos,79.6300
2013-05-01,sin_alimentos_energeticos,79.8000
2013-06-01,sin_alimentos_energeticos,80.0100
2013-07-01,sin_alimentos_energeticos,80.2000
2013-08-01,sin_alimentos_energeticos,80.2500
2013-09-01,sin_alimentos_energeticos,80.3300
2013-10-01,sin_alimentos_energeticos,80.3900
2013-11-01,sin_alimentos_energeticos,80.4900
2013-12-01,sin_alimentos_energeticos,80.6900
2014-01-01,sin_alimentos_energeticos,81.0200
2014-02-01,sin_alimentos_energeticos,81.5300
2014-03-01,sin_alimentos_energeticos,81.7600
2014-04-01,sin_alimentos_energeticos,81.9600
2014-05-01,sin_alimentos_energeticos,82.2100
2014-06-01,sin_alimentos_energeticos,82.3200
2014-07-01,sin_alimentos_energeticos,82.3100
2014-08-01,sin_alimentos_energeticos,82.3900
2014-09-01,sin_alimentos_energeticos,82.4700
2014-10-01,sin_alimentos_energeticos,82.6300
2014-11-01,sin_alimentos_energeticos,82.7800
2014-12-01,sin_alimentos_energeticos,83.1300
2015-01-01,sin_alimentos_energeticos,83.5700
2015-02-01,sin_alimentos_energeticos,84.3600
2015-03-01,sin_alimentos_energeticos,84.7200
2015-04-01,sin_alimentos_energeticos,85.0900
2015-05-01,sin_alimentos_energeticos,85.3900
2015-06-01,sin_alimentos_energeticos,85.6900
2015-07-01,sin_alimentos_energeticos,85.8000
2015-08-01,sin_alimentos_energeticos,86.0500
2015-09-01,sin_alimentos_energeticos,86.4800
2015-10-01,sin_alimentos_energeticos,86.8000
2015-11-01,sin_alimentos_energeticos,87.1800
2015-12-01,sin_alimentos_energeticos,87.5600
2016-01-01,sin_alimentos_energeticos,88.2200
2016-02-01,sin_alimentos_energeticos,89.2400
2016-03-01,sin_alimentos_energeticos,89.8200
2016-04-01,sin_alimentos_energeticos,90.3400
2016-05-01,sin_alimentos_energeticos,90.7000
2016-06-01,sin_alimentos_energeticos,91.1200
2016-07-01,sin_alimentos_energeticos,91.3700
2016-08-01,sin_alimentos_energeticos,91.5500
2016-09-01,sin_alimentos_energeticos,91.8400
2016-10-01,sin_alimentos_energeticos,91.9900
2016-11-01,sin_alimentos_energeticos,92.1000
2016-12-01,sin_alimentos_energeticos,92.4200
2017-01-01,sin_alimentos_energeticos,93.2400
2017-02-01,sin_alimentos_energeticos,94.4300
2017-03-01,sin_alimentos_energeticos,95.0000
2017-04-01,sin_alimentos_energeticos,95.5200
2017-05-01,sin_alimentos_energeticos,95.7500
2017-06-01,sin_alimentos_energeticos,96.0100
2017-07-01,sin_alimentos_energeticos,96.0800
2017-08-01,sin_alimentos_energeticos,96.1500
2017-09-01,sin_alimentos_energeticos,96.2800
2017-10-01,sin_alimentos_energeticos,96.3600
2017-11-01,sin_alimentos_energeticos,96.5600
2017-12-01,sin_alimentos_energeticos,96.9900
2018-01-01,sin_alimentos_energeticos,97.5100
2018-02-01,sin_alimentos_energeticos,98.3900
2018-03-01,sin_alimentos_energeticos,98.6800
2018-04-01,sin_alimentos_energeticos,98.9000
2018-05-01,sin_alimentos_energeticos,99.1200
2018-06-01,sin_alimentos_energeticos,99.3800
2018-07-01,sin_alimentos_energeticos,99.4000
2018-08-01,sin_alimentos_energeticos,99.4700
2018-09-01,sin_alimentos_energeticos,99.5500
2018-10-01,sin_alimentos_energeticos,99.6400
2018-11-01,sin_alimentos_energeticos,99.7400
2018-12-01,sin_alimentos_energeticos,100.0000
2019-01-01,sin_alimentos_energeticos,100.5000
2019-02-01,sin_alimentos_energeticos,101.1900
2019-03-01,sin_alimentos_energeticos,101.4500
2019-04-01,sin_alimentos_energeticos,101.8200
2019-05-01,sin_alimentos_energeticos,102.0900
2019-06-01,sin_alimentos_energeticos,102.3400
2019-07-01,sin_alimentos_energeticos,102.4600
2019-08-01,sin_alimentos_energeticos,102.6100
2019-09-01,sin_alimentos_energeticos,102.7800
2019-10-01,sin_alimentos_energeticos,102.8800
2019-11-01,sin_alimentos_energeticos,103.0400
2019-12-01,sin_alimentos_energeticos,103.4000
2020-01-01,sin_alimentos_energeticos,103.8900
2020-02-01,sin_alimentos_energeticos,104.5100
2020-03-01,sin_alimentos_energeticos,104.8200
2020-04-01,sin_alimentos_energeticos,104.6600
2020-05-01,sin_alimentos_energeticos,104.4200
2020-06-01,sin_alimentos_energeticos,104.1500
2020-07-01,sin_alimentos_energeticos,104.3300
2020-08-01,sin_alimentos_energeticos,104.4100
2020-09-01,sin_alimentos_energeticos,104.7500
2020-10-01,sin_alimentos_energeticos,104.7800
2020-11-01,sin_alimentos_energeticos,104.5700
2020-12-01,sin_alimentos_energeticos,104.8400
2021-01-01,sin_alimentos_energeticos,105.0500
2021-02-01,sin_alimentos_energeticos,105.7700
2021-03-01,sin_alimentos_energeticos,106.0500
2021-04-01,sin_alimentos_energeticos,106.2700
2021-05-01,sin_alimentos_energeticos,106.3900
2021-06-01,sin_alimentos_energeticos,106.5600
2021-07-01,sin_alimentos_energeticos,106.8700
2021-08-01,sin_alimentos_energeticos,107.1900
2021-09-01,sin_alimentos_energeticos,107.4700
2021-10-01,sin_alimentos_energeticos,107.2200
2021-11-01,sin_alimentos_energeticos,107.4700
2021-12-01,sin_alimentos_energeticos,107.8200
2022-01-01,sin_alimentos_energeticos,109.0800
2022-02-01,sin_alimentos_energeticos,110.4400
2022-03-01,sin_alimentos_energeticos,111.1000
2022-04-01,sin_alimentos_energeticos,112.0500
2022-05-01,sin_alimentos_energeticos,112.7600
2022-06-01,sin_alimentos_energeticos,113.1900
2022-07-01,sin_alimentos_energeticos,113.8400
2022-08-01,sin_alimentos_energeticos,114.6500
2022-09-01,sin_alimentos_energeticos,115.4400
2022-10-01,sin_alimentos_energeticos,116.0500
2022-11-01,sin_alimentos_energeticos,116.7200
2022-12-01,sin_alimentos_energeticos,117.7700
2023-01-01,sin_alimentos_energeticos,119.6700
2023-02-01,sin_alimentos_energeticos,121.6500
2023-03-01,sin_alimentos_energeticos,122.8000
2023-04-01,sin_alimentos_energeticos,123.9200
2023-05-01,sin_alimentos_energeticos,124.6400
2023-06-01,sin_alimentos_energeticos,125.1200
2023-07-01,sin_alimentos_energeticos,125.6500
2023-08-01,sin_alimentos_energeticos,126.2200
2023-09-01,sin_alimentos_energeticos,126.7500
2023-10-01,sin_alimentos_energeticos,127.0600
2023-11-01,sin_alimentos_energeticos,127.4800
2023-12-01,sin_alimentos_energeticos,128.1500
2024-01-01,sin_alimentos_energeticos,129.2500
2024-02-01,sin_alimentos_energeticos,130.8800
2024-03-01,sin_alimentos_energeticos,131.7900
2024-04-01,sin_alimentos_energeticos,132.4300
2024-05-01,sin_alimentos_energeticos,132.9500
2024-06-01,sin_alimentos_energeticos,133.3600
2024-07-01,sin_alimentos_energeticos,133.6600
2024-08-01,sin_alimentos_energeticos,133.9000
2024-09-01,sin_alimentos_energeticos,134.4500
2024-10-01,sin_alimentos_energeticos,134.6300
2024-11-01,sin_alimentos_energeticos,135.0600
2024-12-01,sin_alimentos_energeticos,135.5300
2025-01-01,sin_alimentos_energeticos,136.6400
2025-02-01,sin_alimentos_energeticos,138.2500
2025-03-01,sin_alimentos_energeticos,138.9200
2025-04-01,sin_alimentos_energeticos,139.7200
2025-05-01,sin_alimentos_energeticos,140.1600
2025-06-01,sin_alimentos_energeticos,140.5200
2025-07-01,sin_alimentos_energeticos,140.7900
2025-08-01,sin_alimentos_energeticos,141.0800
2025-09-01,sin_alimentos_energeticos,141.6200
2025-10-01,sin_alimentos_energeticos,142.0700
2025-11-01,sin_alimentos_energeticos,142.4400
2025-12-01,sin_alimentos_energeticos,143.0600
2026-01-01,sin_alimentos_energeticos,144.7600
2026-02-01,sin_alimentos_energeticos,146.6500
2026-03-01,sin_alimentos_energeticos,147.7100
2026-04-01,sin_alimentos_energeticos,148.5000
2026-05-01,sin_alimentos_energeticos,149.2500
2026-06-01,sin_alimentos_energeticos,149.6800
2026-07-01,sin_alimentos_energeticos,149.9200
2026-08-01,sin_alimentos_energeticos,150.3300
