fecha,division,ponderacion,var_mensual,var_corrido,var_anual,contrib_mensual,contrib_corrido,contrib_anual
2026-08-01,alimentos,15.0500,0.7100,7.1600,6.1000,0.1300,1.3400,1.1600
2026-08-01,alcohol_tabaco,1.7000,0.4100,4.6000,6.9400,0.0100,0.0800,0.1200
2026-08-01,vestuario,3.9800,-0.1400,2.5600,3.2600,0.0000,0.0800,0.1000
2026-08-01,vivienda,33.1200,0.3800,4.6200,5.7400,0.1200,1.4400,1.7800
2026-08-01,muebles,4.1900,0.4000,6.2600,6.6700,0.0200,0.2500,0.2700
2026-08-01,salud,1.7100,0.4000,5.7300,8.3000,0.0100,0.1000,0.1400
2026-08-01,transporte,12.9300,0.0100,4.2500,5.2500,0.0000,0.5700,0.7000
2026-08-01,comunicaciones,4.3300,0.8100,4.1000,5.9700,0.0200,0.1100,0.1500
2026-08-01,recreacion,3.7900,0.8900,3.7100,4.9800,0.0300,0.1100,0.1500
2026-08-01,educacion,4.4100,0.0200,5.9100,7.4500,0.0000,0.2400,0.3000
2026-08-01,restaurantes,9.4300,0.3300,7.1000,9.3600,0.0400,0.8100,1.0500
2026-08-01,diversos,5.3600,0.5200,4.4000,6.0500,0.0300,0.2300,0.3100
2026-08-01,total,100.0000,0.3900,5.3500,6.2400,0.3900,5.3500,6.2400
