fecha,ciudad,td,ts,tgp,to
2021-12-01,Arauca,27.7563,4.4858,47.6146,34.3987
2022-01-01,Arauca,28.6716,4.1830,48.2748,34.4338
2022-02-01,Arauca,28.8909,4.1417,48.8368,34.7277
2022-03-01,Arauca,28.5258,4.3566,49.4335,35.3324
2022-04-01,Arauca,28.6002,4.0843,50.6262,36.1474
2022-05-01,Arauca,28.5653,5.0077,52.3495,37.3960
2022-06-01,Arauca,27.8430,5.2284,53.9895,38.9573
2022-07-01,Arauca,27.3437,6.1481,56.5684,41.1005
2022-08-01,Arauca,28.3205,6.7418,59.1965,42.4318
2022-09-01,Arauca,28.2463,6.9737,60.8619,43.6707
2022-10-01,Arauca,28.6548,7.6382,62.3508,44.4843
2022-11-01,Arauca,29.3947,8.3871,63.3674,44.7408
2022-12-01,Arauca,29.3779,9.4880,64.2161,45.3508
2023-01-01,Arauca,29.4236,10.1173,65.5030,46.2295
2023-02-01,Arauca,29.7020,11.3544,66.3368,46.6333
2023-03-01,Arauca,30.1163,12.4604,67.0662,46.8682
2023-04-01,Arauca,29.7147,13.2780,67.2690,47.2801
2023-05-01,Arauca,29.9299,13.8852,67.5069,47.3022
2023-06-01,Arauca,30.6608,14.4786,67.2947,46.6617
2023-07-01,Arauca,30.6783,14.8095,67.8008,47.0007
2023-08-01,Arauca,30.5257,15.2615,68.0428,47.2723
2023-09-01,Arauca,29.9230,15.7284,68.0626,47.6962
2023-10-01,Arauca,29.3231,15.7853,67.9079,47.9952
2023-11-01,Arauca,28.8490,15.8710,68.2776,48.5802
2023-12-01,Arauca,29.1361,15.7657,68.5482,48.5760
2024-01-01,Arauca,28.5117,15.6943,68.3422,48.8567
2024-02-01,Arauca,28.8992,15.3643,68.8906,48.9817
2024-03-01,Arauca,29.0039,15.2206,69.0758,49.0411
2024-04-01,Arauca,29.8745,14.8506,69.4119,48.6755
2024-05-01,Arauca,29.6737,14.8386,69.2326,48.6888
2024-06-01,Arauca,29.9447,14.7211,69.5179,48.7009
2024-07-01,Arauca,30.5201,14.2858,69.2209,48.0946
2024-08-01,Arauca,30.5578,14.0895,69.2131,48.0631
2024-09-01,Arauca,31.4140,13.9356,69.4519,47.6342
2024-10-01,Arauca,31.3699,14.3723,69.7703,47.8834
2024-11-01,Arauca,31.1491,14.2881,70.2942,48.3981
2024-12-01,Arauca,31.0085,13.4254,70.0772,48.3473
2025-01-01,Arauca,30.6112,13.3302,69.9019,48.5041
2025-02-01,Arauca,29.8284,12.5539,69.7167,48.9213
2025-03-01,Arauca,29.1521,11.7626,69.7267,49.3999
2025-04-01,Arauca,28.3583,11.5462,69.9360,50.1033
2025-05-01,Arauca,27.0185,11.1369,70.1593,51.2033
2025-06-01,Arauca,26.5532,10.7550,70.4887,51.7717
2025-07-01,Arauca,25.7705,10.9675,70.4759,52.3139
2025-08-01,Arauca,24.9392,10.4233,70.5425,52.9498
2025-09-01,Arauca,24.0823,10.0174,70.4714,53.5003
2025-10-01,Arauca,23.0243,8.9970,70.1708,54.0145
2025-11-01,Arauca,21.5983,8.3659,69.1285,54.1979
2025-12-01,Arauca,20.5155,8.4108,69.4302,55.1863
2026-01-01,Arauca,19.8316,8.2671,69.2771,55.5384
2026-02-01,Arauca,19.2096,8.2362,68.9784,55.7279
2026-03-01,Arauca,18.3318,8.6266,68.3940,55.8562
2026-04-01,Arauca,17.0313,8.5920,67.9251,56.3566
2026-05-01,Arauca,16.8982,7.8531,67.4458,56.0487
2026-06-01,Arauca,16.0466,7.5604,66.8495,56.1224
2026-07-01,Arauca,15.1294,6.6341,66.4577,56.4031
2026-08-01,Arauca,14.7092,6.3033,66.4201,56.6502
2021-12-01,Armenia,13.7283,5.2333,51.2618,44.2244
2022-01-01,Armenia,13.0533,4.9390,51.3389,44.6374
2022-02-01,Armenia,12.3847,4.5811,51.5578,45.1725
2022-03-01,Armenia,12.3839,4.7198,52.2193,45.7525
2022-04-01,Armenia,11.8320,4.9096,52.4752,46.2663
2022-05-01,Armenia,11.6474,4.8846,52.9007,46.7391
2022-06-01,Armenia,11.4188,4.8090,53.5493,47.4346
2022-07-01,Armenia,11.7755,4.7525,53.9472,47.5946
2022-08-01,Armenia,11.5810,4.6071,54.2806,47.9943
2022-09-01,Armenia,11.5489,4.6002,54.7234,48.4035
2022-10-01,Armenia,11.5155,4.6087,55.2318,48.8716
2022-11-01,Armenia,11.8208,5.0571,55.6577,49.0785
2022-12-01,Armenia,12.0953,5.0113,56.2211,49.4209
2023-01-01,Armenia,12.4480,5.3515,56.6572,49.6045
2023-02-01,Armenia,12.8936,5.4880,56.8204,49.4942
2023-03-01,Armenia,12.9081,5.3047,56.7915,49.4608
2023-04-01,Armenia,12.7970,5.3133,56.9082,49.6256
2023-05-01,Armenia,12.6385,5.1856,56.7858,49.6089
2023-06-01,Armenia,12.7274,5.1856,56.8374,49.6035
2023-07-01,Armenia,12.6639,5.2936,57.1158,49.8827
2023-08-01,Armenia,12.5540,5.4521,57.2516,50.0642
2023-09-01,Armenia,12.3698,5.5570,57.4544,50.3474
2023-10-01,Armenia,12.3998,5.6208,57.5602,50.4229
2023-11-01,Armenia,12.2953,5.4976,57.9786,50.8500
2023-12-01,Armenia,12.0460,5.5274,58.1120,51.1118
2024-01-01,Armenia,11.9814,5.3674,58.4801,51.4734
2024-02-01,Armenia,11.9527,5.4999,58.4694,51.4807
2024-03-01,Armenia,11.8776,5.5029,58.4343,51.4937
2024-04-01,Armenia,11.9478,5.5466,58.6161,51.6128
2024-05-01,Armenia,11.9571,5.6615,59.0056,51.9503
2024-06-01,Armenia,11.7586,5.6255,58.7918,51.8787
2024-07-01,Armenia,11.5403,5.5324,58.8586,52.0661
2024-08-01,Armenia,11.4817,5.6021,59.1520,52.3604
2024-09-01,Armenia,11.5815,5.5336,59.5826,52.6820
2024-10-01,Armenia,11.2820,5.7075,59.7789,53.0347
2024-11-01,Armenia,11.0803,5.6755,59.7248,53.1071
2024-12-01,Armenia,11.1153,5.6631,59.8632,53.2092
2025-01-01,Armenia,10.9577,5.6640,59.7896,53.2381
2025-02-01,Armenia,10.9554,5.6808,60.0982,53.5142
2025-03-01,Armenia,10.6730,5.6834,60.4591,54.0063
2025-04-01,Armenia,10.5185,5.5982,60.4152,54.0604
2025-05-01,Armenia,10.5755,5.6723,60.3418,53.9604
2025-06-01,Armenia,10.3422,5.8144,60.4465,54.1950
2025-07-01,Armenia,10.2365,6.1398,60.5013,54.3081
2025-08-01,Armenia,10.2330,6.0918,60.5268,54.3331
2025-09-01,Armenia,9.9014,6.2009,60.3185,54.3461
2025-10-01,Armenia,10.0335,6.1353,60.2893,54.2401
2025-11-01,Armenia,9.8013,6.1725,60.2320,54.3285
2025-12-01,Armenia,9.9555,6.2025,60.2366,54.2397
2026-01-01,Armenia,10.2709,6.1812,60.1810,53.9999
2026-02-01,Armenia,10.1904,6.0004,60.2415,54.1026
2026-03-01,Armenia,10.4889,6.1773,60.3258,53.9983
2026-04-01,Armenia,10.4680,6.0446,60.5060,54.1722
2026-05-01,Armenia,10.2195,5.9847,60.5270,54.3414
2026-06-01,Armenia,10.0687,6.0305,60.9008,54.7689
2026-07-01,Armenia,9.9529,5.7685,60.7467,54.7006
2026-08-01,Armenia,10.1089,5.5665,60.3741,54.2709
2021-12-01,Barranquilla A.M.,14.5317,12.5337,61.4569,52.5261
2022-01-01,Barranquilla A.M.,14.3514,12.8130,61.7498,52.8878
2022-02-01,Barranquilla A.M.,14.0188,13.2151,61.8387,53.1697
2022-03-01,Barranquilla A.M.,13.9618,13.8805,62.1241,53.4504
2022-04-01,Barranquilla A.M.,13.7351,14.1285,62.4157,53.8429
2022-05-01,Barranquilla A.M.,13.4620,14.0690,62.2013,53.8277
2022-06-01,Barranquilla A.M.,13.1755,14.2460,62.8707,54.5872
2022-07-01,Barranquilla A.M.,13.2187,14.5814,63.3041,54.9361
2022-08-01,Barranquilla A.M.,13.1348,14.9528,63.7908,55.4120
2022-09-01,Barranquilla A.M.,12.5518,15.0286,64.1611,56.1077
2022-10-01,Barranquilla A.M.,12.3284,15.1692,64.4015,56.4618
2022-11-01,Barranquilla A.M.,12.0579,14.6405,64.4708,56.6970
2022-12-01,Barranquilla A.M.,11.9061,14.5887,64.8480,57.1272
2023-01-01,Barranquilla A.M.,11.8057,14.6226,64.9490,57.2813
2023-02-01,Barranquilla A.M.,11.9597,14.1946,65.0136,57.2382
2023-03-01,Barranquilla A.M.,11.7605,14.1025,65.2724,57.5960
2023-04-01,Barranquilla A.M.,11.7212,14.0334,65.5636,57.8788
2023-05-01,Barranquilla A.M.,12.0630,14.0241,66.0534,58.0854
2023-06-01,Barranquilla A.M.,11.7932,13.9185,66.2107,58.4024
2023-07-01,Barranquilla A.M.,11.4324,13.8760,66.0327,58.4836
2023-08-01,Barranquilla A.M.,11.2499,13.8258,66.0629,58.6309
2023-09-01,Barranquilla A.M.,11.0792,13.5465,66.0301,58.7145
2023-10-01,Barranquilla A.M.,10.8302,12.9619,66.0955,58.9372
2023-11-01,Barranquilla A.M.,10.7221,13.0112,66.1372,59.0459
2023-12-01,Barranquilla A.M.,10.4083,12.7292,65.6918,58.8545
2024-01-01,Barranquilla A.M.,10.2352,12.2272,65.3382,58.6507
2024-02-01,Barranquilla A.M.,10.1469,12.0329,65.2542,58.6329
2024-03-01,Barranquilla A.M.,10.1987,11.5962,65.0408,58.4075
2024-04-01,Barranquilla A.M.,10.0807,11.1815,64.6136,58.1001
2024-05-01,Barranquilla A.M.,9.6009,11.0915,64.3667,58.1869
2024-06-01,Barranquilla A.M.,9.9309,10.7386,64.0179,57.6604
2024-07-01,Barranquilla A.M.,10.0130,10.2248,64.1531,57.7295
2024-08-01,Barranquilla A.M.,10.3260,10.0346,64.1714,57.5451
2024-09-01,Barranquilla A.M.,10.6846,9.8661,64.1488,57.2947
2024-10-01,Barranquilla A.M.,10.9118,10.0276,64.2099,57.2034
2024-11-01,Barranquilla A.M.,10.9697,9.8043,63.9483,56.9333
2024-12-01,Barranquilla A.M.,11.0806,9.8444,64.1825,57.0707
2025-01-01,Barranquilla A.M.,11.0490,9.9885,64.2686,57.1675
2025-02-01,Barranquilla A.M.,11.0570,9.9325,64.2685,57.1623
2025-03-01,Barranquilla A.M.,10.8927,9.8201,64.3100,57.3049
2025-04-01,Barranquilla A.M.,10.8650,9.6947,64.5820,57.5652
2025-05-01,Barranquilla A.M.,10.8918,9.4723,64.5909,57.5558
2025-06-01,Barranquilla A.M.,10.7542,9.2001,64.4084,57.4819
2025-07-01,Barranquilla A.M.,10.7741,9.3310,64.2791,57.3536
2025-08-01,Barranquilla A.M.,10.4806,9.0632,64.1077,57.3888
2025-09-01,Barranquilla A.M.,10.1371,9.0772,64.1246,57.6242
2025-10-01,Barranquilla A.M.,10.0070,9.2030,63.9841,57.5812
2025-11-01,Barranquilla A.M.,9.8643,9.1871,64.3616,58.0128
2025-12-01,Barranquilla A.M.,9.7954,8.8998,64.1244,57.8432
2026-01-01,Barranquilla A.M.,9.6110,8.7950,64.0067,57.8550
2026-02-01,Barranquilla A.M.,9.6652,8.7331,64.0200,57.8324
2026-03-01,Barranquilla A.M.,9.6024,8.5809,63.8746,57.7411
2026-04-01,Barranquilla A.M.,9.6413,8.6839,63.8399,57.6848
2026-05-01,Barranquilla A.M.,9.4741,8.3766,63.7359,57.6975
2026-06-01,Barranquilla A.M.,9.3984,8.3792,63.6683,57.6845
2026-07-01,Barranquilla A.M.,9.3213,8.2791,63.4985,57.5796
2026-08-01,Barranquilla A.M.,9.4382,8.1713,63.1372,57.1782
2021-12-01,Bogotá D.C.,16.1615,6.8271,67.5170,56.6053
2022-01-01,Bogotá D.C.,15.7527,6.3674,67.4777,56.8481
2022-02-01,Bogotá D.C.,15.1806,6.2689,67.2729,57.0605
2022-03-01,Bogotá D.C.,14.8009,6.0582,67.1482,57.2096
2022-04-01,Bogotá D.C.,14.1691,5.8438,66.9950,57.5024
2022-05-01,Bogotá D.C.,13.6304,5.5999,66.9780,57.8486
2022-06-01,Bogotá D.C.,13.1582,5.5330,66.8792,58.0791
2022-07-01,Bogotá D.C.,12.7779,5.3217,66.7589,58.2286
2022-08-01,Bogotá D.C.,12.4806,5.2023,66.5808,58.2711
2022-09-01,Bogotá D.C.,12.1815,5.3164,66.6530,58.5337
2022-10-01,Bogotá D.C.,11.8044,5.3651,66.6551,58.7868
2022-11-01,Bogotá D.C.,11.4971,5.5376,66.7455,59.0717
2022-12-01,Bogotá D.C.,11.4177,5.7592,66.9337,59.2915
2023-01-01,Bogotá D.C.,11.3486,5.9357,66.9404,59.3435
2023-02-01,Bogotá D.C.,11.1875,5.9897,66.9311,59.4432
2023-03-01,Bogotá D.C.,10.9103,6.0952,67.0884,59.7688
2023-04-01,Bogotá D.C.,10.8795,6.3409,67.1187,59.8165
2023-05-01,Bogotá D.C.,11.0018,6.5171,67.2676,59.8670
2023-06-01,Bogotá D.C.,10.6409,6.6290,67.4557,60.2778
2023-07-01,Bogotá D.C.,10.5650,6.8216,67.9507,60.7717
2023-08-01,Bogotá D.C.,10.4956,6.9372,68.2556,61.0918
2023-09-01,Bogotá D.C.,10.5303,6.9547,68.4454,61.2379
2023-10-01,Bogotá D.C.,10.4871,7.1653,68.8485,61.6284
2023-11-01,Bogotá D.C.,10.3756,7.3481,69.2032,62.0230
2023-12-01,Bogotá D.C.,10.3972,7.3138,69.4866,62.2620
2024-01-01,Bogotá D.C.,10.0777,7.5535,69.6849,62.6623
2024-02-01,Bogotá D.C.,10.0264,7.6668,69.9126,62.9029
2024-03-01,Bogotá D.C.,9.9387,7.7716,70.1412,63.1701
2024-04-01,Bogotá D.C.,9.9229,7.8468,70.4689,63.4763
2024-05-01,Bogotá D.C.,9.8051,8.0760,70.7754,63.8358
2024-06-01,Bogotá D.C.,9.9417,8.0966,70.9804,63.9237
2024-07-01,Bogotá D.C.,9.9267,8.2476,71.0175,63.9678
2024-08-01,Bogotá D.C.,9.9580,8.1831,71.2211,64.1290
2024-09-01,Bogotá D.C.,9.8565,8.3343,71.1364,64.1248
2024-10-01,Bogotá D.C.,9.9097,8.4120,71.1108,64.0640
2024-11-01,Bogotá D.C.,9.9070,8.3685,71.0401,64.0022
2024-12-01,Bogotá D.C.,9.7104,8.4515,70.9842,64.0914
2025-01-01,Bogotá D.C.,9.6510,8.4530,71.0842,64.2238
2025-02-01,Bogotá D.C.,9.5570,8.2945,71.2027,64.3979
2025-03-01,Bogotá D.C.,9.5706,8.2448,71.0962,64.2919
2025-04-01,Bogotá D.C.,9.3584,8.0805,70.8989,64.2639
2025-05-01,Bogotá D.C.,9.2678,7.8903,70.6930,64.1414
2025-06-01,Bogotá D.C.,9.1402,7.8970,70.6330,64.1769
2025-07-01,Bogotá D.C.,8.9932,7.8766,70.6027,64.2533
2025-08-01,Bogotá D.C.,8.8486,7.7923,70.5004,64.2621
2025-09-01,Bogotá D.C.,8.8168,7.5747,70.5025,64.2864
2025-10-01,Bogotá D.C.,8.5933,7.2847,70.5431,64.4811
2025-11-01,Bogotá D.C.,8.4541,7.1663,70.5805,64.6136
2025-12-01,Bogotá D.C.,8.2411,7.0531,70.5947,64.7769
2026-01-01,Bogotá D.C.,8.1513,6.8414,70.4586,64.7153
2026-02-01,Bogotá D.C.,8.0091,6.9199,70.3774,64.7408
2026-03-01,Bogotá D.C.,7.9178,6.7840,70.2727,64.7086
2026-04-01,Bogotá D.C.,7.9676,6.8084,70.3707,64.7638
2026-05-01,Bogotá D.C.,7.9416,6.7978,70.3136,64.7296
2026-06-01,Bogotá D.C.,7.8646,6.5980,70.1478,64.6310
2026-07-01,Bogotá D.C.,7.8526,6.3237,70.1776,64.6669
2026-08-01,Bogotá D.C.,7.8743,6.4241,70.0944,64.5749
2021-12-01,Bucaramanga A.M.,13.9985,5.2417,60.3764,51.9247
2022-01-01,Bucaramanga A.M.,13.3359,4.8819,61.0495,52.9081
2022-02-01,Bucaramanga A.M.,12.6922,4.5692,61.7196,53.8860
2022-03-01,Bucaramanga A.M.,12.0391,4.2738,61.8912,54.4401
2022-04-01,Bucaramanga A.M.,11.5347,4.3684,62.2659,55.0837
2022-05-01,Bucaramanga A.M.,10.7490,4.3799,62.3386,55.6378
2022-06-01,Bucaramanga A.M.,10.3102,4.4454,62.5900,56.1369
2022-07-01,Bucaramanga A.M.,9.7006,4.5694,63.2233,57.0903
2022-08-01,Bucaramanga A.M.,9.4594,4.8124,63.9921,57.9389
2022-09-01,Bucaramanga A.M.,9.3170,4.8160,64.5454,58.5318
2022-10-01,Bucaramanga A.M.,9.1488,4.6102,64.8524,58.9192
2022-11-01,Bucaramanga A.M.,9.1304,4.5788,64.9077,58.9813
2022-12-01,Bucaramanga A.M.,8.9165,4.4819,65.5177,59.6758
2023-01-01,Bucaramanga A.M.,9.2807,4.5300,65.8365,59.7265
2023-02-01,Bucaramanga A.M.,9.5291,4.4511,65.6590,59.4023
2023-03-01,Bucaramanga A.M.,9.5340,4.4637,65.6786,59.4169
2023-04-01,Bucaramanga A.M.,9.6170,4.2413,65.7013,59.3829
2023-05-01,Bucaramanga A.M.,9.6042,4.0820,65.7215,59.4094
2023-06-01,Bucaramanga A.M.,9.4477,3.8681,65.7768,59.5625
2023-07-01,Bucaramanga A.M.,9.4796,3.8011,65.7530,59.5198
2023-08-01,Bucaramanga A.M.,9.3986,3.6899,65.5435,59.3833
2023-09-01,Bucaramanga A.M.,9.0132,3.5850,65.4293,59.5320
2023-10-01,Bucaramanga A.M.,8.9057,3.8200,65.4488,59.6201
2023-11-01,Bucaramanga A.M.,8.7896,3.8508,65.7968,60.0135
2023-12-01,Bucaramanga A.M.,8.9977,3.9656,65.8138,59.8921
2024-01-01,Bucaramanga A.M.,8.9747,4.3207,65.7415,59.8414
2024-02-01,Bucaramanga A.M.,8.9208,4.6036,65.7528,59.8871
2024-03-01,Bucaramanga A.M.,8.8589,4.7434,65.8617,60.0271
2024-04-01,Bucaramanga A.M.,8.7492,5.0402,65.9552,60.1847
2024-05-01,Bucaramanga A.M.,8.8779,5.1184,66.1212,60.2511
2024-06-01,Bucaramanga A.M.,8.9409,5.2705,65.9601,60.0626
2024-07-01,Bucaramanga A.M.,8.9894,5.2864,65.8989,59.9750
2024-08-01,Bucaramanga A.M.,8.9942,5.1437,65.7642,59.8493
2024-09-01,Bucaramanga A.M.,9.0838,5.3320,65.5225,59.5706
2024-10-01,Bucaramanga A.M.,9.2640,5.4490,65.5977,59.5208
2024-11-01,Bucaramanga A.M.,9.2397,5.4054,65.1661,59.1450
2024-12-01,Bucaramanga A.M.,9.2214,5.3179,64.8988,58.9142
2025-01-01,Bucaramanga A.M.,8.8063,5.0101,64.8381,59.1282
2025-02-01,Bucaramanga A.M.,8.8201,4.9041,64.7999,59.0845
2025-03-01,Bucaramanga A.M.,8.7285,4.8195,64.8722,59.2099
2025-04-01,Bucaramanga A.M.,8.6086,4.6352,64.6825,59.1143
2025-05-01,Bucaramanga A.M.,8.4685,4.6256,64.5484,59.0822
2025-06-01,Bucaramanga A.M.,8.4414,4.7279,64.7206,59.2572
2025-07-01,Bucaramanga A.M.,8.6212,4.6901,64.5059,58.9447
2025-08-01,Bucaramanga A.M.,8.4118,4.7685,64.7317,59.2866
2025-09-01,Bucaramanga A.M.,8.4135,4.7163,64.9923,59.5242
2025-10-01,Bucaramanga A.M.,8.3637,4.5350,64.8681,59.4427
2025-11-01,Bucaramanga A.M.,8.4078,4.8077,65.1384,59.6616
2025-12-01,Bucaramanga A.M.,8.3846,4.8476,65.4201,59.9349
2026-01-01,Bucaramanga A.M.,8.4185,4.9281,65.1330,59.6498
2026-02-01,Bucaramanga A.M.,8.1788,4.9803,65.0067,59.6899
2026-03-01,Bucaramanga A.M.,8.0815,4.9390,64.8975,59.6528
2026-04-01,Bucaramanga A.M.,8.2032,5.0578,65.0390,59.7037
2026-05-01,Bucaramanga A.M.,8.4001,5.0228,65.1288,59.6579
2026-06-01,Bucaramanga A.M.,8.3040,4.8593,65.0890,59.6840
2026-07-01,Bucaramanga A.M.,7.8929,4.8791,65.2485,60.0985
2026-08-01,Bucaramanga A.M.,8.0595,4.8366,64.9329,59.6997
2021-12-01,Cali A.M.,14.5486,5.2873,60.2472,51.4821
2022-01-01,Cali A.M.,14.2842,5.3817,60.4518,51.8167
2022-02-01,Cali A.M.,13.9104,5.8451,60.8589,52.3931
2022-03-01,Cali A.M.,13.8447,6.3132,61.2845,52.7999
2022-04-01,Cali A.M.,13.4689,6.8661,61.9905,53.6411
2022-05-01,Cali A.M.,12.7310,7.6145,62.6507,54.6747
2022-06-01,Cali A.M.,12.4284,7.9650,62.9943,55.1651
2022-07-01,Cali A.M.,12.2501,8.2638,63.7021,55.8986
2022-08-01,Cali A.M.,11.8282,8.6676,64.0407,56.4658
2022-09-01,Cali A.M.,11.8449,8.8963,64.8904,57.2042
2022-10-01,Cali A.M.,11.6306,9.2328,65.7157,58.0726
2022-11-01,Cali A.M.,11.5477,9.6668,66.2962,58.6406
2022-12-01,Cali A.M.,11.4731,9.9445,66.9359,59.2563
2023-01-01,Cali A.M.,11.5957,10.0786,67.1581,59.3706
2023-02-01,Cali A.M.,11.4294,10.1530,67.2717,59.5830
2023-03-01,Cali A.M.,11.2478,10.2284,67.3045,59.7342
2023-04-01,Cali A.M.,11.2157,10.1926,67.3667,59.8110
2023-05-01,Cali A.M.,11.0668,10.0265,67.3709,59.9151
2023-06-01,Cali A.M.,10.9593,9.9652,67.5553,60.1517
2023-07-01,Cali A.M.,10.9246,10.1175,67.4822,60.1101
2023-08-01,Cali A.M.,11.1065,10.0074,67.6064,60.0977
2023-09-01,Cali A.M.,10.9371,10.1681,67.5508,60.1627
2023-10-01,Cali A.M.,10.9889,10.2225,67.1289,59.7522
2023-11-01,Cali A.M.,10.9171,10.0941,66.8506,59.5524
2023-12-01,Cali A.M.,10.9567,10.2055,66.6264,59.3263
2024-01-01,Cali A.M.,10.7492,10.1342,66.4294,59.2888
2024-02-01,Cali A.M.,10.7852,9.7649,66.3558,59.1992
2024-03-01,Cali A.M.,10.9883,9.5231,66.0760,58.8154
2024-04-01,Cali A.M.,10.8595,9.5322,65.7786,58.6354
2024-05-01,Cali A.M.,10.9636,9.4221,65.6222,58.4276
2024-06-01,Cali A.M.,11.0217,9.4174,65.3704,58.1654
2024-07-01,Cali A.M.,11.1039,9.0182,65.1358,57.9032
2024-08-01,Cali A.M.,11.0566,8.9369,64.8188,57.6520
2024-09-01,Cali A.M.,10.9969,8.7268,64.6519,57.5422
2024-10-01,Cali A.M.,11.0194,8.6167,64.6721,57.5456
2024-11-01,Cali A.M.,11.0363,8.3799,64.7963,57.6452
2024-12-01,Cali A.M.,10.9592,8.1679,64.5537,57.4792
2025-01-01,Cali A.M.,11.0484,8.0604,64.3020,57.1976
2025-02-01,Cali A.M.,10.7906,8.1098,64.0244,57.1158
2025-03-01,Cali A.M.,10.4713,7.8936,64.0725,57.3632
2025-04-01,Cali A.M.,10.4494,7.5819,64.1721,57.4665
2025-05-01,Cali A.M.,10.1193,7.4339,63.9622,57.4897
2025-06-01,Cali A.M.,9.9275,7.4220,63.8013,57.4675
2025-07-01,Cali A.M.,9.4891,7.4071,63.6819,57.6390
2025-08-01,Cali A.M.,9.2488,7.2991,63.7725,57.8743
2025-09-01,Cali A.M.,9.2445,7.0980,63.6743,57.7879
2025-10-01,Cali A.M.,9.1204,6.9019,63.8020,57.9830
2025-11-01,Cali A.M.,8.9574,6.8261,63.6995,57.9937
2025-12-01,Cali A.M.,8.7455,6.5944,63.7989,58.2193
2026-01-01,Cali A.M.,8.5292,6.5152,64.0283,58.5673
2026-02-01,Cali A.M.,8.5486,6.3881,64.0698,58.5927
2026-03-01,Cali A.M.,8.5588,6.5229,64.1798,58.6868
2026-04-01,Cali A.M.,8.3012,6.6541,64.3058,58.9676
2026-05-01,Cali A.M.,8.4065,6.6687,64.3775,58.9656
2026-06-01,Cali A.M.,8.4103,6.8326,64.4177,59.0000
2026-07-01,Cali A.M.,8.5597,6.9621,64.5162,58.9938
2026-08-01,Cali A.M.,8.7548,6.8942,64.4641,58.8204
2021-12-01,Cartagena,12.2583,15.3003,70.2836,61.6680
2022-01-01,Cartagena,12.2141,15.7398,69.7276,61.2111
2022-02-01,Cartagena,11.8717,16.0004,69.3057,61.0780
2022-03-01,Cartagena,11.6989,16.4184,69.0260,60.9507
2022-04-01,Cartagena,10.9704,16.3074,68.2350,60.7493
2022-05-01,Cartagena,10.7072,15.8537,67.6826,60.4357
2022-06-01,Cartagena,11.0259,15.2653,67.0742,59.6787
2022-07-01,Cartagena,11.1913,15.3007,66.8151,59.3377
2022-08-01,Cartagena,11.3718,15.1336,66.6336,59.0562
2022-09-01,Cartagena,11.4097,14.9357,66.6748,59.0675
2022-10-01,Cartagena,11.0931,14.9005,66.8648,59.4474
2022-11-01,Cartagena,10.9245,15.1158,66.8817,59.5752
2022-12-01,Cartagena,10.8708,14.9401,66.7796,59.5202
2023-01-01,Cartagena,10.8782,14.7973,66.5449,59.3060
2023-02-01,Cartagena,10.9154,14.7250,66.2200,58.9918
2023-03-01,Cartagena,10.8345,14.4591,66.0080,58.8563
2023-04-01,Cartagena,10.7946,14.2979,66.0048,58.8798
2023-05-01,Cartagena,10.7254,14.3203,66.0587,58.9736
2023-06-01,Cartagena,10.7863,14.1829,66.1638,59.0272
2023-07-01,Cartagena,10.8676,13.8369,65.9952,58.8231
2023-08-01,Cartagena,10.7301,13.3506,65.9941,58.9129
2023-09-01,Cartagena,10.8089,12.7079,65.6811,58.5817
2023-10-01,Cartagena,10.6693,12.3393,65.3184,58.3494
2023-11-01,Cartagena,10.8931,11.8450,65.4092,58.2841
2023-12-01,Cartagena,10.9451,11.9074,65.3784,58.2226
2024-01-01,Cartagena,11.0793,11.8954,65.5173,58.2585
2024-02-01,Cartagena,11.3420,11.8579,65.5807,58.1426
2024-03-01,Cartagena,11.5730,11.7721,65.5358,57.9513
2024-04-01,Cartagena,11.8768,11.5316,65.3619,57.5990
2024-05-01,Cartagena,11.9855,11.1060,64.9270,57.1452
2024-06-01,Cartagena,12.0889,10.7912,64.5018,56.7042
2024-07-01,Cartagena,12.2211,10.5208,64.0819,56.2505
2024-08-01,Cartagena,12.4487,10.3177,63.8017,55.8592
2024-09-01,Cartagena,12.4384,10.2234,63.7327,55.8054
2024-10-01,Cartagena,12.6499,10.0503,63.5072,55.4737
2024-11-01,Cartagena,12.5980,10.1469,63.2299,55.2642
2024-12-01,Cartagena,12.3913,10.0459,63.1178,55.2967
2025-01-01,Cartagena,12.0423,9.6679,62.9264,55.3486
2025-02-01,Cartagena,11.7521,9.4073,62.9396,55.5429
2025-03-01,Cartagena,11.4638,9.3520,62.8806,55.6721
2025-04-01,Cartagena,10.9645,9.2954,62.8681,55.9749
2025-05-01,Cartagena,10.8191,9.3822,63.0379,56.2178
2025-06-01,Cartagena,10.5556,9.4461,63.1439,56.4786
2025-07-01,Cartagena,10.3080,9.4522,63.1863,56.6731
2025-08-01,Cartagena,10.1241,9.4054,62.9354,56.5637
2025-09-01,Cartagena,10.0260,9.2377,62.8324,56.5329
2025-10-01,Cartagena,10.2462,9.2720,63.2266,56.7483
2025-11-01,Cartagena,10.4017,9.2996,63.4795,56.8766
2025-12-01,Cartagena,10.8570,9.0935,63.5483,56.6488
2026-01-01,Cartagena,11.2920,9.1545,63.6158,56.4323
2026-02-01,Cartagena,11.4681,9.0360,63.6341,56.3365
2026-03-01,Cartagena,11.7997,8.6699,63.7508,56.2284
2026-04-01,Cartagena,12.1791,8.5177,63.6520,55.8997
2026-05-01,Cartagena,12.2909,8.3195,63.5811,55.7664
2026-06-01,Cartagena,12.7211,8.2768,63.6964,55.5935
2026-07-01,Cartagena,13.1019,8.1741,63.7037,55.3573
2026-08-01,Cartagena,13.5216,8.0080,63.9704,55.3206
2021-12-01,Cúcuta A.M.,15.8931,9.9318,61.9909,52.1386
2022-01-01,Cúcuta A.M.,15.4769,9.7533,61.8243,52.2558
2022-02-01,Cúcuta A.M.,15.2041,9.8879,61.9669,52.5454
2022-03-01,Cúcuta A.M.,14.6471,10.1898,61.6324,52.6051
2022-04-01,Cúcuta A.M.,14.5713,10.3171,61.7074,52.7158
2022-05-01,Cúcuta A.M.,14.2443,9.9212,61.5614,52.7924
2022-06-01,Cúcuta A.M.,13.7400,9.7286,61.5542,53.0967
2022-07-01,Cúcuta A.M.,13.4092,9.3418,61.7595,53.4780
2022-08-01,Cúcuta A.M.,13.1465,8.7706,61.4632,53.3829
2022-09-01,Cúcuta A.M.,13.0088,8.4071,61.4041,53.4161
2022-10-01,Cúcuta A.M.,13.1429,8.4211,61.3311,53.2704
2022-11-01,Cúcuta A.M.,13.1875,8.3343,61.3393,53.2502
2022-12-01,Cúcuta A.M.,13.3067,8.2660,61.5728,53.3795
2023-01-01,Cúcuta A.M.,13.3576,8.1473,61.7878,53.5345
2023-02-01,Cúcuta A.M.,13.1656,7.7712,61.8131,53.6751
2023-03-01,Cúcuta A.M.,13.3934,7.4334,62.1610,53.8355
2023-04-01,Cúcuta A.M.,13.3815,6.9446,61.9586,53.6677
2023-05-01,Cúcuta A.M.,13.1011,6.8673,61.8417,53.7398
2023-06-01,Cúcuta A.M.,12.8661,6.8037,61.7411,53.7974
2023-07-01,Cúcuta A.M.,12.7829,6.9091,61.3069,53.4701
2023-08-01,Cúcuta A.M.,12.8349,6.9869,61.5006,53.6071
2023-09-01,Cúcuta A.M.,12.8234,7.0444,61.4173,53.5416
2023-10-01,Cúcuta A.M.,12.8327,6.8848,61.3351,53.4642
2023-11-01,Cúcuta A.M.,12.6829,7.0512,61.5416,53.7363
2023-12-01,Cúcuta A.M.,12.5386,7.1182,61.4521,53.7469
2024-01-01,Cúcuta A.M.,12.5622,7.2464,61.1445,53.4634
2024-02-01,Cúcuta A.M.,12.7151,7.3875,61.0717,53.3064
2024-03-01,Cúcuta A.M.,12.5281,7.6183,60.8287,53.2081
2024-04-01,Cúcuta A.M.,12.5937,8.0526,61.0824,53.3899
2024-05-01,Cúcuta A.M.,12.6895,8.1097,61.1040,53.3502
2024-06-01,Cúcuta A.M.,12.6780,8.1510,61.0118,53.2767
2024-07-01,Cúcuta A.M.,12.7805,8.0985,61.3271,53.4892
2024-08-01,Cúcuta A.M.,12.8633,7.9980,61.4193,53.5187
2024-09-01,Cúcuta A.M.,12.7050,8.0093,61.4540,53.6463
2024-10-01,Cúcuta A.M.,12.5344,8.2905,61.5908,53.8707
2024-11-01,Cúcuta A.M.,12.6971,8.0423,61.4456,53.6438
2024-12-01,Cúcuta A.M.,12.8063,7.9586,61.3525,53.4955
2025-01-01,Cúcuta A.M.,12.7151,7.8021,61.3985,53.5916
2025-02-01,Cúcuta A.M.,12.6548,7.8102,61.1979,53.4534
2025-03-01,Cúcuta A.M.,12.5724,7.7797,61.1305,53.4449
2025-04-01,Cúcuta A.M.,12.2893,7.4134,61.0276,53.5277
2025-05-01,Cúcuta A.M.,12.0444,7.3347,61.2453,53.8687
2025-06-01,Cúcuta A.M.,12.0886,7.3450,61.4779,54.0461
2025-07-01,Cúcuta A.M.,11.9203,7.3927,61.5040,54.1726
2025-08-01,Cúcuta A.M.,11.7547,7.4008,61.6141,54.3716
2025-09-01,Cúcuta A.M.,11.7492,7.2943,61.7102,54.4597
2025-10-01,Cúcuta A.M.,11.6700,6.9558,62.0348,54.7953
2025-11-01,Cúcuta A.M.,11.5906,7.1445,62.1093,54.9105
2025-12-01,Cúcuta A.M.,11.6491,7.0151,62.0403,54.8132
2026-01-01,Cúcuta A.M.,11.4771,6.9255,62.1838,55.0470
2026-02-01,Cúcuta A.M.,11.1048,6.7360,62.4595,55.5235
2026-03-01,Cúcuta A.M.,11.1293,6.7538,62.4800,55.5264
2026-04-01,Cúcuta A.M.,11.0820,6.9194,62.4402,55.5205
2026-05-01,Cúcuta A.M.,11.0599,7.1102,62.3365,55.4422
2026-06-01,Cúcuta A.M.,10.8466,7.1225,62.3020,55.5444
2026-07-01,Cúcuta A.M.,10.8957,7.2016,62.1262,55.3571
2026-08-01,Cúcuta A.M.,11.0035,7.3155,61.8384,55.0340
2021-12-01,Florencia,15.6198,8.6944,58.4748,49.3413
2022-01-01,Florencia,15.6716,9.1747,58.7710,49.5608
2022-02-01,Florencia,15.7012,9.7359,59.4608,50.1248
2022-03-01,Florencia,15.6030,10.1375,60.1722,50.7836
2022-04-01,Florencia,15.5077,10.4346,60.7616,51.3388
2022-05-01,Florencia,14.9126,10.8184,61.5889,52.4043
2022-06-01,Florencia,14.4223,11.2556,62.0483,53.0995
2022-07-01,Florencia,14.2476,11.5180,62.5196,53.6120
2022-08-01,Florencia,14.5606,11.8767,63.3922,54.1619
2022-09-01,Florencia,14.2880,12.2083,63.9149,54.7827
2022-10-01,Florencia,14.1419,12.4278,64.0352,54.9796
2022-11-01,Florencia,14.4475,12.3635,64.2140,54.9368
2022-12-01,Florencia,14.6619,11.8828,64.1948,54.7828
2023-01-01,Florencia,14.7422,11.6512,63.8654,54.4504
2023-02-01,Florencia,14.5494,11.3837,63.5352,54.2914
2023-03-01,Florencia,14.6612,11.1727,63.2730,53.9966
2023-04-01,Florencia,14.7459,11.1250,63.2391,53.9142
2023-05-01,Florencia,14.7527,10.9607,62.9875,53.6954
2023-06-01,Florencia,14.8256,10.7701,62.7868,53.4785
2023-07-01,Florencia,14.7594,10.5536,62.7431,53.4826
2023-08-01,Florencia,14.5356,10.0696,62.3626,53.2978
2023-09-01,Florencia,14.6042,9.6777,62.1632,53.0848
2023-10-01,Florencia,14.7579,9.3152,62.2083,53.0276
2023-11-01,Florencia,14.2702,9.2031,62.0483,53.1939
2023-12-01,Florencia,14.1985,9.0946,61.6885,52.9297
2024-01-01,Florencia,14.3459,9.2354,61.7553,52.8959
2024-02-01,Florencia,14.6783,9.1336,61.8536,52.7745
2024-03-01,Florencia,14.8117,8.9409,61.8906,52.7235
2024-04-01,Florencia,14.9542,8.8765,61.8887,52.6337
2024-05-01,Florencia,14.9439,8.9531,61.9305,52.6757
2024-06-01,Florencia,15.0865,8.8154,62.1996,52.8159
2024-07-01,Florencia,15.3385,8.8269,62.1655,52.6302
2024-08-01,Florencia,15.1607,8.6634,62.2269,52.7929
2024-09-01,Florencia,14.9803,8.6245,62.3398,53.0011
2024-10-01,Florencia,15.0292,8.5556,62.2309,52.8781
2024-11-01,Florencia,15.2151,8.3012,62.3068,52.8267
2024-12-01,Florencia,14.9584,8.4248,62.5327,53.1789
2025-01-01,Florencia,15.0463,8.1755,62.4170,53.0256
2025-02-01,Florencia,14.8953,8.0009,62.3366,53.0513
2025-03-01,Florencia,14.9123,8.1024,62.2743,52.9878
2025-04-01,Florencia,14.2164,7.9963,61.9533,53.1458
2025-05-01,Florencia,13.9273,8.0390,61.9549,53.3262
2025-06-01,Florencia,13.3027,8.1332,61.6110,53.4151
2025-07-01,Florencia,12.7203,8.1257,61.5409,53.7127
2025-08-01,Florencia,12.3644,8.3418,61.6712,54.0459
2025-09-01,Florencia,11.9301,8.2813,61.5528,54.2095
2025-10-01,Florencia,11.5207,7.9600,61.4646,54.3834
2025-11-01,Florencia,11.0938,7.7886,61.3057,54.5046
2025-12-01,Florencia,10.7219,7.7054,61.3442,54.7669
2026-01-01,Florencia,10.0688,7.5115,61.1875,55.0267
2026-02-01,Florencia,9.7891,7.4578,60.9705,55.0020
2026-03-01,Florencia,9.1747,7.0856,60.7983,55.2203
2026-04-01,Florencia,9.3471,6.6553,60.6609,54.9908
2026-05-01,Florencia,9.0794,6.2355,60.3686,54.8876
2026-06-01,Florencia,9.0570,5.9469,60.4776,55.0002
2026-07-01,Florencia,9.0296,5.6889,60.1016,54.6746
2026-08-01,Florencia,9.0958,5.2986,59.7831,54.3453
2021-12-01,Ibagué,17.6091,4.8689,51.4504,42.3905
2022-01-01,Ibagué,16.6534,4.8851,52.0750,43.4028
2022-02-01,Ibagué,16.2171,4.9538,52.9302,44.3465
2022-03-01,Ibagué,16.0502,5.2726,53.8058,45.1699
2022-04-01,Ibagué,15.5112,5.3073,53.6393,45.3193
2022-05-01,Ibagué,15.2147,5.4275,54.1667,45.9254
2022-06-01,Ibagué,14.7767,5.4351,54.2728,46.2531
2022-07-01,Ibagué,14.7006,5.5789,54.6159,46.5871
2022-08-01,Ibagué,15.0058,5.6151,54.8208,46.5946
2022-09-01,Ibagué,15.2442,5.6196,54.9546,46.5772
2022-10-01,Ibagué,15.4728,5.5360,55.0970,46.5720
2022-11-01,Ibagué,15.5879,5.3349,54.7582,46.2226
2022-12-01,Ibagué,15.9993,5.1179,54.9641,46.1702
2023-01-01,Ibagué,16.4508,4.7242,55.1262,46.0575
2023-02-01,Ibagué,16.8351,4.6608,54.8320,45.6011
2023-03-01,Ibagué,17.0348,4.4478,54.5728,45.2765
2023-04-01,Ibagué,17.3022,4.3996,54.7589,45.2844
2023-05-01,Ibagué,17.5099,4.2956,54.4256,44.8957
2023-06-01,Ibagué,17.4859,4.2936,54.6371,45.0833
2023-07-01,Ibagué,17.3538,3.9725,54.6602,45.1746
2023-08-01,Ibagué,16.7606,3.7457,54.7555,45.5782
2023-09-01,Ibagué,16.4995,3.4587,54.6496,45.6327
2023-10-01,Ibagué,16.2604,3.1052,54.5797,45.7048
2023-11-01,Ibagué,16.1776,3.1249,55.2132,46.2810
2023-12-01,Ibagué,15.8247,3.4385,55.4963,46.7142
2024-01-01,Ibagué,15.3192,3.8948,55.3568,46.8766
2024-02-01,Ibagué,15.0050,4.0153,55.5534,47.2176
2024-03-01,Ibagué,14.7541,4.1187,55.5772,47.3772
2024-04-01,Ibagué,14.5249,4.3509,55.4621,47.4062
2024-05-01,Ibagué,14.2490,4.5349,55.4257,47.5281
2024-06-01,Ibagué,14.4443,4.5731,55.2950,47.3080
2024-07-01,Ibagué,14.5128,4.9165,55.6300,47.5565
2024-08-01,Ibagué,14.4208,5.1946,55.9356,47.8693
2024-09-01,Ibagué,14.4417,5.5013,56.5063,48.3458
2024-10-01,Ibagué,14.0084,5.7723,56.7268,48.7803
2024-11-01,Ibagué,13.5703,5.8703,56.8004,49.0924
2024-12-01,Ibagué,13.3834,5.7110,56.8389,49.2319
2025-01-01,Ibagué,13.6280,5.5906,56.9970,49.2294
2025-02-01,Ibagué,13.6799,5.6519,57.4674,49.6059
2025-03-01,Ibagué,13.6202,5.6633,57.7216,49.8598
2025-04-01,Ibagué,13.5163,5.6962,57.9642,50.1296
2025-05-01,Ibagué,13.3712,5.8864,58.8753,51.0030
2025-06-01,Ibagué,13.1514,5.9388,59.2987,51.5001
2025-07-01,Ibagué,12.8462,5.9612,59.5257,51.8790
2025-08-01,Ibagué,12.7358,5.8617,59.6877,52.0860
2025-09-01,Ibagué,12.4790,5.8467,59.7811,52.3210
2025-10-01,Ibagué,12.4079,5.7246,60.0636,52.6110
2025-11-01,Ibagué,12.5717,5.6049,59.7675,52.2537
2025-12-01,Ibagué,12.5614,5.5372,59.7240,52.2218
2026-01-01,Ibagué,12.3765,5.4357,59.8498,52.4425
2026-02-01,Ibagué,12.0791,5.1986,59.7736,52.5535
2026-03-01,Ibagué,11.7151,5.1030,59.7179,52.7219
2026-04-01,Ibagué,11.5044,4.8868,59.7245,52.8535
2026-05-01,Ibagué,11.6228,4.5520,59.2535,52.3665
2026-06-01,Ibagué,11.6693,4.5191,58.9425,52.0643
2026-07-01,Ibagué,11.4571,4.2635,58.5717,51.8611
2026-08-01,Ibagué,11.4237,4.2372,58.5329,51.8463
2021-12-01,Inírida,16.2330,0.7255,50.9302,42.6627
2022-01-01,Inírida,15.3303,0.9630,51.9390,43.9761
2022-02-01,Inírida,15.5848,1.0434,51.9210,43.8287
2022-03-01,Inírida,15.4211,1.5798,53.0347,44.8557
2022-04-01,Inírida,14.8680,1.8368,53.1471,45.2447
2022-05-01,Inírida,14.1502,2.3074,54.3867,46.6904
2022-06-01,Inírida,13.0517,2.5204,55.0631,47.8754
2022-07-01,Inírida,12.6119,2.7220,56.1425,49.0608
2022-08-01,Inírida,11.7217,3.3253,57.7086,50.9432
2022-09-01,Inírida,12.0158,3.8037,58.6425,51.5947
2022-10-01,Inírida,12.2867,4.1535,59.5747,52.2540
2022-11-01,Inírida,11.8131,4.4355,60.5302,53.3787
2022-12-01,Inírida,11.6517,4.5823,60.2095,53.1931
2023-01-01,Inírida,11.5933,4.2145,60.1804,53.2030
2023-02-01,Inírida,11.3846,4.0972,59.8525,53.0381
2023-03-01,Inírida,11.2701,4.0990,60.2868,53.4919
2023-04-01,Inírida,11.3015,4.2847,60.3687,53.5461
2023-05-01,Inírida,11.3595,4.0998,60.3087,53.4579
2023-06-01,Inírida,11.1912,4.1766,60.2915,53.5446
2023-07-01,Inírida,11.9517,3.9286,60.4078,53.1881
2023-08-01,Inírida,12.6010,3.4492,60.2795,52.6837
2023-09-01,Inírida,11.8489,3.3354,59.5579,52.5010
2023-10-01,Inírida,11.6483,2.8808,60.3973,53.3621
2023-11-01,Inírida,11.8068,2.7970,60.8985,53.7083
2023-12-01,Inírida,11.2844,2.8111,60.6239,53.7829
2024-01-01,Inírida,11.2594,2.7952,60.4552,53.6483
2024-02-01,Inírida,11.1440,2.5481,60.6104,53.8560
2024-03-01,Inírida,10.5168,1.9833,59.7826,53.4954
2024-04-01,Inírida,10.2184,1.7042,59.6656,53.5688
2024-05-01,Inírida,9.8335,1.6639,59.2363,53.4113
2024-06-01,Inírida,9.9544,1.5242,59.3617,53.4526
2024-07-01,Inírida,9.1250,1.5373,58.7295,53.3704
2024-08-01,Inírida,8.2891,1.4441,57.5513,52.7809
2024-09-01,Inírida,8.1223,1.0732,57.3493,52.6913
2024-10-01,Inírida,7.4355,1.1071,55.4783,51.3532
2024-11-01,Inírida,6.8001,0.8124,54.1695,50.4859
2024-12-01,Inírida,7.1404,0.7576,54.2085,50.3378
2025-01-01,Inírida,7.5146,0.8012,54.2370,50.1613
2025-02-01,Inírida,7.3554,1.0474,53.8015,49.8442
2025-03-01,Inírida,7.6005,1.0807,53.9638,49.8623
2025-04-01,Inírida,7.2590,0.9337,53.4999,49.6163
2025-05-01,Inírida,6.6633,0.6995,52.8375,49.3168
2025-06-01,Inírida,6.3463,0.5549,52.3530,49.0305
2025-07-01,Inírida,6.6040,0.5916,52.7268,49.2447
2025-08-01,Inírida,6.6154,0.5480,52.6657,49.1817
2025-09-01,Inírida,6.6980,0.5491,52.4577,48.9440
2025-10-01,Inírida,6.9952,0.5769,53.5135,49.7702
2025-11-01,Inírida,6.9543,0.5733,53.7477,50.0099
2025-12-01,Inírida,6.8478,0.4765,53.9882,50.2912
2026-01-01,Inírida,6.5917,0.4005,54.0728,50.5085
2026-02-01,Inírida,6.9055,0.2054,54.4431,50.6836
2026-03-01,Inírida,6.8377,0.2817,54.7205,50.9789
2026-04-01,Inírida,6.8031,0.2784,55.2630,51.5034
2026-05-01,Inírida,7.0004,0.2734,56.1707,52.2386
2026-06-01,Inírida,7.1267,0.2401,56.1169,52.1177
2026-07-01,Inírida,7.3018,0.3079,56.5225,52.3953
2026-08-01,Inírida,8.0168,0.3454,57.1629,52.5803
2021-12-01,Leticia,11.2358,0.8779,58.4871,51.9163
2022-01-01,Leticia,10.8920,0.6389,58.9102,52.4948
2022-02-01,Leticia,10.5800,0.6715,59.2144,52.9505
2022-03-01,Leticia,10.9680,0.5967,60.1102,53.5183
2022-04-01,Leticia,10.3054,0.5766,59.7646,53.6066
2022-05-01,Leticia,9.8534,0.4229,59.7766,53.8875
2022-06-01,Leticia,10.1017,0.3710,59.7304,53.6976
2022-07-01,Leticia,10.3263,0.3881,59.5457,53.3979
2022-08-01,Leticia,9.9860,0.4209,59.7115,53.7497
2022-09-01,Leticia,9.0394,0.3369,59.6260,54.2371
2022-10-01,Leticia,8.6628,0.3382,59.2108,54.0825
2022-11-01,Leticia,8.8057,0.2149,59.3115,54.0897
2022-12-01,Leticia,8.8001,0.1844,59.2323,54.0204
2023-01-01,Leticia,8.2317,0.1431,58.4771,53.6637
2023-02-01,Leticia,7.4184,0.0550,58.1290,53.8168
2023-03-01,Leticia,6.7260,0.1411,57.3478,53.4906
2023-04-01,Leticia,6.3018,0.3490,57.1253,53.5254
2023-05-01,Leticia,6.3049,0.4238,57.1339,53.5317
2023-06-01,Leticia,5.4712,0.5315,57.0807,53.9580
2023-07-01,Leticia,5.1910,0.5329,57.2484,54.2766
2023-08-01,Leticia,4.5907,0.6024,57.0780,54.4577
2023-09-01,Leticia,4.7611,0.6508,56.6329,53.9365
2023-10-01,Leticia,4.6030,0.6657,57.8317,55.1697
2023-11-01,Leticia,4.1643,0.8430,57.4092,55.0185
2023-12-01,Leticia,4.0640,1.0027,57.6558,55.3126
2024-01-01,Leticia,3.8381,1.1393,58.1046,55.8745
2024-02-01,Leticia,3.8407,1.2003,57.4933,55.2851
2024-03-01,Leticia,3.6328,1.2419,57.7564,55.6582
2024-04-01,Leticia,3.5137,1.0411,57.6929,55.6658
2024-05-01,Leticia,3.0965,1.0206,57.8875,56.0950
2024-06-01,Leticia,3.0342,0.9132,57.9599,56.2013
2024-07-01,Leticia,3.1109,0.8552,58.1519,56.3428
2024-08-01,Leticia,3.5721,0.9499,57.9300,55.8606
2024-09-01,Leticia,3.3408,0.8959,58.4405,56.4881
2024-10-01,Leticia,3.5544,0.8834,57.1566,55.1250
2024-11-01,Leticia,3.7781,0.8376,57.4705,55.2993
2024-12-01,Leticia,3.8223,0.6741,57.5287,55.3297
2025-01-01,Leticia,4.6032,0.5519,57.7083,55.0519
2025-02-01,Leticia,4.6722,0.4939,58.3792,55.6516
2025-03-01,Leticia,4.6821,0.3584,58.9348,56.1754
2025-04-01,Leticia,4.6724,0.4404,58.9489,56.1946
2025-05-01,Leticia,4.6187,0.3856,58.6481,55.9393
2025-06-01,Leticia,4.6305,0.3844,58.6470,55.9313
2025-07-01,Leticia,4.5248,0.3830,58.6721,56.0173
2025-08-01,Leticia,4.0259,0.2286,58.9781,56.6037
2025-09-01,Leticia,4.2418,0.2813,58.5733,56.0888
2025-10-01,Leticia,4.2568,0.3774,58.5430,56.0509
2025-11-01,Leticia,3.9172,0.7290,59.2635,56.9420
2025-12-01,Leticia,3.8987,0.8704,59.8357,57.5029
2026-01-01,Leticia,3.7273,0.8410,60.0861,57.8465
2026-02-01,Leticia,3.4416,0.8459,59.5487,57.4993
2026-03-01,Leticia,3.2253,0.8544,58.7774,56.8817
2026-04-01,Leticia,3.5187,0.7778,58.2886,56.2376
2026-05-01,Leticia,3.2665,0.8553,57.9138,56.0221
2026-06-01,Leticia,3.5867,0.8509,58.0378,55.9561
2026-07-01,Leticia,3.2341,0.8472,58.1075,56.2282
2026-08-01,Leticia,3.5338,0.8409,58.3618,56.2994
2021-12-01,Manizales A.M.,14.2628,4.9097,58.7844,50.4001
2022-01-01,Manizales A.M.,13.6887,4.8386,58.5599,50.5438
2022-02-01,Manizales A.M.,13.0222,4.9263,58.3698,50.7687
2022-03-01,Manizales A.M.,12.5127,4.6464,58.3058,51.0102
2022-04-01,Manizales A.M.,12.1765,4.4829,58.3538,51.2484
2022-05-01,Manizales A.M.,11.6247,4.3583,58.5990,51.7870
2022-06-01,Manizales A.M.,11.1996,4.0956,58.7906,52.2063
2022-07-01,Manizales A.M.,10.8840,3.9537,58.8661,52.4591
2022-08-01,Manizales A.M.,10.5991,4.0494,59.0711,52.8101
2022-09-01,Manizales A.M.,10.5395,4.0156,59.2657,53.0194
2022-10-01,Manizales A.M.,10.3141,3.9510,59.5907,53.4444
2022-11-01,Manizales A.M.,10.1298,3.9279,59.7813,53.7255
2022-12-01,Manizales A.M.,10.0793,3.9709,60.0297,53.9792
2023-01-01,Manizales A.M.,10.0252,4.0039,60.0463,54.0265
2023-02-01,Manizales A.M.,10.0402,3.8252,60.1492,54.1101
2023-03-01,Manizales A.M.,9.9228,3.9037,60.1564,54.1872
2023-04-01,Manizales A.M.,9.9463,3.8757,60.4272,54.4169
2023-05-01,Manizales A.M.,10.1375,3.9252,60.4953,54.3625
2023-06-01,Manizales A.M.,9.9680,3.9393,60.3378,54.3232
2023-07-01,Manizales A.M.,9.8340,3.9678,60.3004,54.3704
2023-08-01,Manizales A.M.,9.8551,3.9050,60.2782,54.3377
2023-09-01,Manizales A.M.,9.7060,3.8251,60.2116,54.3675
2023-10-01,Manizales A.M.,9.8839,3.7111,60.0821,54.1437
2023-11-01,Manizales A.M.,9.8780,3.6128,60.1019,54.1650
2023-12-01,Manizales A.M.,9.9409,3.4597,60.0407,54.0721
2024-01-01,Manizales A.M.,9.9606,3.4342,60.1145,54.1268
2024-02-01,Manizales A.M.,9.9343,3.4402,60.0804,54.1119
2024-03-01,Manizales A.M.,10.1585,3.3390,60.0160,53.9192
2024-04-01,Manizales A.M.,10.2386,3.3704,59.8930,53.7608
2024-05-01,Manizales A.M.,10.2430,3.3084,59.8733,53.7405
2024-06-01,Manizales A.M.,10.3956,3.4215,59.8070,53.5897
2024-07-01,Manizales A.M.,10.5475,3.4054,59.8764,53.5610
2024-08-01,Manizales A.M.,10.6744,3.3639,60.0504,53.6403
2024-09-01,Manizales A.M.,10.7351,3.4315,60.1986,53.7363
2024-10-01,Manizales A.M.,10.5746,3.4447,60.2442,53.8736
2024-11-01,Manizales A.M.,10.5008,3.6156,60.2276,53.9032
2024-12-01,Manizales A.M.,10.6095,3.7060,60.1816,53.7966
2025-01-01,Manizales A.M.,10.4758,3.6819,60.2173,53.9091
2025-02-01,Manizales A.M.,10.3851,3.7923,60.3614,54.0928
2025-03-01,Manizales A.M.,10.2324,3.7858,60.4685,54.2812
2025-04-01,Manizales A.M.,10.0211,3.8907,60.4613,54.4024
2025-05-01,Manizales A.M.,9.8380,4.0628,60.5773,54.6177
2025-06-01,Manizales A.M.,9.6023,4.0761,60.8506,55.0076
2025-07-01,Manizales A.M.,9.4030,4.1944,61.1033,55.3578
2025-08-01,Manizales A.M.,9.2237,4.1754,61.0746,55.4413
2025-09-01,Manizales A.M.,9.1163,4.1217,61.2836,55.6968
2025-10-01,Manizales A.M.,9.1086,4.1583,61.4033,55.8103
2025-11-01,Manizales A.M.,8.8758,4.0877,61.6371,56.1664
2025-12-01,Manizales A.M.,8.7305,4.2599,61.9323,56.5254
2026-01-01,Manizales A.M.,8.6276,4.2914,61.8770,56.5385
2026-02-01,Manizales A.M.,8.4288,4.2772,62.0740,56.8419
2026-03-01,Manizales A.M.,8.2769,4.4477,62.2314,57.0805
2026-04-01,Manizales A.M.,8.1645,4.3177,62.2599,57.1767
2026-05-01,Manizales A.M.,8.0701,4.2149,62.1763,57.1586
2026-06-01,Manizales A.M.,8.0479,4.1443,62.1052,57.1070
2026-07-01,Manizales A.M.,8.1191,4.1523,61.9033,56.8773
2026-08-01,Manizales A.M.,8.1692,4.1875,61.7880,56.7404
2021-12-01,Medellín A.M.,15.0758,5.4839,60.9229,51.7383
2022-01-01,Medellín A.M.,14.6380,5.4218,61.2272,52.2648
2022-02-01,Medellín A.M.,14.2353,5.4152,61.4775,52.7260
2022-03-01,Medellín A.M.,13.7365,5.4807,62.0230,53.5031
2022-04-01,Medellín A.M.,13.0505,5.5845,62.7499,54.5607
2022-05-01,Medellín A.M.,12.7622,5.4673,63.0978,55.0452
2022-06-01,Medellín A.M.,12.3324,5.5545,63.2140,55.4182
2022-07-01,Medellín A.M.,12.0150,5.6976,63.3963,55.7792
2022-08-01,Medellín A.M.,11.8787,5.7865,63.9551,56.3581
2022-09-01,Medellín A.M.,11.5661,5.9467,64.5010,57.0408
2022-10-01,Medellín A.M.,11.3297,6.0490,65.0937,57.7188
2022-11-01,Medellín A.M.,10.8008,6.2641,65.4001,58.3364
2022-12-01,Medellín A.M.,10.7789,6.4138,65.6793,58.5998
2023-01-01,Medellín A.M.,10.6736,6.5730,65.7492,58.7314
2023-02-01,Medellín A.M.,10.4681,6.6322,65.6728,58.7981
2023-03-01,Medellín A.M.,10.2158,6.4722,65.5493,58.8530
2023-04-01,Medellín A.M.,10.2604,6.6258,65.4439,58.7290
2023-05-01,Medellín A.M.,10.1352,6.6284,65.2536,58.6400
2023-06-01,Medellín A.M.,9.8862,6.5212,65.2392,58.7896
2023-07-01,Medellín A.M.,9.6169,6.2808,65.4098,59.1194
2023-08-01,Medellín A.M.,9.3349,6.4284,65.3540,59.2532
2023-09-01,Medellín A.M.,9.2240,6.4370,65.1914,59.1781
2023-10-01,Medellín A.M.,9.0281,6.3937,65.1898,59.3044
2023-11-01,Medellín A.M.,9.1144,6.3064,65.1394,59.2024
2023-12-01,Medellín A.M.,8.9901,6.1921,65.0044,59.1604
2024-01-01,Medellín A.M.,8.8938,6.0852,65.1024,59.3123
2024-02-01,Medellín A.M.,9.0095,6.0784,65.2614,59.3817
2024-03-01,Medellín A.M.,9.1918,6.0596,65.3005,59.2982
2024-04-01,Medellín A.M.,9.0517,5.9830,65.2965,59.3861
2024-05-01,Medellín A.M.,9.0196,6.0535,65.4850,59.5785
2024-06-01,Medellín A.M.,9.0939,6.1972,65.6418,59.6724
2024-07-01,Medellín A.M.,9.1530,6.1722,65.6025,59.5980
2024-08-01,Medellín A.M.,9.0189,5.9934,65.6666,59.7442
2024-09-01,Medellín A.M.,8.8724,5.9122,65.7042,59.8747
2024-10-01,Medellín A.M.,8.9071,5.9177,65.6861,59.8354
2024-11-01,Medellín A.M.,8.7386,6.0378,65.9295,60.1682
2024-12-01,Medellín A.M.,8.5911,5.9290,66.1133,60.4335
2025-01-01,Medellín A.M.,8.4240,5.9811,66.0330,60.4704
2025-02-01,Medellín A.M.,8.1012,5.9733,66.1122,60.7563
2025-03-01,Medellín A.M.,7.8628,6.0622,66.3261,61.1110
2025-04-01,Medellín A.M.,7.8626,5.9790,66.2689,61.0585
2025-05-01,Medellín A.M.,7.7997,5.8564,66.3756,61.1985
2025-06-01,Medellín A.M.,7.5780,5.8203,66.2961,61.2722
2025-07-01,Medellín A.M.,7.4396,5.8231,66.4481,61.5046
2025-08-01,Medellín A.M.,7.3082,5.9146,66.4420,61.5863
2025-09-01,Medellín A.M.,7.2293,5.9109,66.4109,61.6098
2025-10-01,Medellín A.M.,7.2414,6.1374,66.5473,61.7283
2025-11-01,Medellín A.M.,7.2852,6.0632,66.4066,61.5687
2025-12-01,Medellín A.M.,7.3583,6.1744,66.6298,61.7270
2026-01-01,Medellín A.M.,7.5004,6.2773,66.6192,61.6225
2026-02-01,Medellín A.M.,7.7163,6.2143,66.5230,61.3899
2026-03-01,Medellín A.M.,7.9814,6.0979,66.6229,61.3055
2026-04-01,Medellín A.M.,8.0159,6.2669,66.7321,61.3830
2026-05-01,Medellín A.M.,7.8212,6.3945,66.8186,61.5926
2026-06-01,Medellín A.M.,7.8386,6.3395,66.9948,61.7434
2026-07-01,Medellín A.M.,7.9198,6.3716,66.8831,61.5861
2026-08-01,Medellín A.M.,8.0890,6.3880,67.0066,61.5865
2021-12-01,Mitú,13.9346,2.7238,54.0143,46.4887
2022-01-01,Mitú,13.2570,1.9346,54.5909,47.3548
2022-02-01,Mitú,13.0393,1.6919,54.8040,47.6590
2022-03-01,Mitú,12.8662,1.5254,54.4355,47.4317
2022-04-01,Mitú,12.5864,1.4903,54.7529,47.8615
2022-05-01,Mitú,11.3755,1.7702,55.3626,49.0648
2022-06-01,Mitú,10.5887,1.9747,56.5291,50.5424
2022-07-01,Mitú,10.5865,1.6908,57.5031,51.4145
2022-08-01,Mitú,9.9599,1.8491,58.4247,52.6046
2022-09-01,Mitú,9.4728,1.9399,59.4535,53.8206
2022-10-01,Mitú,9.6909,1.9378,59.6783,53.8939
2022-11-01,Mitú,10.4203,1.6524,60.4805,54.1772
2022-12-01,Mitú,9.8548,1.5720,60.6952,54.7128
2023-01-01,Mitú,10.3121,1.5799,60.3869,54.1577
2023-02-01,Mitú,10.7483,1.4622,60.3159,53.8309
2023-03-01,Mitú,11.9637,1.5086,61.2870,53.9528
2023-04-01,Mitú,11.5226,1.6391,61.6878,54.5787
2023-05-01,Mitú,12.0175,1.5265,61.2393,53.8789
2023-06-01,Mitú,11.9151,1.4573,61.2822,53.9793
2023-07-01,Mitú,11.0627,1.5910,61.3323,54.5473
2023-08-01,Mitú,10.8981,1.4947,60.7646,54.1424
2023-09-01,Mitú,10.5563,1.4088,60.0235,53.6872
2023-10-01,Mitú,10.1244,1.5788,60.0304,53.9527
2023-11-01,Mitú,9.1721,1.5930,60.3658,54.8290
2023-12-01,Mitú,8.6416,1.6209,60.0043,54.8189
2024-01-01,Mitú,8.0469,1.6385,60.0953,55.2594
2024-02-01,Mitú,8.0756,1.8324,60.4791,55.5950
2024-03-01,Mitú,6.9768,1.7304,60.1741,55.9759
2024-04-01,Mitú,7.2200,1.5602,59.7134,55.4021
2024-05-01,Mitú,6.7554,1.6733,59.6060,55.5794
2024-06-01,Mitú,6.7404,1.6838,59.4247,55.4192
2024-07-01,Mitú,6.9547,1.6818,59.1445,55.0312
2024-08-01,Mitú,7.3324,1.7819,58.5425,54.2500
2024-09-01,Mitú,7.6218,1.8582,58.3089,53.8647
2024-10-01,Mitú,7.7419,1.7582,58.4749,53.9479
2024-11-01,Mitú,7.5794,1.7552,58.2178,53.8052
2024-12-01,Mitú,7.6424,1.7565,58.3425,53.8838
2025-01-01,Mitú,7.8915,1.9958,58.6704,54.0405
2025-02-01,Mitú,7.1107,1.8472,58.3113,54.1649
2025-03-01,Mitú,6.7448,1.9500,58.5585,54.6089
2025-04-01,Mitú,6.3467,1.9039,58.9466,55.2054
2025-05-01,Mitú,6.4545,1.8901,59.0013,55.1931
2025-06-01,Mitú,6.5178,1.7321,58.2038,54.4102
2025-07-01,Mitú,6.0989,1.5905,57.8441,54.3163
2025-08-01,Mitú,5.7838,1.6434,58.8954,55.4890
2025-09-01,Mitú,5.9217,1.6260,59.9117,56.3639
2025-10-01,Mitú,6.1274,1.5513,60.0891,56.4072
2025-11-01,Mitú,6.1731,1.6624,60.4522,56.7205
2025-12-01,Mitú,6.1545,1.6806,60.6576,56.9244
2026-01-01,Mitú,6.0669,1.5192,60.3790,56.7159
2026-02-01,Mitú,5.8816,1.5082,60.5680,57.0056
2026-03-01,Mitú,6.2894,1.4718,59.7844,56.0243
2026-04-01,Mitú,6.1805,1.4908,59.7871,56.0919
2026-05-01,Mitú,5.9551,1.3418,59.7163,56.1601
2026-06-01,Mitú,5.6388,1.3792,59.8658,56.4901
2026-07-01,Mitú,6.2764,1.3638,59.8494,56.0930
2026-08-01,Mitú,6.6948,1.1822,58.8086,54.8714
2021-12-01,Mocoa,22.1244,4.0876,51.3761,40.0097
2022-01-01,Mocoa,23.1900,4.1692,52.6653,40.4522
2022-02-01,Mocoa,24.1931,4.5395,54.3539,41.2043
2022-03-01,Mocoa,24.8598,4.9692,55.6057,41.7825
2022-04-01,Mocoa,25.6268,5.4516,55.6878,41.4170
2022-05-01,Mocoa,24.8078,6.5814,56.7157,42.6455
2022-06-01,Mocoa,24.6886,7.8712,57.8046,43.5332
2022-07-01,Mocoa,24.7040,8.3147,58.7104,44.2063
2022-08-01,Mocoa,24.7195,9.6503,59.3361,44.6685
2022-09-01,Mocoa,25.4540,9.8407,60.4155,45.0374
2022-10-01,Mocoa,24.8647,10.1644,60.2344,45.2571
2022-11-01,Mocoa,24.2765,10.5577,59.7785,45.2661
2022-12-01,Mocoa,23.8126,10.3132,60.0444,45.7462
2023-01-01,Mocoa,23.4075,9.9760,60.0392,45.9856
2023-02-01,Mocoa,23.7745,9.6294,59.4637,45.3265
2023-03-01,Mocoa,24.2383,9.5671,59.2432,44.8837
2023-04-01,Mocoa,24.1276,8.8929,59.0741,44.8209
2023-05-01,Mocoa,24.9403,7.6388,59.4249,44.6046
2023-06-01,Mocoa,25.4435,6.6616,59.1913,44.1315
2023-07-01,Mocoa,25.8200,6.5550,58.6663,43.5187
2023-08-01,Mocoa,26.0616,5.8354,58.5266,43.2737
2023-09-01,Mocoa,25.7406,5.8194,58.7667,43.6398
2023-10-01,Mocoa,25.3693,5.9834,58.2746,43.4907
2023-11-01,Mocoa,26.2233,6.3190,58.6585,43.2763
2023-12-01,Mocoa,26.7885,6.9272,59.1814,43.3276
2024-01-01,Mocoa,27.0297,7.0266,58.7937,42.9019
2024-02-01,Mocoa,26.8205,7.0653,58.9456,43.1361
2024-03-01,Mocoa,27.1039,6.9159,58.9770,42.9919
2024-04-01,Mocoa,27.7488,7.0754,59.7519,43.1714
2024-05-01,Mocoa,27.5691,7.2544,59.7317,43.2642
2024-06-01,Mocoa,27.1827,7.4471,59.9120,43.6263
2024-07-01,Mocoa,26.9773,7.3706,60.7472,44.3593
2024-08-01,Mocoa,26.8130,7.8090,61.4973,45.0080
2024-09-01,Mocoa,26.9751,8.2827,61.6346,45.0086
2024-10-01,Mocoa,26.8454,8.3719,62.8720,45.9938
2024-11-01,Mocoa,26.8116,8.4766,62.7867,45.9526
2024-12-01,Mocoa,26.2784,8.3223,62.2317,45.8782
2025-01-01,Mocoa,25.8913,8.4278,62.5713,46.3708
2025-02-01,Mocoa,25.2475,8.6399,62.3587,46.6147
2025-03-01,Mocoa,24.6899,9.1412,62.1571,46.8106
2025-04-01,Mocoa,23.5274,9.2461,61.6107,47.1153
2025-05-01,Mocoa,22.8111,9.3230,61.6163,47.5610
2025-06-01,Mocoa,22.1777,9.1475,61.7215,48.0331
2025-07-01,Mocoa,21.9701,9.2389,61.7308,48.1684
2025-08-01,Mocoa,21.2088,8.5919,61.0465,48.0992
2025-09-01,Mocoa,20.0267,8.7466,60.8395,48.6554
2025-10-01,Mocoa,19.9520,8.5230,60.4567,48.3944
2025-11-01,Mocoa,18.9424,8.0850,60.0367,48.6643
2025-12-01,Mocoa,18.8042,7.6296,60.2848,48.9487
2026-01-01,Mocoa,18.3978,7.7612,59.8016,48.7994
2026-02-01,Mocoa,18.2584,7.3338,59.2399,48.4237
2026-03-01,Mocoa,17.8277,6.7036,58.6157,48.1659
2026-04-01,Mocoa,18.1084,6.4643,58.1852,47.6487
2026-05-01,Mocoa,18.8012,6.2613,57.6445,46.8067
2026-06-01,Mocoa,19.4196,5.9497,57.4770,46.3152
2026-07-01,Mocoa,20.3634,5.7808,57.3814,45.6966
2026-08-01,Mocoa,21.3942,5.5536,57.4501,45.1592
2021-12-01,Montería,15.6159,6.2885,62.9231,53.0971
2022-01-01,Montería,15.7100,6.1257,62.4034,52.5998
2022-02-01,Montería,15.5863,6.3120,62.2736,52.5674
2022-03-01,Montería,15.3636,6.4230,62.3819,52.7978
2022-04-01,Montería,15.1346,6.2345,62.1926,52.7801
2022-05-01,Montería,14.9570,6.0503,62.2936,52.9763
2022-06-01,Montería,14.6945,6.2269,62.3970,53.2281
2022-07-01,Montería,14.5380,6.0062,62.3776,53.3092
2022-08-01,Montería,14.5669,6.1336,62.4613,53.3626
2022-09-01,Montería,14.5709,5.9368,62.7194,53.5806
2022-10-01,Montería,14.4591,5.9180,62.6574,53.5977
2022-11-01,Montería,14.3360,6.0443,62.7607,53.7633
2022-12-01,Montería,14.2595,6.0882,62.9149,53.9435
2023-01-01,Montería,13.9595,6.2717,63.0009,54.2063
2023-02-01,Montería,13.6487,6.3751,63.0142,54.4135
2023-03-01,Montería,13.6421,6.4503,62.7674,54.2046
2023-04-01,Montería,13.8004,6.7494,62.6655,54.0174
2023-05-01,Montería,13.6051,6.9490,62.6670,54.1411
2023-06-01,Montería,13.7927,7.0495,62.5030,53.8822
2023-07-01,Montería,13.6478,7.4085,62.5427,54.0071
2023-08-01,Montería,13.2390,7.3947,62.6824,54.3838
2023-09-01,Montería,12.8357,7.6184,62.6712,54.6269
2023-10-01,Montería,13.0355,7.5590,63.0001,54.7877
2023-11-01,Montería,13.0100,7.3704,63.4480,55.1934
2023-12-01,Montería,12.5656,7.3198,63.6723,55.6715
2024-01-01,Montería,12.6176,7.2611,64.2343,56.1295
2024-02-01,Montería,12.8160,7.2880,64.6777,56.3885
2024-03-01,Montería,12.7243,7.1272,64.7985,56.5533
2024-04-01,Montería,12.4877,7.0314,65.1219,56.9897
2024-05-01,Montería,12.4089,7.0601,65.1226,57.0417
2024-06-01,Montería,11.9822,6.8861,65.5141,57.6641
2024-07-01,Montería,11.9224,6.7771,65.7015,57.8684
2024-08-01,Montería,11.9954,6.8099,65.9606,58.0483
2024-09-01,Montería,12.0560,6.5993,66.2413,58.2553
2024-10-01,Montería,11.6619,6.5175,66.4258,58.6793
2024-11-01,Montería,11.3040,6.5984,66.2760,58.7842
2024-12-01,Montería,11.6342,6.5309,66.0178,58.3371
2025-01-01,Montería,11.6144,6.6207,65.4540,57.8519
2025-02-01,Montería,11.4702,6.5300,65.1169,57.6479
2025-03-01,Montería,11.1586,6.4438,64.9926,57.7403
2025-04-01,Montería,11.1271,6.2771,64.4727,57.2988
2025-05-01,Montería,10.9897,5.9177,64.4316,57.3508
2025-06-01,Montería,10.9449,5.7772,64.2280,57.1983
2025-07-01,Montería,11.0327,5.6939,63.9877,56.9281
2025-08-01,Montería,10.7566,5.7373,63.6248,56.7809
2025-09-01,Montería,10.4973,5.6888,63.2888,56.6452
2025-10-01,Montería,10.3019,5.7463,63.0349,56.5411
2025-11-01,Montería,10.4435,5.7535,63.0100,56.4296
2025-12-01,Montería,10.0852,5.6677,63.1122,56.7472
2026-01-01,Montería,10.0051,5.3576,63.5478,57.1898
2026-02-01,Montería,9.8395,5.2639,63.5824,57.3262
2026-03-01,Montería,9.8855,5.1159,63.6992,57.4022
2026-04-01,Montería,9.8125,5.0881,63.8278,57.5647
2026-05-01,Montería,9.9362,5.3253,63.8103,57.4700
2026-06-01,Montería,10.1220,5.4317,63.6586,57.2151
2026-07-01,Montería,10.0186,5.4971,63.8044,57.4121
2026-08-01,Montería,10.3983,5.4005,63.5678,56.9579
2021-12-01,Neiva,17.2110,5.4280,58.4725,48.4089
2022-01-01,Neiva,16.2575,5.6319,58.6988,49.1559
2022-02-01,Neiva,15.7937,5.7071,59.0449,49.7195
2022-03-01,Neiva,15.1886,5.6890,59.2563,50.2562
2022-04-01,Neiva,14.2845,5.7116,59.3874,50.9043
2022-05-01,Neiva,13.4679,5.9802,59.6860,51.6475
2022-06-01,Neiva,13.1013,6.1238,60.2419,52.3495
2022-07-01,Neiva,12.4936,6.2193,60.3563,52.8156
2022-08-01,Neiva,12.2725,6.2923,60.1870,52.8005
2022-09-01,Neiva,11.9405,6.2706,60.2785,53.0809
2022-10-01,Neiva,11.9415,5.9793,60.2490,53.0543
2022-11-01,Neiva,11.7394,5.9255,60.1255,53.0671
2022-12-01,Neiva,11.6469,5.6687,60.0246,53.0336
2023-01-01,Neiva,11.8762,5.3529,59.9935,52.8685
2023-02-01,Neiva,12.1566,5.0817,59.8747,52.5960
2023-03-01,Neiva,12.4584,5.2505,59.9341,52.4672
2023-04-01,Neiva,12.6575,5.5748,60.2019,52.5818
2023-05-01,Neiva,12.5557,5.6812,60.1307,52.5808
2023-06-01,Neiva,12.7975,6.0657,60.1849,52.4828
2023-07-01,Neiva,12.8878,6.2548,60.1565,52.4037
2023-08-01,Neiva,12.8559,6.4176,60.1471,52.4147
2023-09-01,Neiva,13.0559,6.8417,60.6008,52.6888
2023-10-01,Neiva,13.0159,7.1153,60.8724,52.9494
2023-11-01,Neiva,12.8045,7.4641,60.9977,53.1872
2023-12-01,Neiva,12.7135,7.9431,60.8498,53.1136
2024-01-01,Neiva,12.6379,8.1762,60.7009,53.0296
2024-02-01,Neiva,12.3326,8.8019,60.8839,53.3753
2024-03-01,Neiva,12.0943,8.9321,60.5542,53.2305
2024-04-01,Neiva,11.7435,8.9675,60.4210,53.3254
2024-05-01,Neiva,11.6871,8.8852,60.4235,53.3618
2024-06-01,Neiva,11.2481,8.7027,60.3500,53.5618
2024-07-01,Neiva,11.0837,8.8426,60.3128,53.6280
2024-08-01,Neiva,10.7660,8.9052,60.4724,53.9619
2024-09-01,Neiva,10.2819,8.7810,60.2660,54.0696
2024-10-01,Neiva,10.1730,8.5845,60.0779,53.9662
2024-11-01,Neiva,10.1951,8.2629,59.9644,53.8510
2024-12-01,Neiva,10.0090,7.7683,60.1148,54.0979
2025-01-01,Neiva,9.5508,7.6714,59.9315,54.2076
2025-02-01,Neiva,9.3537,7.3006,59.7130,54.1277
2025-03-01,Neiva,9.2101,7.1695,59.7874,54.2810
2025-04-01,Neiva,9.2797,6.9411,59.6599,54.1237
2025-05-01,Neiva,9.2152,6.9276,59.4355,53.9584
2025-06-01,Neiva,9.2506,6.8428,59.0357,53.5745
2025-07-01,Neiva,9.3268,6.6784,59.0995,53.5874
2025-08-01,Neiva,9.2461,6.4530,58.7930,53.3569
2025-09-01,Neiva,9.3389,6.5899,58.7367,53.2513
2025-10-01,Neiva,9.2827,6.7238,58.7883,53.3311
2025-11-01,Neiva,9.3529,6.3950,58.9679,53.4526
2025-12-01,Neiva,9.1620,6.6219,58.9352,53.5355
2026-01-01,Neiva,9.2308,6.7875,58.9647,53.5218
2026-02-01,Neiva,9.0861,6.8510,59.0569,53.6910
2026-03-01,Neiva,9.0569,6.9741,59.0740,53.7238
2026-04-01,Neiva,8.7851,6.9637,59.3202,54.1088
2026-05-01,Neiva,8.7486,7.1613,59.4109,54.2132
2026-06-01,Neiva,8.6738,7.2052,60.1003,54.8873
2026-07-01,Neiva,8.6910,7.2158,60.6822,55.4083
2026-08-01,Neiva,8.9112,7.5803,61.5254,56.0427
2021-12-01,Pasto,13.3533,10.8768,63.8449,55.3195
2022-01-01,Pasto,13.2825,11.0212,63.9340,55.4419
2022-02-01,Pasto,13.3200,11.3261,64.1901,55.6400
2022-03-01,Pasto,13.2180,11.6422,64.4925,55.9679
2022-04-01,Pasto,12.7968,11.8847,64.7926,56.5012
2022-05-01,Pasto,12.5252,11.9635,64.9977,56.8566
2022-06-01,Pasto,12.3454,12.5545,65.4028,57.3285
2022-07-01,Pasto,12.2832,13.1844,65.8302,57.7441
2022-08-01,Pasto,12.0815,13.4878,65.9205,57.9562
2022-09-01,Pasto,12.0312,13.6979,66.0934,58.1414
2022-10-01,Pasto,11.9559,13.8686,66.2205,58.3033
2022-11-01,Pasto,11.8589,14.0072,66.5979,58.7001
2022-12-01,Pasto,11.9662,14.1592,66.8590,58.8585
2023-01-01,Pasto,12.0366,14.4407,67.1146,59.0363
2023-02-01,Pasto,11.6136,14.4871,67.0566,59.2690
2023-03-01,Pasto,11.6112,14.7164,67.1260,59.3319
2023-04-01,Pasto,11.5757,15.0344,67.3011,59.5105
2023-05-01,Pasto,11.5406,15.1779,67.3696,59.5948
2023-06-01,Pasto,11.4617,15.3514,67.5489,59.8067
2023-07-01,Pasto,11.3037,15.2520,67.6493,60.0025
2023-08-01,Pasto,11.3162,15.2449,67.9686,60.2771
2023-09-01,Pasto,11.2024,15.1070,68.2661,60.6187
2023-10-01,Pasto,11.0325,15.1693,68.6151,61.0452
2023-11-01,Pasto,10.9030,15.4575,68.9095,61.3963
2023-12-01,Pasto,10.7699,15.6770,69.1129,61.6695
2024-01-01,Pasto,10.6514,15.4609,69.2660,61.8882
2024-02-01,Pasto,10.7727,15.4782,69.4516,61.9697
2024-03-01,Pasto,10.8535,15.5099,69.3236,61.7996
2024-04-01,Pasto,10.9745,15.0759,69.2910,61.6866
2024-05-01,Pasto,11.0216,15.1122,69.6442,61.9683
2024-06-01,Pasto,11.0757,14.8703,69.5634,61.8587
2024-07-01,Pasto,11.0212,14.9423,69.7305,62.0453
2024-08-01,Pasto,11.1205,14.7578,69.6505,61.9050
2024-09-01,Pasto,10.9979,14.7051,69.6330,61.9749
2024-10-01,Pasto,11.0705,14.8703,69.5770,61.8745
2024-11-01,Pasto,11.1800,14.6217,69.5970,61.8160
2024-12-01,Pasto,11.0180,14.4851,69.4448,61.7934
2025-01-01,Pasto,10.8991,14.5157,69.4423,61.8737
2025-02-01,Pasto,10.8183,14.5445,69.5158,61.9954
2025-03-01,Pasto,10.6688,14.7546,69.5611,62.1397
2025-04-01,Pasto,10.4566,15.2227,69.6184,62.3387
2025-05-01,Pasto,10.3398,15.4863,69.4011,62.2251
2025-06-01,Pasto,10.0987,15.6289,69.4517,62.4379
2025-07-01,Pasto,10.1174,15.4603,69.5279,62.4935
2025-08-01,Pasto,9.8538,15.4881,69.4791,62.6328
2025-09-01,Pasto,9.7816,15.5441,69.4377,62.6456
2025-10-01,Pasto,9.6509,15.2734,69.3588,62.6650
2025-11-01,Pasto,9.4425,15.2553,69.1991,62.6650
2025-12-01,Pasto,9.4564,14.9873,69.4066,62.8432
2026-01-01,Pasto,9.4722,14.9285,69.1273,62.5795
2026-02-01,Pasto,9.2872,14.6874,69.0773,62.6620
2026-03-01,Pasto,9.3132,14.1054,69.1116,62.6751
2026-04-01,Pasto,9.0897,13.8756,69.0075,62.7349
2026-05-01,Pasto,9.1090,13.7078,69.1632,62.8631
2026-06-01,Pasto,9.1910,13.5070,69.0239,62.6799
2026-07-01,Pasto,9.2154,13.5521,68.9353,62.5826
2026-08-01,Pasto,9.2538,13.4812,68.9762,62.5932
2021-12-01,Pereira A.M.,13.7755,6.6591,58.4022,50.3570
2022-01-01,Pereira A.M.,13.6301,6.4609,58.3968,50.4373
2022-02-01,Pereira A.M.,13.4551,6.4104,58.4649,50.5983
2022-03-01,Pereira A.M.,13.3629,6.2543,58.2670,50.4808
2022-04-01,Pereira A.M.,12.8458,5.9774,58.1999,50.7237
2022-05-01,Pereira A.M.,12.5409,5.8959,58.4508,51.1205
2022-06-01,Pereira A.M.,12.2193,6.0161,58.6674,51.4986
2022-07-01,Pereira A.M.,11.8006,5.8111,58.9797,52.0197
2022-08-01,Pereira A.M.,11.7953,5.5813,59.1090,52.1369
2022-09-01,Pereira A.M.,11.4215,5.4026,59.2010,52.4393
2022-10-01,Pereira A.M.,11.1274,5.4992,59.5525,52.9258
2022-11-01,Pereira A.M.,11.0844,5.3593,59.9542,53.3087
2022-12-01,Pereira A.M.,11.2049,5.2660,60.3360,53.5754
2023-01-01,Pereira A.M.,10.9306,5.3289,60.4579,53.8495
2023-02-01,Pereira A.M.,10.7444,5.2123,60.4454,53.9508
2023-03-01,Pereira A.M.,10.5755,5.0739,60.7574,54.3320
2023-04-01,Pereira A.M.,10.5820,5.0722,60.9540,54.5038
2023-05-01,Pereira A.M.,10.3792,4.9522,60.7718,54.4642
2023-06-01,Pereira A.M.,10.0513,4.8038,60.7696,54.6614
2023-07-01,Pereira A.M.,9.8379,4.8431,60.8466,54.8606
2023-08-01,Pereira A.M.,9.6959,4.8280,60.4987,54.6328
2023-09-01,Pereira A.M.,9.6634,4.6276,60.3189,54.4900
2023-10-01,Pereira A.M.,9.6011,4.3655,59.9995,54.2389
2023-11-01,Pereira A.M.,9.7205,4.4391,59.7916,53.9795
2023-12-01,Pereira A.M.,9.6436,4.5635,59.6262,53.8761
2024-01-01,Pereira A.M.,10.0926,4.6335,59.6235,53.6060
2024-02-01,Pereira A.M.,10.3580,4.7068,59.6019,53.4284
2024-03-01,Pereira A.M.,10.4954,4.6306,59.3199,53.0940
2024-04-01,Pereira A.M.,10.3581,4.6393,59.2610,53.1227
2024-05-01,Pereira A.M.,10.2745,4.6488,59.5342,53.4173
2024-06-01,Pereira A.M.,10.5815,4.5764,59.8516,53.5184
2024-07-01,Pereira A.M.,10.6334,4.6699,59.6976,53.3497
2024-08-01,Pereira A.M.,11.0333,4.5706,59.9891,53.3703
2024-09-01,Pereira A.M.,11.3010,4.6546,59.9479,53.1732
2024-10-01,Pereira A.M.,11.4012,4.7059,59.8726,53.0465
2024-11-01,Pereira A.M.,11.0803,4.5293,59.5689,52.9685
2024-12-01,Pereira A.M.,11.3987,4.2895,59.6279,52.8310
2025-01-01,Pereira A.M.,10.9489,4.1395,59.5311,53.0130
2025-02-01,Pereira A.M.,10.5352,4.2223,59.6511,53.3667
2025-03-01,Pereira A.M.,10.5245,4.2685,59.9895,53.6759
2025-04-01,Pereira A.M.,10.5985,4.3055,60.2228,53.8401
2025-05-01,Pereira A.M.,10.6150,4.3573,60.2795,53.8808
2025-06-01,Pereira A.M.,10.2663,4.7882,59.9934,53.8343
2025-07-01,Pereira A.M.,10.2421,4.6988,60.3660,54.1833
2025-08-01,Pereira A.M.,9.7581,4.8688,60.5438,54.6359
2025-09-01,Pereira A.M.,9.5232,4.8411,61.0336,55.2212
2025-10-01,Pereira A.M.,9.1778,4.8954,61.2626,55.6400
2025-11-01,Pereira A.M.,9.2788,4.9878,61.7070,55.9813
2025-12-01,Pereira A.M.,8.6880,5.0471,61.6365,56.2815
2026-01-01,Pereira A.M.,8.7628,5.1367,61.6607,56.2575
2026-02-01,Pereira A.M.,8.6782,5.0331,61.4188,56.0887
2026-03-01,Pereira A.M.,8.4353,4.9868,61.1691,56.0093
2026-04-01,Pereira A.M.,8.2611,4.9024,60.8469,55.8203
2026-05-01,Pereira A.M.,8.1408,4.9925,60.5510,55.6216
2026-06-01,Pereira A.M.,7.9773,4.6967,60.3567,55.5419
2026-07-01,Pereira A.M.,7.8757,4.5950,60.1473,55.4103
2026-08-01,Pereira A.M.,8.0535,4.2978,59.6621,54.8571
2021-12-01,Popayán,17.0026,9.6612,61.5682,51.1001
2022-01-01,Popayán,16.8143,9.7112,61.5179,51.1742
2022-02-01,Popayán,16.4769,9.8551,61.4853,51.3545
2022-03-01,Popayán,16.2503,9.7356,61.4098,51.4306
2022-04-01,Popayán,15.8625,10.0272,60.8055,51.1604
2022-05-01,Popayán,15.1708,10.0600,60.9903,51.7377
2022-06-01,Popayán,14.4827,10.2820,60.8516,52.0388
2022-07-01,Popayán,13.9742,10.3332,60.5302,52.0717
2022-08-01,Popayán,13.8164,10.3692,60.2899,51.9602
2022-09-01,Popayán,13.5131,10.7187,60.0926,51.9723
2022-10-01,Popayán,13.3064,10.6203,60.0187,52.0325
2022-11-01,Popayán,13.0789,10.4599,60.1870,52.3153
2022-12-01,Popayán,12.6274,10.4769,60.6122,52.9585
2023-01-01,Popayán,12.2225,10.6635,60.6481,53.2354
2023-02-01,Popayán,11.8314,11.0149,60.8120,53.6171
2023-03-01,Popayán,11.5539,11.4344,61.0304,53.9790
2023-04-01,Popayán,11.4773,11.7435,61.5359,54.4732
2023-05-01,Popayán,11.2312,12.2112,61.8170,54.8741
2023-06-01,Popayán,11.0994,12.4315,62.4142,55.4866
2023-07-01,Popayán,10.8108,12.5084,63.0410,56.2257
2023-08-01,Popayán,10.4835,12.4410,63.5574,56.8944
2023-09-01,Popayán,10.5631,12.5788,63.9702,57.2129
2023-10-01,Popayán,10.2669,12.9528,64.4131,57.7999
2023-11-01,Popayán,10.0715,12.9749,64.3904,57.9053
2023-12-01,Popayán,10.0311,13.0838,64.3588,57.9029
2024-01-01,Popayán,10.3328,12.9034,64.7112,58.0247
2024-02-01,Popayán,10.8745,12.5479,64.8169,57.7684
2024-03-01,Popayán,11.1431,12.3402,64.8776,57.6482
2024-04-01,Popayán,11.3249,12.1041,65.0509,57.6840
2024-05-01,Popayán,11.4650,11.8740,65.1205,57.6544
2024-06-01,Popayán,11.7000,11.5448,65.0559,57.4443
2024-07-01,Popayán,12.0435,11.2656,65.0017,57.1732
2024-08-01,Popayán,12.0910,11.0580,65.0247,57.1626
2024-09-01,Popayán,12.1309,10.7224,64.9009,57.0279
2024-10-01,Popayán,12.2774,10.3920,64.5928,56.6625
2024-11-01,Popayán,12.6062,10.4265,64.5904,56.4480
2024-12-01,Popayán,12.6066,10.0512,64.3561,56.2430
2025-01-01,Popayán,12.2660,10.1354,64.1337,56.2670
2025-02-01,Popayán,11.8297,10.0459,63.9070,56.3470
2025-03-01,Popayán,11.4542,10.0525,63.6976,56.4016
2025-04-01,Popayán,11.3118,9.7457,63.2570,56.1015
2025-05-01,Popayán,11.2516,9.5427,62.7757,55.7124
2025-06-01,Popayán,11.0803,9.5384,62.3589,55.4493
2025-07-01,Popayán,10.8575,9.4319,61.8444,55.1296
2025-08-01,Popayán,10.5536,9.3458,61.4906,55.0011
2025-09-01,Popayán,10.4503,9.1824,61.2532,54.8521
2025-10-01,Popayán,10.2688,9.0817,61.3347,55.0364
2025-11-01,Popayán,9.8066,8.9370,61.2985,55.2872
2025-12-01,Popayán,10.0137,8.9865,60.7576,54.6735
2026-01-01,Popayán,10.1267,8.8147,60.4720,54.3482
2026-02-01,Popayán,9.9871,8.6756,60.4709,54.4316
2026-03-01,Popayán,9.8379,8.3579,60.2923,54.3608
2026-04-01,Popayán,9.7725,8.2701,60.4745,54.5647
2026-05-01,Popayán,9.4149,8.1870,60.5604,54.8587
2026-06-01,Popayán,9.4286,8.2599,60.8431,55.1064
2026-07-01,Popayán,9.3604,8.3250,61.1945,55.4664
2026-08-01,Popayán,9.5988,8.1955,60.9816,55.1281
2021-12-01,Puerto Carreño,25.7385,7.4192,72.1013,53.5406
2022-01-01,Puerto Carreño,24.6569,7.9110,72.6020,54.6977
2022-02-01,Puerto Carreño,23.8188,7.8805,72.9852,55.5988
2022-03-01,Puerto Carreño,23.9344,7.7486,73.2420,55.7098
2022-04-01,Puerto Carreño,23.2010,8.1222,73.9785,56.8133
2022-05-01,Puerto Carreño,22.6280,7.7973,74.4040,57.5671
2022-06-01,Puerto Carreño,22.8755,7.9754,74.8635,57.7373
2022-07-01,Puerto Carreño,22.4052,7.9439,75.3848,58.4946
2022-08-01,Puerto Carreño,21.3924,8.1699,74.9937,58.9514
2022-09-01,Puerto Carreño,21.0123,8.0260,75.4721,59.6144
2022-10-01,Puerto Carreño,19.6455,8.0632,75.0929,60.3412
2022-11-01,Puerto Carreño,19.1232,8.7400,74.7843,60.4839
2022-12-01,Puerto Carreño,18.8544,8.8124,74.7764,60.6785
2023-01-01,Puerto Carreño,18.7458,10.2157,75.0158,60.9542
2023-02-01,Puerto Carreño,18.2452,10.5327,74.8094,61.1610
2023-03-01,Puerto Carreño,17.1605,10.9811,74.6789,61.8644
2023-04-01,Puerto Carreño,17.5281,10.6417,75.2265,62.0414
2023-05-01,Puerto Carreño,17.6625,11.3322,74.8646,61.6423
2023-06-01,Puerto Carreño,17.3435,12.1033,74.9048,61.9151
2023-07-01,Puerto Carreño,16.6013,12.7471,74.4972,62.1297
2023-08-01,Puerto Carreño,17.0584,13.4968,74.6851,61.9450
2023-09-01,Puerto Carreño,17.0443,13.7938,74.6414,61.9194
2023-10-01,Puerto Carreño,17.1091,14.9313,74.9230,62.1044
2023-11-01,Puerto Carreño,16.2665,14.5898,75.5515,63.2619
2023-12-01,Puerto Carreño,16.5262,14.5295,76.0231,63.4594
2024-01-01,Puerto Carreño,16.6750,13.5242,75.8439,63.1969
2024-02-01,Puerto Carreño,17.4121,13.4607,75.8105,62.6103
2024-03-01,Puerto Carreño,17.6632,13.4127,75.7608,62.3790
2024-04-01,Puerto Carreño,17.4792,14.4228,75.4463,62.2589
2024-05-01,Puerto Carreño,17.1851,14.7252,75.8707,62.8323
2024-06-01,Puerto Carreño,17.2760,14.6479,75.8339,62.7328
2024-07-01,Puerto Carreño,17.5001,14.5519,75.1760,62.0201
2024-08-01,Puerto Carreño,18.2228,13.8190,75.2376,61.5272
2024-09-01,Puerto Carreño,17.4022,13.7110,75.0822,62.0162
2024-10-01,Puerto Carreño,17.8494,13.3328,75.2581,61.8250
2024-11-01,Puerto Carreño,18.0082,12.9924,75.6795,62.0510
2024-12-01,Puerto Carreño,17.0385,13.3139,75.3893,62.5440
2025-01-01,Puerto Carreño,16.8777,13.0568,75.6906,62.9157
2025-02-01,Puerto Carreño,16.2585,13.0073,75.7431,63.4284
2025-03-01,Puerto Carreño,15.8586,12.7398,75.8317,63.8059
2025-04-01,Puerto Carreño,15.3297,11.4808,76.1376,64.4659
2025-05-01,Puerto Carreño,15.1596,10.7716,75.6942,64.2193
2025-06-01,Puerto Carreño,14.4400,9.9961,75.6626,64.7369
2025-07-01,Puerto Carreño,14.3603,9.5178,76.0787,65.1536
2025-08-01,Puerto Carreño,13.4899,9.2933,76.3277,66.0311
2025-09-01,Puerto Carreño,13.5125,9.0303,76.0831,65.8024
2025-10-01,Puerto Carreño,12.9256,8.6661,75.7034,65.9183
2025-11-01,Puerto Carreño,12.7679,8.9096,75.1353,65.5421
2025-12-01,Puerto Carreño,13.1646,7.9115,75.1496,65.2565
2026-01-01,Puerto Carreño,12.6915,8.0045,74.2021,64.7848
2026-02-01,Puerto Carreño,12.1327,7.5269,74.1218,65.1288
2026-03-01,Puerto Carreño,12.1388,7.5888,73.4897,64.5689
2026-04-01,Puerto Carreño,11.9505,7.7688,72.9576,64.2388
2026-05-01,Puerto Carreño,11.9430,7.6259,72.8177,64.1211
2026-06-01,Puerto Carreño,12.4194,7.9392,72.9003,63.8465
2026-07-01,Puerto Carreño,12.3061,9.1003,72.9541,63.9762
2026-08-01,Puerto Carreño,11.5373,9.8102,72.9010,64.4902
2021-12-01,Quibdó,25.4110,3.7952,52.3671,39.0603
2022-01-01,Quibdó,24.9568,3.4940,52.3517,39.2866
2022-02-01,Quibdó,24.4865,3.4680,52.5897,39.7126
2022-03-01,Quibdó,24.1323,3.3650,52.8165,40.0710
2022-04-01,Quibdó,23.9035,3.2212,53.2047,40.4872
2022-05-01,Quibdó,22.8579,3.2039,53.4636,41.2432
2022-06-01,Quibdó,22.7096,3.2787,54.0667,41.7886
2022-07-01,Quibdó,22.5753,2.9967,53.7726,41.6337
2022-08-01,Quibdó,22.3925,2.7930,53.7060,41.6802
2022-09-01,Quibdó,22.2453,2.7395,53.6260,41.6970
2022-10-01,Quibdó,22.5822,2.7426,53.4890,41.4102
2022-11-01,Quibdó,23.3003,2.8282,53.4274,40.9788
2022-12-01,Quibdó,23.8272,2.9738,53.7353,40.9318
2023-01-01,Quibdó,24.3562,3.1384,53.6487,40.5819
2023-02-01,Quibdó,25.0612,2.9048,53.4793,40.0765
2023-03-01,Quibdó,25.3866,3.0007,53.4053,39.8473
2023-04-01,Quibdó,25.8587,3.1616,53.2769,39.4999
2023-05-01,Quibdó,26.1960,3.0526,53.5306,39.5074
2023-06-01,Quibdó,26.9625,3.0333,53.3121,38.9377
2023-07-01,Quibdó,26.5317,3.0643,53.7863,39.5159
2023-08-01,Quibdó,26.1781,3.1731,54.3333,40.1099
2023-09-01,Quibdó,26.3018,3.2752,54.7293,40.3345
2023-10-01,Quibdó,26.2380,3.1973,55.4035,40.8668
2023-11-01,Quibdó,25.9346,3.4377,55.9048,41.4061
2023-12-01,Quibdó,25.8393,3.5682,56.2284,41.6994
2024-01-01,Quibdó,25.7110,3.5538,56.6061,42.0521
2024-02-01,Quibdó,25.5632,3.8059,56.6910,42.1990
2024-03-01,Quibdó,25.8864,3.6898,56.8165,42.1087
2024-04-01,Quibdó,25.9677,3.6369,57.1682,42.3229
2024-05-01,Quibdó,26.3668,3.6933,57.2127,42.1275
2024-06-01,Quibdó,26.2133,3.6409,57.7058,42.5792
2024-07-01,Quibdó,26.3024,3.7994,57.8286,42.6183
2024-08-01,Quibdó,26.5406,3.8478,58.0274,42.6266
2024-09-01,Quibdó,26.7394,3.9207,58.1445,42.5970
2024-10-01,Quibdó,26.9550,4.0869,58.4947,42.7275
2024-11-01,Quibdó,27.1555,3.9994,58.6158,42.6984
2024-12-01,Quibdó,27.6493,3.7942,58.6783,42.4542
2025-01-01,Quibdó,28.0839,3.6842,58.6052,42.1466
2025-02-01,Quibdó,28.6162,3.6091,58.3945,41.6842
2025-03-01,Quibdó,29.0270,3.5974,58.0649,41.2104
2025-04-01,Quibdó,29.1693,3.6703,57.7714,40.9199
2025-05-01,Quibdó,28.9184,3.6387,57.7823,41.0726
2025-06-01,Quibdó,28.5959,3.5497,57.7248,41.2179
2025-07-01,Quibdó,28.5521,3.4074,57.6071,41.1591
2025-08-01,Quibdó,28.6578,3.2471,57.3982,40.9491
2025-09-01,Quibdó,28.3814,3.0970,57.4343,41.1337
2025-10-01,Quibdó,28.0044,2.9547,56.8851,40.9548
2025-11-01,Quibdó,27.5627,2.7754,56.4225,40.8709
2025-12-01,Quibdó,27.1438,2.8071,56.3738,41.0718
2026-01-01,Quibdó,26.4158,2.6948,56.4133,41.5113
2026-02-01,Quibdó,25.5636,2.7398,56.7781,42.2636
2026-03-01,Quibdó,24.8150,2.7467,57.0157,42.8673
2026-04-01,Quibdó,24.4781,2.6216,57.1247,43.1417
2026-05-01,Quibdó,24.1204,2.5530,56.9754,43.2327
2026-06-01,Quibdó,24.0952,2.5342,56.6383,42.9911
2026-07-01,Quibdó,24.1352,2.4752,56.6747,42.9962
2026-08-01,Quibdó,23.9707,2.4292,56.4159,42.8926
2021-12-01,Riohacha,18.0073,9.4705,62.4125,51.1737
2022-01-01,Riohacha,17.9104,8.8062,62.4303,51.2489
2022-02-01,Riohacha,17.2623,8.5343,62.4100,51.6366
2022-03-01,Riohacha,16.4654,8.2611,62.1892,51.9496
2022-04-01,Riohacha,16.0998,7.6292,61.6563,51.7299
2022-05-01,Riohacha,15.8220,7.1748,61.5445,51.8070
2022-06-01,Riohacha,15.7234,7.0227,61.5080,51.8369
2022-07-01,Riohacha,15.3706,6.8473,61.1479,51.7492
2022-08-01,Riohacha,15.4294,6.6908,61.1878,51.7470
2022-09-01,Riohacha,15.6882,6.7173,61.1919,51.5921
2022-10-01,Riohacha,15.4654,6.9268,60.7227,51.3317
2022-11-01,Riohacha,15.4896,7.6234,60.5817,51.1979
2022-12-01,Riohacha,15.7624,8.0577,60.6701,51.1071
2023-01-01,Riohacha,15.9629,8.2719,60.6417,50.9616
2023-02-01,Riohacha,16.0224,8.5253,60.6884,50.9647
2023-03-01,Riohacha,16.2303,9.0213,60.9805,51.0832
2023-04-01,Riohacha,16.2905,9.7557,61.4762,51.4614
2023-05-01,Riohacha,16.0993,10.2648,61.6106,51.6917
2023-06-01,Riohacha,16.0469,10.5036,61.6934,51.7935
2023-07-01,Riohacha,15.9340,10.9513,62.4996,52.5409
2023-08-01,Riohacha,15.6294,11.5182,62.9973,53.1512
2023-09-01,Riohacha,15.2980,11.9042,63.3166,53.6305
2023-10-01,Riohacha,15.0417,12.0144,63.5939,54.0283
2023-11-01,Riohacha,14.9158,11.6836,63.7023,54.2006
2023-12-01,Riohacha,14.7002,11.5506,63.8996,54.5063
2024-01-01,Riohacha,15.1169,11.5444,64.1519,54.4542
2024-02-01,Riohacha,15.4096,11.3724,63.9928,54.1318
2024-03-01,Riohacha,15.7729,10.9734,63.6061,53.5736
2024-04-01,Riohacha,16.1676,10.6694,63.0919,52.8914
2024-05-01,Riohacha,16.5418,10.3389,62.7632,52.3810
2024-06-01,Riohacha,16.7042,10.0465,62.8468,52.3487
2024-07-01,Riohacha,16.9452,9.5445,62.7746,52.1373
2024-08-01,Riohacha,17.3381,9.1544,62.7250,51.8497
2024-09-01,Riohacha,17.2137,8.7001,62.5519,51.7845
2024-10-01,Riohacha,17.4898,8.4711,62.6422,51.6862
2024-11-01,Riohacha,17.3772,8.1242,62.5178,51.6540
2024-12-01,Riohacha,17.6502,7.9801,62.5676,51.5243
2025-01-01,Riohacha,17.1906,7.6554,62.4371,51.7037
2025-02-01,Riohacha,17.0302,7.3272,62.6495,51.9802
2025-03-01,Riohacha,16.6671,7.3040,62.7923,52.3267
2025-04-01,Riohacha,16.3747,7.1680,62.8936,52.5949
2025-05-01,Riohacha,16.0413,7.4481,62.9137,52.8215
2025-06-01,Riohacha,15.7454,7.4037,62.5871,52.7325
2025-07-01,Riohacha,15.8207,7.7286,62.4196,52.5444
2025-08-01,Riohacha,15.5028,7.8187,62.1947,52.5528
2025-09-01,Riohacha,15.5498,7.7051,62.0888,52.4341
2025-10-01,Riohacha,15.0073,7.9609,62.2928,52.9443
2025-11-01,Riohacha,14.9131,8.0632,62.2805,52.9925
2025-12-01,Riohacha,14.3581,7.8698,62.4610,53.4928
2026-01-01,Riohacha,14.2094,7.9799,62.5736,53.6823
2026-02-01,Riohacha,13.8871,8.3844,62.6172,53.9214
2026-03-01,Riohacha,13.6001,8.8702,62.7279,54.1968
2026-04-01,Riohacha,13.2396,9.0862,62.9995,54.6586
2026-05-01,Riohacha,13.0655,9.1383,63.2503,54.9863
2026-06-01,Riohacha,12.9332,9.2145,63.5818,55.3587
2026-07-01,Riohacha,12.6019,9.2163,63.5008,55.4985
2026-08-01,Riohacha,12.3604,9.0553,63.6560,55.7878
2021-12-01,San Andrés,9.0759,0.8450,62.0140,56.3854
2022-01-01,San Andrés,8.5803,0.7319,62.3122,56.9654
2022-02-01,San Andrés,7.9058,0.7156,63.1452,58.1531
2022-03-01,San Andrés,7.2091,0.6665,63.8902,59.2846
2022-04-01,San Andrés,6.7504,0.5945,64.4250,60.0761
2022-05-01,San Andrés,6.3389,0.5520,64.6908,60.5904
2022-06-01,San Andrés,5.7280,0.5149,65.0528,61.3268
2022-07-01,San Andrés,5.6716,0.4273,65.3015,61.5982
2022-08-01,San Andrés,5.5932,0.3973,65.8299,62.1479
2022-09-01,San Andrés,5.6580,0.3109,66.7498,62.9731
2022-10-01,San Andrés,6.0993,0.2538,67.7213,63.5908
2022-11-01,San Andrés,6.5030,0.2665,68.1925,63.7577
2022-12-01,San Andrés,6.8733,0.2269,68.4539,63.7483
2023-01-01,San Andrés,7.3343,0.2414,68.8408,63.7913
2023-02-01,San Andrés,8.1731,0.2495,68.5764,62.9711
2023-03-01,San Andrés,8.9161,0.2140,68.2004,62.1191
2023-04-01,San Andrés,9.4053,0.2030,68.3959,61.9628
2023-05-01,San Andrés,10.1056,0.2142,68.8350,61.8783
2023-06-01,San Andrés,11.0009,0.2216,69.0534,61.4564
2023-07-01,San Andrés,11.8105,0.1904,69.0988,60.9379
2023-08-01,San Andrés,12.5858,0.1907,68.9081,60.2355
2023-09-01,San Andrés,12.8586,0.2067,69.2184,60.3179
2023-10-01,San Andrés,13.1371,0.1572,69.0812,60.0059
2023-11-01,San Andrés,13.4153,0.1249,69.1397,59.8643
2023-12-01,San Andrés,13.5242,0.1502,69.2655,59.8979
2024-01-01,San Andrés,13.7914,0.1335,69.7783,60.1549
2024-02-01,San Andrés,13.6764,0.1327,70.1131,60.5242
2024-03-01,San Andrés,13.7531,0.1991,70.3943,60.7129
2024-04-01,San Andrés,14.2673,0.2231,70.4262,60.3783
2024-05-01,San Andrés,14.7295,0.2424,70.4863,60.1040
2024-06-01,San Andrés,14.9161,0.2217,70.7691,60.2132
2024-07-01,San Andrés,14.8249,0.2881,70.8371,60.3355
2024-08-01,San Andrés,14.5998,0.2872,70.9623,60.6020
2024-09-01,San Andrés,14.9641,0.2711,70.8358,60.2359
2024-10-01,San Andrés,14.7383,0.2708,70.8458,60.4043
2024-11-01,San Andrés,14.6634,0.2714,70.5919,60.2407
2024-12-01,San Andrés,14.7769,0.2555,70.7371,60.2843
2025-01-01,San Andrés,15.3568,0.3135,70.2441,59.4569
2025-02-01,San Andrés,15.2537,0.3826,69.8386,59.1856
2025-03-01,San Andrés,15.5272,0.3348,69.7194,58.8939
2025-04-01,San Andrés,15.2070,0.3309,69.9974,59.3529
2025-05-01,San Andrés,14.5155,0.2860,69.9102,59.7624
2025-06-01,San Andrés,14.0759,0.3073,69.6182,59.8188
2025-07-01,San Andrés,13.7704,0.2307,69.6301,60.0418
2025-08-01,San Andrés,13.7128,0.2628,69.5190,59.9860
2025-09-01,San Andrés,13.5207,0.2625,69.5268,60.1263
2025-10-01,San Andrés,13.4801,0.2797,69.6888,60.2946
2025-11-01,San Andrés,13.4921,0.3339,70.2642,60.7841
2025-12-01,San Andrés,13.6167,0.3464,70.0942,60.5497
2026-01-01,San Andrés,13.3988,0.3089,70.6527,61.1860
2026-02-01,San Andrés,13.3015,0.2414,70.9928,61.5497
2026-03-01,San Andrés,12.7033,0.2494,70.9915,61.9732
2026-04-01,San Andrés,12.6022,0.2290,70.6009,61.7036
2026-05-01,San Andrés,12.7977,0.2458,70.8791,61.8082
2026-06-01,San Andrés,13.3993,0.2420,70.8790,61.3817
2026-07-01,San Andrés,13.6724,0.2409,71.1249,61.4004
2026-08-01,San Andrés,14.1199,0.2234,71.4220,61.3373
2021-12-01,San José del Guaviare,11.1601,12.8381,82.1132,72.9509
2022-01-01,San José del Guaviare,10.3332,13.2472,82.1054,73.6233
2022-02-01,San José del Guaviare,10.4980,13.1932,81.8457,73.2552
2022-03-01,San José del Guaviare,10.0410,12.7800,82.1984,73.9466
2022-04-01,San José del Guaviare,9.6773,12.6332,82.5528,74.5656
2022-05-01,San José del Guaviare,9.7688,12.0075,83.0390,74.9287
2022-06-01,San José del Guaviare,9.3614,12.2037,82.6984,74.9583
2022-07-01,San José del Guaviare,9.2666,12.2642,82.5695,74.9198
2022-08-01,San José del Guaviare,9.2115,12.1946,82.3393,74.7560
2022-09-01,San José del Guaviare,9.3210,11.4994,82.5429,74.8501
2022-10-01,San José del Guaviare,9.0228,11.3328,82.7488,75.2833
2022-11-01,San José del Guaviare,8.8947,10.7001,82.7091,75.3529
2022-12-01,San José del Guaviare,8.9994,10.4565,82.6488,75.2115
2023-01-01,San José del Guaviare,9.0136,10.1709,82.8532,75.3854
2023-02-01,San José del Guaviare,8.8011,9.3668,83.2128,75.8895
2023-03-01,San José del Guaviare,9.0394,8.5708,82.9344,75.4379
2023-04-01,San José del Guaviare,9.3278,8.0653,82.7446,75.0263
2023-05-01,San José del Guaviare,9.6511,6.7919,82.5059,74.5432
2023-06-01,San José del Guaviare,9.3162,6.1367,82.3762,74.7019
2023-07-01,San José del Guaviare,9.1857,5.6955,82.3503,74.7859
2023-08-01,San José del Guaviare,9.1450,4.8271,82.2018,74.6845
2023-09-01,San José del Guaviare,8.8568,4.5840,81.8311,74.5835
2023-10-01,San José del Guaviare,8.6384,4.1545,81.9490,74.8699
2023-11-01,San José del Guaviare,8.5028,3.6223,81.9197,74.9542
2023-12-01,San José del Guaviare,8.2153,3.4357,81.5002,74.8047
2024-01-01,San José del Guaviare,8.6713,3.1200,81.2074,74.1657
2024-02-01,San José del Guaviare,8.9054,3.2296,80.4846,73.3171
2024-03-01,San José del Guaviare,9.4475,3.0935,79.9583,72.4043
2024-04-01,San José del Guaviare,9.9767,2.7220,79.5691,71.6307
2024-05-01,San José del Guaviare,9.9647,2.5826,79.8702,71.9114
2024-06-01,San José del Guaviare,10.6376,2.4959,79.7115,71.2321
2024-07-01,San José del Guaviare,10.8516,2.0980,79.5708,70.9361
2024-08-01,San José del Guaviare,11.3083,2.1937,79.7868,70.7643
2024-09-01,San José del Guaviare,11.6229,2.1285,79.4775,70.2400
2024-10-01,San José del Guaviare,11.9366,1.8138,79.3519,69.8800
2024-11-01,San José del Guaviare,11.8931,1.7915,79.3699,69.9303
2024-12-01,San José del Guaviare,12.1471,1.5837,79.7800,70.0891
2025-01-01,San José del Guaviare,11.6562,1.3691,79.6337,70.3514
2025-02-01,San José del Guaviare,12.0942,1.0077,80.2895,70.5792
2025-03-01,San José del Guaviare,12.0022,1.0677,80.3882,70.7398
2025-04-01,San José del Guaviare,11.5598,1.0363,80.7268,71.3949
2025-05-01,San José del Guaviare,11.5200,1.2644,80.7323,71.4320
2025-06-01,San José del Guaviare,10.9910,1.2675,81.2451,72.3154
2025-07-01,San José del Guaviare,11.0367,1.3344,81.6833,72.6681
2025-08-01,San José del Guaviare,10.9569,1.2517,81.8212,72.8561
2025-09-01,San José del Guaviare,11.2481,1.1678,82.2773,73.0227
2025-10-01,San José del Guaviare,11.4058,1.6560,82.3492,72.9566
2025-11-01,San José del Guaviare,11.5494,2.1153,82.2228,72.7266
2025-12-01,San José del Guaviare,11.4044,2.4746,82.4027,73.0051
2026-01-01,San José del Guaviare,11.4401,2.7008,82.5928,73.1441
2026-02-01,San José del Guaviare,10.4152,3.0686,82.5207,73.9260
2026-03-01,San José del Guaviare,9.5330,3.3952,83.2044,75.2725
2026-04-01,San José del Guaviare,9.1979,3.5838,83.2566,75.5988
2026-05-01,San José del Guaviare,9.1425,3.5861,82.3122,74.7868
2026-06-01,San José del Guaviare,9.2365,3.8967,82.2373,74.6415
2026-07-01,San José del Guaviare,9.1986,4.2208,81.8750,74.3436
2026-08-01,San José del Guaviare,8.8767,4.5227,81.7922,74.5317
2021-12-01,Santa Marta,14.3149,7.0718,58.0933,49.7773
2022-01-01,Santa Marta,14.3756,6.9754,58.2429,49.8701
2022-02-01,Santa Marta,14.2155,6.8908,58.2558,49.9745
2022-03-01,Santa Marta,14.0790,6.9840,58.2809,50.0755
2022-04-01,Santa Marta,13.7543,6.9941,58.5110,50.4633
2022-05-01,Santa Marta,13.4513,6.8781,58.9233,50.9974
2022-06-01,Santa Marta,12.9626,7.0475,59.3142,51.6255
2022-07-01,Santa Marta,12.9316,7.4109,59.4316,51.7461
2022-08-01,Santa Marta,12.7779,7.6069,59.7967,52.1559
2022-09-01,Santa Marta,12.6956,8.0149,60.2901,52.6359
2022-10-01,Santa Marta,12.5025,7.9357,60.7049,53.1153
2022-11-01,Santa Marta,11.9946,7.9659,60.8320,53.5354
2022-12-01,Santa Marta,11.5732,8.1290,61.0263,53.9636
2023-01-01,Santa Marta,11.2336,8.2797,61.1442,54.2755
2023-02-01,Santa Marta,10.7859,8.5895,61.3266,54.7120
2023-03-01,Santa Marta,10.4873,8.7514,61.5531,55.0978
2023-04-01,Santa Marta,10.1192,8.9337,61.5714,55.3408
2023-05-01,Santa Marta,9.9936,9.2395,61.6302,55.4712
2023-06-01,Santa Marta,9.9146,9.4335,61.4769,55.3817
2023-07-01,Santa Marta,9.7519,9.5800,61.4631,55.4693
2023-08-01,Santa Marta,9.3176,9.7674,61.3614,55.6440
2023-09-01,Santa Marta,9.0710,9.7313,61.0610,55.5221
2023-10-01,Santa Marta,8.6510,9.9941,60.8988,55.6304
2023-11-01,Santa Marta,8.9087,10.0871,60.7451,55.3335
2023-12-01,Santa Marta,9.0801,9.9801,60.5542,55.0558
2024-01-01,Santa Marta,9.3962,9.8979,60.3181,54.6505
2024-02-01,Santa Marta,9.5408,9.7035,60.0395,54.3112
2024-03-01,Santa Marta,9.5521,9.5589,59.7261,54.0210
2024-04-01,Santa Marta,9.5843,9.3434,59.3808,53.6896
2024-05-01,Santa Marta,9.5921,9.0470,58.9352,53.2821
2024-06-01,Santa Marta,9.6468,8.9668,58.6407,52.9838
2024-07-01,Santa Marta,9.5486,8.6413,58.3425,52.7716
2024-08-01,Santa Marta,9.8199,8.5263,58.2469,52.5271
2024-09-01,Santa Marta,9.9323,8.3798,57.8881,52.1385
2024-10-01,Santa Marta,10.0489,8.3859,57.4963,51.7186
2024-11-01,Santa Marta,9.8657,8.3442,57.3261,51.6705
2024-12-01,Santa Marta,9.6252,8.4277,57.3440,51.8245
2025-01-01,Santa Marta,9.3587,8.6794,57.4759,52.0969
2025-02-01,Santa Marta,9.2502,8.5673,57.5646,52.2397
2025-03-01,Santa Marta,9.1931,8.6336,57.6600,52.3593
2025-04-01,Santa Marta,9.1426,8.6843,57.8534,52.5641
2025-05-01,Santa Marta,9.0024,8.6843,57.8123,52.6078
2025-06-01,Santa Marta,8.8518,8.4840,57.9463,52.8170
2025-07-01,Santa Marta,8.9048,8.6724,58.2029,53.0201
2025-08-01,Santa Marta,8.8648,8.5534,58.1749,53.0178
2025-09-01,Santa Marta,8.7426,8.4813,58.5804,53.4590
2025-10-01,Santa Marta,8.8925,8.2310,59.0706,53.8178
2025-11-01,Santa Marta,8.8758,8.2088,59.2531,53.9939
2025-12-01,Santa Marta,8.9680,8.1696,59.0427,53.7478
2026-01-01,Santa Marta,8.9759,7.7354,59.0070,53.7106
2026-02-01,Santa Marta,9.1370,7.7736,59.1031,53.7028
2026-03-01,Santa Marta,9.4713,7.8528,59.4203,53.7924
2026-04-01,Santa Marta,9.7864,8.0651,59.0665,53.2860
2026-05-01,Santa Marta,9.9798,8.1712,59.2298,53.3188
2026-06-01,Santa Marta,10.0705,8.4138,59.2383,53.2726
2026-07-01,Santa Marta,9.9754,8.3568,58.7965,52.9313
2026-08-01,Santa Marta,10.0326,8.4776,58.5333,52.6609
2021-12-01,Sincelejo,16.3621,6.3813,61.9067,51.7774
2022-01-01,Sincelejo,16.1738,5.8822,62.2574,52.1878
2022-02-01,Sincelejo,15.6448,6.2570,62.4013,52.6386
2022-03-01,Sincelejo,15.2222,6.6408,62.3620,52.8690
2022-04-01,Sincelejo,14.7925,6.6470,61.9479,52.7841
2022-05-01,Sincelejo,14.5073,6.8252,61.6716,52.7246
2022-06-01,Sincelejo,14.1538,6.9714,61.4334,52.7381
2022-07-01,Sincelejo,13.9232,7.0744,61.3295,52.7904
2022-08-01,Sincelejo,13.5535,7.5882,61.2486,52.9472
2022-09-01,Sincelejo,13.3590,7.9567,61.5120,53.2945
2022-10-01,Sincelejo,12.8610,7.9190,61.3683,53.4757
2022-11-01,Sincelejo,12.5247,7.9465,60.8438,53.2233
2022-12-01,Sincelejo,12.5987,8.1593,60.2977,52.7010
2023-01-01,Sincelejo,12.3444,8.2334,59.5759,52.2216
2023-02-01,Sincelejo,12.4171,7.8647,58.9488,51.6292
2023-03-01,Sincelejo,12.4323,7.8987,58.4753,51.2054
2023-04-01,Sincelejo,12.1851,7.9590,58.3847,51.2705
2023-05-01,Sincelejo,12.4749,7.9018,58.4526,51.1607
2023-06-01,Sincelejo,12.4019,8.0627,58.4361,51.1889
2023-07-01,Sincelejo,12.2615,8.4650,58.3989,51.2383
2023-08-01,Sincelejo,12.0022,8.3394,58.9345,51.8610
2023-09-01,Sincelejo,11.8100,8.8030,59.2638,52.2648
2023-10-01,Sincelejo,11.4856,8.9435,59.3729,52.5535
2023-11-01,Sincelejo,11.5141,8.8210,59.4733,52.6255
2023-12-01,Sincelejo,11.2297,8.7731,59.6548,52.9557
2024-01-01,Sincelejo,11.4397,8.6022,59.7880,52.9484
2024-02-01,Sincelejo,11.5078,8.8589,60.2287,53.2977
2024-03-01,Sincelejo,11.4639,8.9882,60.4495,53.5197
2024-04-01,Sincelejo,11.5539,9.1376,60.5998,53.5982
2024-05-01,Sincelejo,11.5305,9.2546,60.6450,53.6523
2024-06-01,Sincelejo,11.5965,9.3885,60.7245,53.6825
2024-07-01,Sincelejo,11.8437,9.3106,60.8856,53.6745
2024-08-01,Sincelejo,11.8654,9.3139,60.7106,53.5070
2024-09-01,Sincelejo,12.1750,8.6255,60.4267,53.0697
2024-10-01,Sincelejo,12.4063,8.6916,60.2915,52.8115
2024-11-01,Sincelejo,12.3139,8.4787,60.4568,53.0123
2024-12-01,Sincelejo,12.4716,8.6754,60.8171,53.2322
2025-01-01,Sincelejo,12.2905,9.0194,61.0844,53.5768
2025-02-01,Sincelejo,12.4612,8.8345,61.2293,53.5994
2025-03-01,Sincelejo,12.7307,8.8163,61.2628,53.4637
2025-04-01,Sincelejo,12.5917,8.5694,61.3037,53.5846
2025-05-01,Sincelejo,12.6066,8.8153,61.7086,53.9293
2025-06-01,Sincelejo,12.6531,8.7921,61.9987,54.1539
2025-07-01,Sincelejo,12.3790,9.0797,62.1307,54.4396
2025-08-01,Sincelejo,12.4006,9.1399,62.3069,54.5804
2025-09-01,Sincelejo,12.4000,9.3873,62.4962,54.7467
2025-10-01,Sincelejo,12.4197,9.0776,62.9301,55.1144
2025-11-01,Sincelejo,12.3032,9.1463,63.1855,55.4116
2025-12-01,Sincelejo,12.3514,8.7948,63.0127,55.2298
2026-01-01,Sincelejo,12.3098,8.5107,63.1204,55.3504
2026-02-01,Sincelejo,12.1143,8.4557,63.0270,55.3917
2026-03-01,Sincelejo,11.8364,8.1675,63.3209,55.8260
2026-04-01,Sincelejo,11.7174,8.4537,63.7170,56.2510
2026-05-01,Sincelejo,11.5648,8.5173,63.6101,56.2538
2026-06-01,Sincelejo,11.5892,8.2236,63.5981,56.2276
2026-07-01,Sincelejo,11.8934,8.0491,63.8030,56.2147
2026-08-01,Sincelejo,11.9335,7.9793,63.7872,56.1752
2021-12-01,Tunja,20.1233,4.3115,54.6909,43.6853
2022-01-01,Tunja,19.4852,4.3800,55.3265,44.5460
2022-02-01,Tunja,19.1456,4.4695,55.9456,45.2345
2022-03-01,Tunja,18.4080,4.8329,56.3260,45.9576
2022-04-01,Tunja,17.8378,5.0796,56.7051,46.5902
2022-05-01,Tunja,17.3040,5.0799,57.6322,47.6596
2022-06-01,Tunja,16.5907,4.9730,58.1603,48.5111
2022-07-01,Tunja,16.0259,4.7366,58.7959,49.3733
2022-08-01,Tunja,15.1548,4.6774,59.3614,50.3653
2022-09-01,Tunja,14.7682,4.4092,60.3812,51.4640
2022-10-01,Tunja,14.2393,4.3787,60.8194,52.1591
2022-11-01,Tunja,13.7797,4.5198,61.2458,52.8064
2022-12-01,Tunja,13.4554,4.7299,61.4122,53.1490
2023-01-01,Tunja,13.0884,4.7437,61.7623,53.6787
2023-02-01,Tunja,12.4965,5.1945,62.0346,54.2825
2023-03-01,Tunja,12.3147,5.4762,62.4233,54.7360
2023-04-01,Tunja,12.1061,5.5421,62.7191,55.1264
2023-05-01,Tunja,11.6854,5.8611,62.7686,55.4338
2023-06-01,Tunja,11.3572,6.1285,62.8588,55.7198
2023-07-01,Tunja,10.9656,6.4513,62.8603,55.9673
2023-08-01,Tunja,10.6816,6.7536,63.0551,56.3198
2023-09-01,Tunja,10.3258,7.2608,63.1678,56.6452
2023-10-01,Tunja,10.1966,7.5019,63.1619,56.7215
2023-11-01,Tunja,10.1874,7.9669,62.9350,56.5235
2023-12-01,Tunja,10.2357,8.1780,63.0340,56.5821
2024-01-01,Tunja,10.0438,8.3513,62.8949,56.5779
2024-02-01,Tunja,10.3783,8.0885,63.0650,56.5199
2024-03-01,Tunja,10.6345,7.8829,63.1645,56.4472
2024-04-01,Tunja,10.6452,7.9506,63.0312,56.3214
2024-05-01,Tunja,10.8000,7.9103,62.9766,56.1751
2024-06-01,Tunja,10.8837,7.8657,63.1269,56.2564
2024-07-01,Tunja,11.0596,7.8994,63.1714,56.1849
2024-08-01,Tunja,11.3406,7.7001,63.0138,55.8677
2024-09-01,Tunja,11.5256,7.3571,62.6985,55.4721
2024-10-01,Tunja,11.5131,7.1612,62.7560,55.5308
2024-11-01,Tunja,11.5462,6.8516,62.7195,55.4778
2024-12-01,Tunja,11.3275,6.4082,62.6722,55.5730
2025-01-01,Tunja,11.3598,6.3371,62.4639,55.3681
2025-02-01,Tunja,11.0624,6.2657,62.1783,55.2999
2025-03-01,Tunja,11.0561,6.1195,62.0857,55.2214
2025-04-01,Tunja,10.9844,6.0745,62.0990,55.2778
2025-05-01,Tunja,11.1237,5.8273,62.1257,55.2150
2025-06-01,Tunja,10.9866,5.6747,61.8681,55.0710
2025-07-01,Tunja,10.9810,5.2928,61.7424,54.9625
2025-08-01,Tunja,10.7114,5.3203,61.6441,55.0411
2025-09-01,Tunja,10.4335,5.0536,61.8542,55.4007
2025-10-01,Tunja,10.3478,5.0072,61.7535,55.3633
2025-11-01,Tunja,10.3275,4.7068,61.5219,55.1682
2025-12-01,Tunja,10.4162,4.6653,61.4992,55.0933
2026-01-01,Tunja,10.5187,4.4041,61.2844,54.8380
2026-02-01,Tunja,10.5336,4.2339,61.2780,54.8232
2026-03-01,Tunja,10.4057,4.1303,61.1901,54.8228
2026-04-01,Tunja,10.5886,4.0129,61.1585,54.6827
2026-05-01,Tunja,10.5862,3.9455,61.0373,54.5757
2026-06-01,Tunja,10.6937,3.9004,60.9705,54.4505
2026-07-01,Tunja,10.9585,3.9615,60.9878,54.3044
2026-08-01,Tunja,11.2074,3.7021,60.8839,54.0604
2021-12-01,Valledupar,16.1469,8.3843,59.1746,49.6197
2022-01-01,Valledupar,15.9616,8.8646,59.5623,50.0552
2022-02-01,Valledupar,16.0297,9.4389,59.8757,50.2777
2022-03-01,Valledupar,16.0344,9.5149,60.1991,50.5465
2022-04-01,Valledupar,15.8901,9.7013,60.4226,50.8213
2022-05-01,Valledupar,15.6667,9.7637,60.3065,50.8584
2022-06-01,Valledupar,15.5937,9.6082,60.8005,51.3194
2022-07-01,Valledupar,15.7823,10.0183,61.1109,51.4662
2022-08-01,Valledupar,16.3598,10.3880,61.5417,51.4736
2022-09-01,Valledupar,16.6665,10.6835,61.7165,51.4305
2022-10-01,Valledupar,16.2602,10.9186,61.7754,51.7306
2022-11-01,Valledupar,16.0604,10.8059,61.7256,51.8122
2022-12-01,Valledupar,16.1448,10.5710,61.7102,51.7472
2023-01-01,Valledupar,16.0954,10.4520,61.5569,51.6491
2023-02-01,Valledupar,16.0999,10.1716,61.1150,51.2755
2023-03-01,Valledupar,15.8690,9.8286,60.8632,51.2047
2023-04-01,Valledupar,15.9390,9.5490,60.3491,50.7300
2023-05-01,Valledupar,15.6700,9.2740,59.9678,50.5708
2023-06-01,Valledupar,15.5248,8.9735,59.6894,50.4227
2023-07-01,Valledupar,14.9864,8.7363,59.5490,50.6248
2023-08-01,Valledupar,14.4734,8.7722,59.2844,50.7040
2023-09-01,Valledupar,13.8161,8.6852,58.8483,50.7178
2023-10-01,Valledupar,13.6532,8.4561,58.7553,50.7333
2023-11-01,Valledupar,13.4901,8.4692,58.7235,50.8017
2023-12-01,Valledupar,12.9320,8.6688,58.4806,50.9179
2024-01-01,Valledupar,12.8214,8.5629,58.1767,50.7176
2024-02-01,Valledupar,12.6914,8.6103,58.3078,50.9077
2024-03-01,Valledupar,12.4307,8.5766,58.2904,51.0445
2024-04-01,Valledupar,12.3019,8.3194,58.3715,51.1907
2024-05-01,Valledupar,12.1240,8.4239,58.4202,51.3374
2024-06-01,Valledupar,11.8901,8.5011,58.1225,51.2117
2024-07-01,Valledupar,11.9969,8.7147,57.8001,50.8659
2024-08-01,Valledupar,11.9104,8.7858,57.7616,50.8820
2024-09-01,Valledupar,12.0043,8.5857,57.4849,50.5843
2024-10-01,Valledupar,12.4200,8.5198,57.3032,50.1861
2024-11-01,Valledupar,12.4263,8.2730,57.3065,50.1854
2024-12-01,Valledupar,12.3516,8.0389,57.2771,50.2024
2025-01-01,Valledupar,12.2593,7.9659,57.4960,50.4474
2025-02-01,Valledupar,12.0512,7.9981,57.3847,50.4691
2025-03-01,Valledupar,11.8493,8.1092,57.2552,50.4709
2025-04-01,Valledupar,11.3275,8.4179,57.1317,50.6601
2025-05-01,Valledupar,11.0134,8.2765,57.1622,50.8667
2025-06-01,Valledupar,10.8668,8.1756,57.6364,51.3731
2025-07-01,Valledupar,10.7367,7.8361,57.9596,51.7367
2025-08-01,Valledupar,10.5244,7.4021,58.1355,52.0171
2025-09-01,Valledupar,10.4710,7.2340,58.3935,52.2791
2025-10-01,Valledupar,10.0889,7.0360,58.4422,52.5460
2025-11-01,Valledupar,9.8220,6.9977,58.5737,52.8206
2025-12-01,Valledupar,9.6824,6.7728,58.5372,52.8694
2026-01-01,Valledupar,9.5173,6.5539,58.2763,52.7300
2026-02-01,Valledupar,9.1801,6.4226,58.2866,52.9358
2026-03-01,Valledupar,9.3259,6.0228,58.4817,53.0278
2026-04-01,Valledupar,9.4819,5.5518,58.8185,53.2414
2026-05-01,Valledupar,9.6106,5.1964,58.9811,53.3126
2026-06-01,Valledupar,9.7150,4.9786,58.7960,53.0839
2026-07-01,Valledupar,9.6672,5.0321,58.7763,53.0942
2026-08-01,Valledupar,9.7750,4.9706,58.5172,52.7971
2021-12-01,Villavicencio,13.1629,6.2958,64.2282,55.7739
2022-01-01,Villavicencio,12.4441,6.0652,64.2867,56.2868
2022-02-01,Villavicencio,11.9976,5.5641,64.4667,56.7322
2022-03-01,Villavicencio,11.6932,5.6097,65.0356,57.4308
2022-04-01,Villavicencio,11.2505,5.6938,65.1630,57.8317
2022-05-01,Villavicencio,10.8170,5.5907,65.4546,58.3743
2022-06-01,Villavicencio,10.7846,5.4477,65.7219,58.6340
2022-07-01,Villavicencio,10.6604,5.5609,65.9493,58.9188
2022-08-01,Villavicencio,10.4734,5.8125,65.6511,58.7751
2022-09-01,Villavicencio,10.4119,5.9542,65.8867,59.0266
2022-10-01,Villavicencio,10.4741,6.0480,66.1750,59.2438
2022-11-01,Villavicencio,10.4315,6.2191,66.2887,59.3738
2022-12-01,Villavicencio,10.5740,6.4839,66.1662,59.1697
2023-01-01,Villavicencio,10.6729,6.5329,66.4037,59.3165
2023-02-01,Villavicencio,10.8072,6.7033,66.3639,59.1918
2023-03-01,Villavicencio,10.7851,6.7637,66.2516,59.1062
2023-04-01,Villavicencio,10.8929,6.8118,66.6510,59.3908
2023-05-01,Villavicencio,10.7676,6.8851,66.5122,59.3504
2023-06-01,Villavicencio,10.6001,7.1318,66.5336,59.4809
2023-07-01,Villavicencio,10.7483,7.3801,66.7174,59.5464
2023-08-01,Villavicencio,10.6607,7.3956,66.6525,59.5468
2023-09-01,Villavicencio,10.9423,7.5895,66.5463,59.2646
2023-10-01,Villavicencio,10.9363,7.6117,66.4715,59.2020
2023-11-01,Villavicencio,11.0486,7.7054,66.5606,59.2066
2023-12-01,Villavicencio,10.9348,7.6093,66.8776,59.5647
2024-01-01,Villavicencio,10.8649,7.8784,66.7996,59.5419
2024-02-01,Villavicencio,10.7122,8.0707,66.7349,59.5862
2024-03-01,Villavicencio,10.6732,8.0476,66.7511,59.6266
2024-04-01,Villavicencio,10.4384,8.1108,66.5581,59.6105
2024-05-01,Villavicencio,10.4852,8.2372,66.7436,59.7454
2024-06-01,Villavicencio,10.4696,8.1654,66.9379,59.9297
2024-07-01,Villavicencio,10.4265,8.0025,66.7005,59.7460
2024-08-01,Villavicencio,10.4065,7.8684,67.0489,60.0715
2024-09-01,Villavicencio,10.1768,7.7853,67.0322,60.2105
2024-10-01,Villavicencio,10.0793,7.9066,66.8868,60.1451
2024-11-01,Villavicencio,9.7869,8.0055,66.7679,60.2334
2024-12-01,Villavicencio,9.5217,7.9653,66.6609,60.3136
2025-01-01,Villavicencio,9.3331,7.7499,66.3945,60.1978
2025-02-01,Villavicencio,9.2392,7.5686,66.2639,60.1416
2025-03-01,Villavicencio,9.0794,7.7258,66.2122,60.2005
2025-04-01,Villavicencio,8.8871,7.5582,66.1905,60.3081
2025-05-01,Villavicencio,8.7546,7.3677,66.3812,60.5698
2025-06-01,Villavicencio,8.6657,7.3047,66.3348,60.5864
2025-07-01,Villavicencio,8.2745,7.3457,66.3403,60.8510
2025-08-01,Villavicencio,8.0383,7.3526,66.0808,60.7691
2025-09-01,Villavicencio,7.7524,7.3084,66.0564,60.9355
2025-10-01,Villavicencio,7.6170,7.2799,66.3250,61.2730
2025-11-01,Villavicencio,7.6358,7.3537,66.5885,61.5040
2025-12-01,Villavicencio,7.6558,7.4349,66.5645,61.4684
2026-01-01,Villavicencio,7.5554,7.6554,66.9404,61.8828
2026-02-01,Villavicencio,7.4479,7.9939,67.1597,62.1577
2026-03-01,Villavicencio,7.4310,7.8817,67.1526,62.1625
2026-04-01,Villavicencio,7.4250,8.1104,67.1307,62.1462
2026-05-01,Villavicencio,7.3975,8.3637,67.1990,62.2279
2026-06-01,Villavicencio,7.3833,8.3543,67.1136,62.1584
2026-07-01,Villavicencio,7.5149,8.3621,67.3950,62.3303
2026-08-01,Villavicencio,7.5780,8.5151,67.5394,62.4212
2021-12-01,Yopal,17.4318,10.1968,74.8678,61.8171
2022-01-01,Yopal,17.1379,10.1708,74.7896,61.9723
2022-02-01,Yopal,16.3985,9.5663,74.8524,62.5777
2022-03-01,Yopal,15.9441,9.6266,74.7591,62.8395
2022-04-01,Yopal,16.0101,9.5889,74.4260,62.5102
2022-05-01,Yopal,15.6251,9.3123,74.5825,62.9289
2022-06-01,Yopal,14.6368,9.5244,74.7381,63.7987
2022-07-01,Yopal,14.4426,10.0423,75.3369,64.4563
2022-08-01,Yopal,13.7323,10.5939,75.3272,64.9830
2022-09-01,Yopal,13.2450,10.7636,75.1011,65.1540
2022-10-01,Yopal,12.5750,10.5442,74.9172,65.4964
2022-11-01,Yopal,12.1892,10.9974,74.9633,65.8259
2022-12-01,Yopal,11.8733,11.1785,75.2801,66.3419
2023-01-01,Yopal,11.6413,11.1103,75.3607,66.5878
2023-02-01,Yopal,11.7089,10.8661,75.4608,66.6252
2023-03-01,Yopal,11.6055,10.4692,75.5208,66.7562
2023-04-01,Yopal,10.9930,10.1037,75.9194,67.5736
2023-05-01,Yopal,10.8367,9.8838,75.5514,67.3642
2023-06-01,Yopal,10.6228,9.3200,75.6547,67.6181
2023-07-01,Yopal,10.5833,8.4833,75.8476,67.8204
2023-08-01,Yopal,10.3835,8.0434,75.9226,68.0392
2023-09-01,Yopal,9.9690,8.3447,76.5605,68.9282
2023-10-01,Yopal,9.7838,8.2332,76.6203,69.1239
2023-11-01,Yopal,9.7469,8.1625,76.5288,69.0696
2023-12-01,Yopal,9.8071,8.1455,75.9125,68.4677
2024-01-01,Yopal,9.8366,8.0614,75.6516,68.2101
2024-02-01,Yopal,10.0921,7.9742,75.5492,67.9247
2024-03-01,Yopal,10.4121,8.1840,75.4615,67.6044
2024-04-01,Yopal,10.3722,7.9602,75.5448,67.7091
2024-05-01,Yopal,10.1297,7.8187,75.8770,68.1909
2024-06-01,Yopal,10.2634,7.7747,75.8647,68.0784
2024-07-01,Yopal,10.1561,8.2004,75.4256,67.7653
2024-08-01,Yopal,9.9964,7.8651,75.2331,67.7125
2024-09-01,Yopal,10.0153,7.5297,75.1160,67.5929
2024-10-01,Yopal,10.2397,7.2588,75.2768,67.5687
2024-11-01,Yopal,10.0429,6.8934,74.9770,67.4472
2024-12-01,Yopal,9.7718,6.4029,75.4298,68.0590
2025-01-01,Yopal,9.5735,6.4211,75.3383,68.1257
2025-02-01,Yopal,9.3238,6.4826,75.3589,68.3326
2025-03-01,Yopal,8.7040,6.1025,75.0763,68.5417
2025-04-01,Yopal,9.0955,6.0494,74.5437,67.7636
2025-05-01,Yopal,9.3198,5.8690,74.2777,67.3552
2025-06-01,Yopal,9.2939,5.6796,74.3221,67.4147
2025-07-01,Yopal,9.4302,5.2758,74.1565,67.1634
2025-08-01,Yopal,9.4022,5.1585,73.9803,67.0246
2025-09-01,Yopal,9.2258,4.7261,73.8578,67.0438
2025-10-01,Yopal,9.1496,4.8983,73.4293,66.7109
2025-11-01,Yopal,9.0169,4.7509,73.6916,67.0469
2025-12-01,Yopal,9.0388,4.9935,73.3605,66.7296
2026-01-01,Yopal,9.2547,4.6160,73.2780,66.4963
2026-02-01,Yopal,9.0283,4.6432,73.4229,66.7941
2026-03-01,Yopal,9.0070,4.4915,73.6536,67.0197
2026-04-01,Yopal,8.5269,4.2550,73.6708,67.3890
2026-05-01,Yopal,8.5153,4.1028,74.0639,67.7572
2026-06-01,Yopal,8.4277,4.0250,73.5690,67.3688
2026-07-01,Yopal,8.0867,4.3186,73.6824,67.7239
2026-08-01,Yopal,8.2979,4.4704,74.0140,67.8724
