fecha,td,ts,tcsd,tcdftp,mcsft
2001-01-01,16.6223,11.8257,28.4481,,
2001-02-01,17.4342,11.6773,29.1115,,
2001-03-01,15.8119,11.9729,27.7848,,
2001-04-01,14.5151,10.4665,24.9816,,
2001-05-01,14.0358,10.6337,24.6695,,
2001-06-01,15.3123,9.9627,25.2750,,
2001-07-01,15.1838,14.2641,29.4479,,
2001-08-01,14.9135,13.2077,28.1212,,
2001-09-01,14.0741,14.2011,28.2752,,
2001-10-01,14.5249,13.1341,27.6590,,
2001-11-01,13.6822,12.4317,26.1139,,
2001-12-01,13.6084,9.7749,23.3834,,
2002-01-01,17.9099,12.5205,30.4304,,
2002-02-01,16.1888,14.5950,30.7838,,
2002-03-01,15.1114,13.6135,28.7249,,
2002-04-01,16.0770,13.5624,29.6394,,
2002-05-01,15.0221,13.1198,28.1419,,
2002-06-01,15.9110,13.0720,28.9830,,
2002-07-01,15.4261,12.8313,28.2574,,
2002-08-01,15.9528,13.6799,29.6327,,
2002-09-01,14.4655,13.8235,28.2890,,
2002-10-01,14.9726,12.5045,27.4771,,
2002-11-01,15.1893,10.6668,25.8561,,
2002-12-01,15.4225,9.2778,24.7003,,
2003-01-01,16.2715,10.4496,26.7211,,
2003-02-01,15.8384,11.1986,27.0370,,
2003-03-01,13.1057,10.8019,23.9076,,
2003-04-01,15.0059,12.4009,27.4069,,
2003-05-01,12.8161,12.1912,25.0073,,
2003-06-01,14.1051,13.2452,27.3503,,
2003-07-01,14.5143,13.0968,27.6111,,
2003-08-01,14.3781,13.9624,28.3404,,
2003-09-01,14.2348,14.6885,28.9233,,
2003-10-01,13.5222,10.8061,24.3283,,
2003-11-01,12.6352,12.6530,25.2882,,
2003-12-01,12.5583,9.3618,21.9201,,
2004-01-01,17.2564,11.4201,28.6766,,
2004-02-01,15.7534,12.5034,28.2568,,
2004-03-01,13.5227,11.4403,24.9630,,
2004-04-01,14.6810,12.8318,27.5128,,
2004-05-01,13.8330,13.5267,27.3597,,
2004-06-01,14.0736,11.6363,25.7099,,
2004-07-01,12.9087,13.9824,26.8912,,
2004-08-01,13.0569,13.4481,26.5050,,
2004-09-01,12.2851,14.4938,26.7789,,
2004-10-01,12.2856,10.9213,23.2069,,
2004-11-01,11.8368,9.9131,21.7499,,
2004-12-01,11.9539,9.5670,21.5209,,
2005-01-01,13.2626,11.3873,24.6499,,
2005-02-01,14.0969,12.6454,26.7423,,
2005-03-01,12.9543,12.5178,25.4722,,
2005-04-01,12.0205,12.5594,24.5799,,
2005-05-01,12.4907,13.3448,25.8355,,
2005-06-01,11.5427,13.5918,25.1345,,
2005-07-01,12.0484,15.0939,27.1422,,
2005-08-01,11.7188,13.5669,25.2857,,
2005-09-01,11.3333,13.6156,24.9489,,
2005-10-01,9.8985,9.8304,19.7289,,
2005-11-01,10.2813,9.8197,20.1010,,
2005-12-01,10.2722,9.4807,19.7530,,
2006-01-01,13.3696,11.3789,24.7485,,
2006-02-01,13.0792,12.8298,25.9090,,
2006-03-01,11.3671,14.0396,25.4068,,
2006-04-01,12.0643,12.3102,24.3744,,
2006-05-01,11.8688,13.6491,25.5179,,
2006-06-01,10.4773,14.4323,24.9096,,
2006-07-01,12.2993,10.3121,22.6114,,
2006-08-01,13.0439,11.9956,25.0395,,
2006-09-01,12.9150,9.5465,22.4615,,
2006-10-01,11.3550,9.7946,21.1499,,
2006-11-01,10.9963,9.5129,24.9374,,
2006-12-01,11.8403,8.3018,21.8423,,
2007-01-01,14.2792,8.2481,22.5273,,
2007-02-01,12.8562,9.3445,22.2007,,
2007-03-01,12.0333,8.8341,20.8674,,
2007-04-01,10.8079,9.3720,20.1799,,
2007-05-01,11.7017,9.4866,21.1883,,
2007-06-01,11.1987,9.1041,20.3028,,
2007-07-01,11.3541,9.4808,20.8349,,
2007-08-01,10.8618,9.4932,20.3549,,
2007-09-01,10.8709,9.2090,20.0799,,
2007-10-01,10.2119,9.2930,19.5050,,
2007-11-01,9.4884,10.4845,19.9729,,
2007-12-01,9.9234,9.4807,19.4041,,
2008-01-01,13.2975,10.1402,23.4377,,
2008-02-01,12.1946,10.9939,23.1885,,
2008-03-01,11.3381,10.1039,21.4420,,
2008-04-01,11.0790,9.1609,20.2399,,
2008-05-01,10.8121,9.7496,20.5616,,
2008-06-01,11.4137,8.9669,20.3806,,
2008-07-01,12.2102,9.4217,21.6318,,
2008-08-01,11.4262,9.6310,21.0571,,
2008-09-01,11.0468,9.2908,20.3375,,
2008-10-01,10.1815,9.4017,19.5833,,
2008-11-01,10.9115,9.1235,20.0350,,
2008-12-01,10.7731,8.7644,19.5374,,
2009-01-01,14.4724,9.3401,23.8125,,
2009-02-01,12.7709,10.3248,23.0957,,
2009-03-01,12.1859,10.4278,22.6137,,
2009-04-01,12.1186,11.3587,23.4774,,
2009-05-01,11.7578,11.6196,23.3775,,
2009-06-01,11.5970,11.9529,23.5499,,
2009-07-01,12.8426,10.7791,23.6218,,
2009-08-01,11.9361,11.1250,23.0611,,
2009-09-01,12.4403,11.1505,23.5908,,
2009-10-01,11.7565,11.2673,23.0238,,
2009-11-01,11.3871,10.7060,22.0931,,
2009-12-01,11.3122,10.5832,21.8954,,
2010-01-01,14.8787,11.9268,26.8055,,
2010-02-01,12.6947,12.4815,25.1762,,
2010-03-01,11.9590,12.3852,24.3442,,
2010-04-01,12.4399,12.2121,24.6520,,
2010-05-01,12.2634,12.4501,24.7136,,
2010-06-01,11.9801,12.0964,24.0765,,
2010-07-01,12.8583,12.9565,25.8148,,
2010-08-01,11.3779,13.3568,24.7347,,
2010-09-01,10.8675,12.7871,23.6546,,
2010-10-01,10.4525,13.6930,24.1455,,
2010-11-01,10.9341,12.5523,23.4864,,
2010-12-01,11.2264,11.7670,22.9935,,
2011-01-01,13.8965,11.9039,25.8004,,
2011-02-01,13.1393,12.3175,25.4568,,
2011-03-01,10.9483,11.9577,22.9059,,
2011-04-01,11.2743,12.2726,23.5469,,
2011-05-01,11.5536,11.7111,23.2647,,
2011-06-01,11.0360,11.2908,22.3268,,
2011-07-01,11.7040,12.5166,24.2206,,
2011-08-01,10.4157,11.3167,21.7324,,
2011-09-01,9.9279,11.2521,21.1800,,
2011-10-01,9.3596,12.4903,21.8498,,
2011-11-01,9.4935,12.0414,21.5348,,
2011-12-01,10.0677,11.5702,21.6378,,
2012-01-01,12.7911,11.4066,24.1976,,
2012-02-01,12.0750,12.8362,24.9112,,
2012-03-01,10.5024,11.7238,22.2262,,
2012-04-01,11.0870,12.9045,23.9915,,
2012-05-01,10.9950,12.8737,23.8686,,
2012-06-01,10.2437,12.3849,22.6286,,
2012-07-01,11.1558,13.1668,24.3226,,
2012-08-01,9.9893,12.1909,22.1802,,
2012-09-01,10.1444,11.8361,21.9805,,
2012-10-01,9.1692,11.8779,21.0470,,
2012-11-01,9.4619,11.4133,20.8752,,
2012-12-01,9.9404,10.5516,20.4921,,
2013-01-01,12.3415,11.3590,23.7005,,
2013-02-01,12.0105,12.3518,24.3624,,
2013-03-01,10.3838,11.2517,21.6354,,
2013-04-01,10.4518,11.9710,22.4227,,
2013-05-01,9.8204,11.9467,21.7671,,
2013-06-01,9.5105,11.3544,20.8649,,
2013-07-01,10.1626,11.7442,21.9069,,
2013-08-01,9.6613,11.4872,21.1486,,
2013-09-01,9.1692,10.7684,19.9376,,
2013-10-01,8.1300,10.9094,19.0394,,
2013-11-01,8.6268,10.6954,19.3222,,
2013-12-01,8.6473,10.4387,19.0860,,
2014-01-01,11.5324,10.4377,21.9701,,
2014-02-01,11.0878,11.0655,22.1533,,
2014-03-01,9.8445,9.9820,19.8264,,
2014-04-01,9.3084,10.1461,19.4544,,
2014-05-01,9.0674,10.6554,19.7229,,
2014-06-01,9.4019,11.7342,21.1361,,
2014-07-01,9.6865,10.4589,20.1454,,
2014-08-01,9.1600,10.1049,19.2649,,
2014-09-01,8.6057,11.2800,19.8857,,
2014-10-01,8.0953,11.9424,20.0376,,
2014-11-01,8.0622,10.1369,18.1991,,
2014-12-01,9.0375,9.5569,18.5945,,
2015-01-01,11.1517,10.5328,21.6845,,
2015-02-01,10.2276,9.9814,20.2091,,
2015-03-01,9.1228,10.0802,19.2029,,
2015-04-01,9.7373,11.1163,20.8535,,
2015-05-01,9.2216,11.4946,20.7161,,
2015-06-01,8.4987,11.1930,19.6917,,
2015-07-01,9.2237,10.8160,20.0397,,
2015-08-01,9.3036,10.9974,20.3010,,
2015-09-01,9.0682,10.2984,19.3666,,
2015-10-01,8.4385,10.5138,18.9523,,
2015-11-01,7.5631,9.8335,17.3966,,
2015-12-01,8.8227,10.1229,18.9457,,
2016-01-01,12.1784,11.1946,23.3730,,
2016-02-01,10.3678,11.3524,21.7202,,
2016-03-01,10.4646,10.0232,20.4878,,
2016-04-01,9.3195,10.2799,19.5994,,
2016-05-01,9.2374,10.6514,19.8888,,
2016-06-01,9.1900,10.1106,19.3007,,
2016-07-01,10.2006,10.2315,20.4320,,
2016-08-01,9.2326,9.9476,19.1802,,
2016-09-01,8.8534,9.8920,18.7454,,
2016-10-01,8.6280,9.9770,18.6050,,
2016-11-01,7.7732,9.5814,17.3546,,
2016-12-01,9.0971,8.8645,17.9616,,
2017-01-01,11.9569,9.6291,21.5860,,
2017-02-01,10.8730,10.3993,21.2722,,
2017-03-01,9.9046,9.0775,18.9821,,
2017-04-01,9.1359,9.7714,18.9074,,
2017-05-01,9.8380,9.7003,19.5382,,
2017-06-01,8.9773,10.5806,19.5579,,
2017-07-01,9.9404,9.9862,19.9267,,
2017-08-01,9.5168,9.6837,19.2004,,
2017-09-01,9.5469,9.1478,18.6947,,
2017-10-01,8.7399,9.0808,17.8207,,
2017-11-01,8.7648,9.0054,17.7702,,
2017-12-01,8.9122,8.6422,17.5544,,
2018-01-01,12.1374,8.7050,20.8424,,
2018-02-01,11.1882,9.4020,20.5902,,
2018-03-01,9.7716,9.4531,19.2247,,
2018-04-01,9.7292,9.8171,19.5464,,
2018-05-01,9.9795,9.3194,19.2989,,
2018-06-01,9.3085,9.3552,18.6637,,
2018-07-01,10.0423,9.9021,19.9444,,
2018-08-01,9.4292,9.5657,18.9949,,
2018-09-01,9.6707,10.4040,20.0746,,
2018-10-01,9.3615,10.0265,19.3879,,
2018-11-01,8.9905,9.7546,18.7451,,
2018-12-01,9.9891,9.8345,19.8236,,
2019-01-01,13.0752,10.8413,23.9165,,
2019-02-01,12.0926,10.4190,22.5117,,
2019-03-01,11.1814,10.2540,21.4354,,
2019-04-01,10.6566,10.8333,21.4899,,
2019-05-01,10.9519,10.9274,21.8793,,
2019-06-01,9.7229,10.5968,20.3197,,
2019-07-01,11.2807,9.9027,21.1834,,
2019-08-01,11.1973,10.3752,21.5725,,
2019-09-01,10.8003,10.3345,21.1349,,
2019-10-01,10.1236,10.6584,20.7821,,
2019-11-01,9.6186,10.5935,20.2121,,
2019-12-01,9.9497,10.3387,20.2884,,
2020-01-01,13.4585,10.7901,24.2486,,
2020-02-01,12.8131,10.5912,23.4043,,
2020-03-01,13.1828,,,,
2020-04-01,20.4853,,,,
2020-05-01,21.9720,,,,
2020-06-01,20.3591,,,,
2020-07-01,20.9147,,,,
2020-08-01,17.4427,9.3345,26.7773,,
2020-09-01,16.2928,9.4920,25.7848,,
2020-10-01,15.2814,10.1984,25.4798,,
2020-11-01,13.9128,9.9226,23.8354,,
2020-12-01,13.9142,9.8460,23.7601,,
2021-01-01,17.5633,7.9538,25.5170,24.4098,31.7030
2021-02-01,15.5852,7.4373,23.0225,20.6251,27.6184
2021-03-01,14.7255,7.0239,21.7494,20.1511,26.7281
2021-04-01,15.4880,7.6849,23.1729,20.3001,27.5474
2021-05-01,15.2042,7.9224,23.1266,20.1354,27.5971
2021-06-01,14.6466,7.9102,22.5568,18.9789,26.4875
2021-07-01,13.0585,7.6345,20.6930,17.3660,24.6223
2021-08-01,12.8614,7.8172,20.6786,16.8050,24.2684
2021-09-01,11.9613,7.2117,19.1730,15.9013,22.7902
2021-10-01,11.9952,7.7714,19.7667,17.2930,24.5966
2021-11-01,11.5331,7.4448,18.9779,16.6364,23.6517
2021-12-01,11.0965,7.6045,18.7010,16.0820,23.2600
2022-01-01,14.6473,7.3117,21.9590,20.1261,26.9685
2022-02-01,12.9052,8.8440,21.7492,18.5510,26.8216
2022-03-01,12.1212,8.4169,20.5381,18.2293,26.0612
2022-04-01,11.1685,8.3963,19.5648,16.7931,24.6578
2022-05-01,10.6483,7.9764,18.6246,16.0829,23.5741
2022-06-01,11.2612,8.4316,19.6928,16.8058,24.7106
2022-07-01,10.9889,8.2371,19.2260,16.2482,23.9986
2022-08-01,10.6313,8.7393,19.3706,16.2465,24.4367
2022-09-01,10.7484,8.7375,19.4859,16.1313,24.3418
2022-10-01,9.7210,8.0412,17.7622,15.4313,22.9639
2022-11-01,9.5008,8.0463,17.5471,15.4098,22.9308
2022-12-01,10.2727,7.6980,17.9706,16.0564,23.2581
2023-01-01,13.7044,7.7374,21.4417,19.9935,27.1669
2023-02-01,11.3531,8.4047,19.7579,16.7184,24.6145
2023-03-01,10.0325,8.4987,18.5313,15.1980,23.2088
2023-04-01,10.7247,8.0589,18.7836,16.2653,23.8241
2023-05-01,10.4751,7.9433,18.4184,16.0692,23.5161
2023-06-01,9.3423,8.3964,17.7387,15.5391,23.3615
2023-07-01,9.5729,8.0741,17.6470,15.0138,22.6021
2023-08-01,9.2774,8.6018,17.8792,14.8951,22.9642
2023-09-01,9.2527,8.4331,17.6857,14.6016,22.5376
2023-10-01,9.2309,8.0563,17.2872,14.8994,22.4526
2023-11-01,9.0074,8.0932,17.1006,15.1925,22.7356
2023-12-01,10.0137,7.1494,17.1632,16.1250,22.7889
2024-01-01,12.6616,7.4160,20.0776,18.7832,25.6794
2024-02-01,11.6661,8.1694,19.8355,17.1013,24.7681
2024-03-01,11.2857,8.1316,19.4173,16.1593,23.8442
2024-04-01,10.6467,8.3647,19.0114,15.9587,23.8260
2024-05-01,10.3059,8.2556,18.5615,15.3898,23.1775
2024-06-01,10.2686,7.9825,18.2511,15.6334,23.1387
2024-07-01,9.9181,7.7188,17.6369,14.8324,22.1301
2024-08-01,9.6627,7.3834,17.0461,14.4041,21.4000
2024-09-01,9.1345,7.8900,17.0244,14.3230,21.7624
2024-10-01,9.1338,8.1429,17.2767,14.2790,21.9608
2024-11-01,8.1688,7.4838,15.6525,12.8416,19.9446
2024-12-01,9.1253,6.9725,16.0978,14.1473,20.7345
2025-01-01,11.6360,7.6888,19.3249,17.4910,24.6704
2025-02-01,10.3305,7.2077,17.5382,15.3308,22.1366
2025-03-01,9.6164,7.3031,16.9194,14.3187,21.2418
2025-04-01,8.7825,7.2683,16.0508,13.3695,20.2723
2025-05-01,9.0364,7.4671,16.5035,13.8304,20.9040
2025-06-01,8.5540,7.6706,16.2246,13.4346,20.6958
2025-07-01,8.8418,7.6716,16.5134,13.5413,20.8174
2025-08-01,8.5985,7.5534,16.1519,13.1259,20.3052
2025-09-01,8.1735,6.6763,14.8497,12.7634,19.1059
2025-10-01,8.2037,6.9914,15.1951,14.1883,20.7240
2025-11-01,7.0249,7.4342,14.4591,12.5912,19.5803
2025-12-01,7.9771,6.3477,14.3248,13.3059,19.2860
2026-01-01,10.8595,7.0768,17.9362,16.2195,22.8708
2026-02-01,9.2350,7.0808,16.3158,13.8397,20.5613
2026-03-01,8.7934,6.1836,14.9770,13.2525,19.1337
2026-04-01,8.7815,7.1624,15.9439,13.7068,20.4825
2026-05-01,8.0207,7.2719,15.2926,12.4343,19.3573
2026-06-01,8.0269,7.0648,15.0918,12.9120,19.6016
2026-07-01,8.1046,6.7078,14.8124,12.9289,19.2845
2026-08-01,9.3637,6.8693,16.2329,14.6946,21.1598
