fecha,tgp_sa,to_sa,td_sa,ocupados_miles_sa,desocupados_miles_sa,fuera_ft_miles_sa,td_sa_3m,fuente
2001-01-01,68.909575,59.222148,14.058174,15492.931198,2534.299357,8133.474173,,https://www.dane.gov.co/files/operaciones/GEIH/anex-GEIH-Desestacionalizado-ago2026.xlsx
2001-02-01,68.859160,57.871005,15.957435,15191.470251,2884.453748,8174.648837,,https://www.dane.gov.co/files/operaciones/GEIH/anex-GEIH-Desestacionalizado-ago2026.xlsx
2001-03-01,68.624545,57.247589,16.578552,15064.433096,2993.792211,8256.303074,15.531387,https://www.dane.gov.co/files/operaciones/GEIH/anex-GEIH-Desestacionalizado-ago2026.xlsx
2001-04-01,65.392728,56.357877,13.816293,14886.035570,2386.411981,9140.959654,15.450760,https://www.dane.gov.co/files/operaciones/GEIH/anex-GEIH-Desestacionalizado-ago2026.xlsx
2001-05-01,65.882798,56.185346,14.719248,14921.823701,2575.469983,9060.919105,15.038031,https://www.dane.gov.co/files/operaciones/GEIH/anex-GEIH-Desestacionalizado-ago2026.xlsx
2001-06-01,67.387784,57.251038,15.042408,15126.686712,2678.298466,8616.695774,14.525983,https://www.dane.gov.co/files/operaciones/GEIH/anex-GEIH-Desestacionalizado-ago2026.xlsx
2001-07-01,67.059435,56.894288,15.158415,15063.177434,2691.296900,8721.254676,14.973357,https://www.dane.gov.co/files/operaciones/GEIH/anex-GEIH-Desestacionalizado-ago2026.xlsx
2001-08-01,67.697278,57.652475,14.837824,15285.067577,2663.120665,8564.234154,15.012882,https://www.dane.gov.co/files/operaciones/GEIH/anex-GEIH-Desestacionalizado-ago2026.xlsx
2001-09-01,68.307411,58.212602,14.778497,15451.893080,2679.555512,8412.448183,14.924912,https://www.dane.gov.co/files/operaciones/GEIH/anex-GEIH-Desestacionalizado-ago2026.xlsx
2001-10-01,67.542507,57.289977,15.179376,15241.497970,2727.596312,8635.032469,14.931899,https://www.dane.gov.co/files/operaciones/GEIH/anex-GEIH-Desestacionalizado-ago2026.xlsx
2001-11-01,68.610522,58.451174,14.807275,15564.960197,2705.332435,8358.702426,14.921716,https://www.dane.gov.co/files/operaciones/GEIH/anex-GEIH-Desestacionalizado-ago2026.xlsx
2001-12-01,68.614302,58.508705,14.728121,15558.414215,2687.242428,8345.966474,14.904924,https://www.dane.gov.co/files/operaciones/GEIH/anex-GEIH-Desestacionalizado-ago2026.xlsx
2002-01-01,68.178396,57.830913,15.177070,15374.353244,2750.879286,8459.776087,14.904155,https://www.dane.gov.co/files/operaciones/GEIH/anex-GEIH-Desestacionalizado-ago2026.xlsx
2002-02-01,68.152917,58.086099,14.770927,15530.826311,2691.625065,8515.144118,14.892040,https://www.dane.gov.co/files/operaciones/GEIH/anex-GEIH-Desestacionalizado-ago2026.xlsx
2002-03-01,67.374740,56.721345,15.812149,15191.688102,2853.300526,8738.029384,15.253382,https://www.dane.gov.co/files/operaciones/GEIH/anex-GEIH-Desestacionalizado-ago2026.xlsx
2002-04-01,69.030415,58.415732,15.376820,15695.256990,2851.974367,8320.970711,15.319966,https://www.dane.gov.co/files/operaciones/GEIH/anex-GEIH-Desestacionalizado-ago2026.xlsx
2002-05-01,67.125350,56.631636,15.633012,15307.056565,2836.362860,8885.742330,15.607327,https://www.dane.gov.co/files/operaciones/GEIH/anex-GEIH-Desestacionalizado-ago2026.xlsx
2002-06-01,67.625527,57.028731,15.669817,15339.213348,2850.256600,8707.873173,15.559883,https://www.dane.gov.co/files/operaciones/GEIH/anex-GEIH-Desestacionalizado-ago2026.xlsx
2002-07-01,67.650817,57.236863,15.393686,15419.528214,2805.504232,8714.823018,15.565505,https://www.dane.gov.co/files/operaciones/GEIH/anex-GEIH-Desestacionalizado-ago2026.xlsx
2002-08-01,66.818986,56.221437,15.860086,15163.546128,2858.276671,8949.287996,15.641196,https://www.dane.gov.co/files/operaciones/GEIH/anex-GEIH-Desestacionalizado-ago2026.xlsx
2002-09-01,66.679850,56.585488,15.138549,15286.371129,2726.956367,9001.321753,15.464107,https://www.dane.gov.co/files/operaciones/GEIH/anex-GEIH-Desestacionalizado-ago2026.xlsx
2002-10-01,67.667182,57.025195,15.726955,15444.748982,2882.284166,8757.046031,15.575197,https://www.dane.gov.co/files/operaciones/GEIH/anex-GEIH-Desestacionalizado-ago2026.xlsx
2002-11-01,67.404505,56.330614,16.429008,15295.715247,3006.945584,8850.807175,15.764837,https://www.dane.gov.co/files/operaciones/GEIH/anex-GEIH-Desestacionalizado-ago2026.xlsx
2002-12-01,66.836169,55.690945,16.675439,15105.624741,3023.033287,8995.365218,16.277134,https://www.dane.gov.co/files/operaciones/GEIH/anex-GEIH-Desestacionalizado-ago2026.xlsx
2003-01-01,67.329581,58.080044,13.737702,15754.763310,2509.024725,8862.161179,15.614049,https://www.dane.gov.co/files/operaciones/GEIH/anex-GEIH-Desestacionalizado-ago2026.xlsx
2003-02-01,67.784306,58.010669,14.418732,15793.892193,2660.954953,8770.993547,14.943958,https://www.dane.gov.co/files/operaciones/GEIH/anex-GEIH-Desestacionalizado-ago2026.xlsx
2003-03-01,68.060033,58.751939,13.676300,16022.949868,2538.522570,8710.733706,13.944244,https://www.dane.gov.co/files/operaciones/GEIH/anex-GEIH-Desestacionalizado-ago2026.xlsx
2003-04-01,67.727966,57.946354,14.442501,15848.785960,2675.348378,8826.656398,14.179178,https://www.dane.gov.co/files/operaciones/GEIH/anex-GEIH-Desestacionalizado-ago2026.xlsx
2003-05-01,68.598234,59.542047,13.201779,16368.508273,2489.606756,8632.556110,13.773527,https://www.dane.gov.co/files/operaciones/GEIH/anex-GEIH-Desestacionalizado-ago2026.xlsx
2003-06-01,67.555513,58.113156,13.977182,15924.705075,2587.482182,8890.738576,13.873821,https://www.dane.gov.co/files/operaciones/GEIH/anex-GEIH-Desestacionalizado-ago2026.xlsx
2003-07-01,67.673953,57.862418,14.498245,15875.684352,2691.986347,8869.282399,13.892402,https://www.dane.gov.co/files/operaciones/GEIH/anex-GEIH-Desestacionalizado-ago2026.xlsx
2003-08-01,68.948936,59.101606,14.282062,16213.787137,2701.491774,8518.471491,14.252496,https://www.dane.gov.co/files/operaciones/GEIH/anex-GEIH-Desestacionalizado-ago2026.xlsx
2003-09-01,68.893439,58.685064,14.817631,16141.494984,2807.842893,8555.948794,14.532646,https://www.dane.gov.co/files/operaciones/GEIH/anex-GEIH-Desestacionalizado-ago2026.xlsx
2003-10-01,68.803647,58.891705,14.406130,16229.962226,2731.631872,8597.401420,14.501941,https://www.dane.gov.co/files/operaciones/GEIH/anex-GEIH-Desestacionalizado-ago2026.xlsx
2003-11-01,68.210118,58.809738,13.781503,16235.782889,2595.191246,8776.329244,14.335088,https://www.dane.gov.co/files/operaciones/GEIH/anex-GEIH-Desestacionalizado-ago2026.xlsx
2003-12-01,68.261078,58.969338,13.612062,16269.977733,2563.644304,8756.950137,13.933232,https://www.dane.gov.co/files/operaciones/GEIH/anex-GEIH-Desestacionalizado-ago2026.xlsx
2004-01-01,68.124274,58.132976,14.666281,16035.908354,2756.086768,8792.878970,14.019949,https://www.dane.gov.co/files/operaciones/GEIH/anex-GEIH-Desestacionalizado-ago2026.xlsx
2004-02-01,67.342294,57.679818,14.348303,15986.982501,2678.126288,9051.661309,14.208882,https://www.dane.gov.co/files/operaciones/GEIH/anex-GEIH-Desestacionalizado-ago2026.xlsx
2004-03-01,67.648787,58.150625,14.040403,16156.480720,2638.954979,8988.411604,14.351662,https://www.dane.gov.co/files/operaciones/GEIH/anex-GEIH-Desestacionalizado-ago2026.xlsx
2004-04-01,67.146293,57.554410,14.285053,16022.412931,2670.257868,9146.052629,14.224586,https://www.dane.gov.co/files/operaciones/GEIH/anex-GEIH-Desestacionalizado-ago2026.xlsx
2004-05-01,67.245670,57.767671,14.094585,16149.865904,2649.724312,9156.990906,14.140014,https://www.dane.gov.co/files/operaciones/GEIH/anex-GEIH-Desestacionalizado-ago2026.xlsx
2004-06-01,66.716744,57.311047,14.097956,15982.666116,2623.021601,9281.896021,14.159198,https://www.dane.gov.co/files/operaciones/GEIH/anex-GEIH-Desestacionalizado-ago2026.xlsx
2004-07-01,66.727599,58.130447,12.883952,16240.998375,2401.948252,9295.937714,13.692164,https://www.dane.gov.co/files/operaciones/GEIH/anex-GEIH-Desestacionalizado-ago2026.xlsx
2004-08-01,66.505402,57.850831,13.013335,16130.881414,2413.203937,9339.492185,13.331747,https://www.dane.gov.co/files/operaciones/GEIH/anex-GEIH-Desestacionalizado-ago2026.xlsx
2004-09-01,66.123543,57.742086,12.675450,16161.285511,2345.864511,9481.595398,12.857579,https://www.dane.gov.co/files/operaciones/GEIH/anex-GEIH-Desestacionalizado-ago2026.xlsx
2004-10-01,65.835464,57.061890,13.326516,16033.953423,2465.306881,9599.972530,13.005100,https://www.dane.gov.co/files/operaciones/GEIH/anex-GEIH-Desestacionalizado-ago2026.xlsx
2004-11-01,66.516157,57.843033,13.039124,16268.164104,2439.287762,9417.221362,13.013696,https://www.dane.gov.co/files/operaciones/GEIH/anex-GEIH-Desestacionalizado-ago2026.xlsx
2004-12-01,65.792450,57.258436,12.971114,16111.338645,2401.294841,9625.296372,13.112251,https://www.dane.gov.co/files/operaciones/GEIH/anex-GEIH-Desestacionalizado-ago2026.xlsx
2005-01-01,65.993471,58.610445,11.187510,16546.701817,2084.350830,9600.607906,12.399249,https://www.dane.gov.co/files/operaciones/GEIH/anex-GEIH-Desestacionalizado-ago2026.xlsx
2005-02-01,65.970106,57.529037,12.795294,16249.311177,2384.214378,9611.882519,12.317973,https://www.dane.gov.co/files/operaciones/GEIH/anex-GEIH-Desestacionalizado-ago2026.xlsx
2005-03-01,65.745361,57.001555,13.299503,16125.020206,2473.512309,9690.204674,12.427435,https://www.dane.gov.co/files/operaciones/GEIH/anex-GEIH-Desestacionalizado-ago2026.xlsx
2005-04-01,65.666629,57.929603,11.782280,16426.894736,2193.961479,9735.793854,12.625692,https://www.dane.gov.co/files/operaciones/GEIH/anex-GEIH-Desestacionalizado-ago2026.xlsx
2005-05-01,66.130563,57.815874,12.573142,16432.454290,2363.204876,9626.386840,12.551642,https://www.dane.gov.co/files/operaciones/GEIH/anex-GEIH-Desestacionalizado-ago2026.xlsx
2005-06-01,65.866387,58.217638,11.612524,16524.029734,2170.960110,9688.212245,11.989315,https://www.dane.gov.co/files/operaciones/GEIH/anex-GEIH-Desestacionalizado-ago2026.xlsx
2005-07-01,66.457865,58.525625,11.935743,16654.026074,2257.194685,9544.735160,12.040469,https://www.dane.gov.co/files/operaciones/GEIH/anex-GEIH-Desestacionalizado-ago2026.xlsx
2005-08-01,65.775063,58.104230,11.662220,16471.450338,2174.536028,9702.122490,11.736829,https://www.dane.gov.co/files/operaciones/GEIH/anex-GEIH-Desestacionalizado-ago2026.xlsx
2005-09-01,65.850291,58.228412,11.574556,16586.798771,2171.149097,9727.800026,11.724173,https://www.dane.gov.co/files/operaciones/GEIH/anex-GEIH-Desestacionalizado-ago2026.xlsx
2005-10-01,65.893640,58.712257,10.898447,16801.308443,2055.050185,9759.997410,11.378408,https://www.dane.gov.co/files/operaciones/GEIH/anex-GEIH-Desestacionalizado-ago2026.xlsx
2005-11-01,65.527838,58.062151,11.393154,16613.863910,2136.226652,9863.840623,11.288719,https://www.dane.gov.co/files/operaciones/GEIH/anex-GEIH-Desestacionalizado-ago2026.xlsx
2005-12-01,66.559953,59.164452,11.111037,16963.626506,2120.437370,9587.927253,11.134212,https://www.dane.gov.co/files/operaciones/GEIH/anex-GEIH-Desestacionalizado-ago2026.xlsx
2006-01-01,66.061164,58.631877,11.246074,16849.991707,2135.074629,9753.552744,11.250088,https://www.dane.gov.co/files/operaciones/GEIH/anex-GEIH-Desestacionalizado-ago2026.xlsx
2006-02-01,65.624194,57.848209,11.849265,16636.607498,2236.301015,9886.162387,11.402125,https://www.dane.gov.co/files/operaciones/GEIH/anex-GEIH-Desestacionalizado-ago2026.xlsx
2006-03-01,66.199151,58.593560,11.488956,16866.364949,2189.296621,9729.694862,11.528099,https://www.dane.gov.co/files/operaciones/GEIH/anex-GEIH-Desestacionalizado-ago2026.xlsx
2006-04-01,64.421981,56.755348,11.900648,16384.190827,2213.211312,10270.698382,11.746290,https://www.dane.gov.co/files/operaciones/GEIH/anex-GEIH-Desestacionalizado-ago2026.xlsx
2006-05-01,65.050495,57.340140,11.852876,16567.377625,2227.764976,10098.015851,11.747493,https://www.dane.gov.co/files/operaciones/GEIH/anex-GEIH-Desestacionalizado-ago2026.xlsx
2006-06-01,66.972595,59.874955,10.597826,17301.643935,2050.954822,9543.696637,11.450450,https://www.dane.gov.co/files/operaciones/GEIH/anex-GEIH-Desestacionalizado-ago2026.xlsx
2006-07-01,65.760046,57.843338,12.038782,16768.655224,2295.036171,9926.086687,11.496495,https://www.dane.gov.co/files/operaciones/GEIH/anex-GEIH-Desestacionalizado-ago2026.xlsx
2006-08-01,64.471303,56.058796,13.048452,16168.346266,2426.315444,10247.103515,11.895020,https://www.dane.gov.co/files/operaciones/GEIH/anex-GEIH-Desestacionalizado-ago2026.xlsx
2006-09-01,63.057798,54.788090,13.114488,15880.990746,2397.074696,10708.144266,12.733907,https://www.dane.gov.co/files/operaciones/GEIH/anex-GEIH-Desestacionalizado-ago2026.xlsx
2006-10-01,61.670313,53.880938,12.630673,15784.568601,2281.918874,11228.786846,12.931204,https://www.dane.gov.co/files/operaciones/GEIH/anex-GEIH-Desestacionalizado-ago2026.xlsx
2006-11-01,62.278580,54.664701,12.225518,15951.694422,2221.804399,11007.479280,12.656893,https://www.dane.gov.co/files/operaciones/GEIH/anex-GEIH-Desestacionalizado-ago2026.xlsx
2006-12-01,62.523605,54.509592,12.817580,15962.612202,2346.827041,10974.603544,12.557924,https://www.dane.gov.co/files/operaciones/GEIH/anex-GEIH-Desestacionalizado-ago2026.xlsx
2007-01-01,62.689274,55.175568,11.985631,16129.698600,2196.512075,10907.196585,12.342910,https://www.dane.gov.co/files/operaciones/GEIH/anex-GEIH-Desestacionalizado-ago2026.xlsx
2007-02-01,63.744285,56.286043,11.700251,16486.881531,2184.611498,10619.749573,12.167821,https://www.dane.gov.co/files/operaciones/GEIH/anex-GEIH-Desestacionalizado-ago2026.xlsx
2007-03-01,62.706689,55.147529,12.054791,16172.356654,2216.770935,10936.495833,11.913558,https://www.dane.gov.co/files/operaciones/GEIH/anex-GEIH-Desestacionalizado-ago2026.xlsx
2007-04-01,64.094818,57.224476,10.719030,16827.986001,2020.359842,10558.626993,11.491357,https://www.dane.gov.co/files/operaciones/GEIH/anex-GEIH-Desestacionalizado-ago2026.xlsx
2007-05-01,63.469689,56.043898,11.699743,16488.087034,2184.663940,10747.199480,11.491188,https://www.dane.gov.co/files/operaciones/GEIH/anex-GEIH-Desestacionalizado-ago2026.xlsx
2007-06-01,63.928580,56.641889,11.398173,16663.604747,2143.687811,10611.932215,11.272316,https://www.dane.gov.co/files/operaciones/GEIH/anex-GEIH-Desestacionalizado-ago2026.xlsx
2007-07-01,63.230438,56.274762,11.000518,16619.871938,2054.250216,10859.315632,11.366145,https://www.dane.gov.co/files/operaciones/GEIH/anex-GEIH-Desestacionalizado-ago2026.xlsx
2007-08-01,63.721289,56.739594,10.956613,16673.751920,2051.672319,10661.025105,11.118435,https://www.dane.gov.co/files/operaciones/GEIH/anex-GEIH-Desestacionalizado-ago2026.xlsx
2007-09-01,63.939628,56.834504,11.112239,16775.598441,2097.189248,10643.786332,11.023123,https://www.dane.gov.co/files/operaciones/GEIH/anex-GEIH-Desestacionalizado-ago2026.xlsx
2007-10-01,64.947857,57.493149,11.477989,17160.580143,2225.084505,10462.378916,11.182280,https://www.dane.gov.co/files/operaciones/GEIH/anex-GEIH-Desestacionalizado-ago2026.xlsx
2007-11-01,64.273127,57.476715,10.574268,17059.260536,2017.195532,10603.842514,11.054832,https://www.dane.gov.co/files/operaciones/GEIH/anex-GEIH-Desestacionalizado-ago2026.xlsx
2007-12-01,63.151852,56.369372,10.739954,16800.076453,2021.420079,10982.057822,10.930737,https://www.dane.gov.co/files/operaciones/GEIH/anex-GEIH-Desestacionalizado-ago2026.xlsx
2008-01-01,63.679047,56.609348,11.102080,16874.698315,2107.408703,10826.924199,10.805434,https://www.dane.gov.co/files/operaciones/GEIH/anex-GEIH-Desestacionalizado-ago2026.xlsx
2008-02-01,64.359234,57.204641,11.116655,17049.327447,2132.362181,10622.408898,10.986230,https://www.dane.gov.co/files/operaciones/GEIH/anex-GEIH-Desestacionalizado-ago2026.xlsx
2008-03-01,64.887598,57.558332,11.295326,17168.906627,2186.225330,10473.575749,11.171354,https://www.dane.gov.co/files/operaciones/GEIH/anex-GEIH-Desestacionalizado-ago2026.xlsx
2008-04-01,64.766166,57.657220,10.976326,17232.431382,2124.702178,10530.591430,11.129436,https://www.dane.gov.co/files/operaciones/GEIH/anex-GEIH-Desestacionalizado-ago2026.xlsx
2008-05-01,64.502818,57.540357,10.794040,17216.561848,2083.227011,10621.057348,11.021898,https://www.dane.gov.co/files/operaciones/GEIH/anex-GEIH-Desestacionalizado-ago2026.xlsx
2008-06-01,62.895873,55.589799,11.616141,16630.672195,2185.741109,11100.356332,11.128836,https://www.dane.gov.co/files/operaciones/GEIH/anex-GEIH-Desestacionalizado-ago2026.xlsx
2008-07-01,64.069933,56.594800,11.667148,16996.684968,2244.950004,10790.603169,11.359110,https://www.dane.gov.co/files/operaciones/GEIH/anex-GEIH-Desestacionalizado-ago2026.xlsx
2008-08-01,64.261841,56.798864,11.613389,17017.006330,2235.916855,10707.194302,11.632226,https://www.dane.gov.co/files/operaciones/GEIH/anex-GEIH-Desestacionalizado-ago2026.xlsx
2008-09-01,64.223083,56.934351,11.349084,17098.927601,2189.003610,10744.777208,11.543207,https://www.dane.gov.co/files/operaciones/GEIH/anex-GEIH-Desestacionalizado-ago2026.xlsx
2008-10-01,62.100703,54.996241,11.440227,16757.684138,2164.771935,11548.142974,11.467567,https://www.dane.gov.co/files/operaciones/GEIH/anex-GEIH-Desestacionalizado-ago2026.xlsx
2008-11-01,62.030337,54.532951,12.086644,16508.702750,2269.675744,11494.516078,11.625318,https://www.dane.gov.co/files/operaciones/GEIH/anex-GEIH-Desestacionalizado-ago2026.xlsx
2008-12-01,64.018073,56.590540,11.602243,17180.800400,2254.987340,10924.057313,11.709705,https://www.dane.gov.co/files/operaciones/GEIH/anex-GEIH-Desestacionalizado-ago2026.xlsx
2009-01-01,64.449833,56.708197,12.011880,17196.079096,2347.558215,10780.160874,11.900256,https://www.dane.gov.co/files/operaciones/GEIH/anex-GEIH-Desestacionalizado-ago2026.xlsx
2009-02-01,65.024459,57.496032,11.577838,17438.401229,2283.352827,10607.993253,11.730654,https://www.dane.gov.co/files/operaciones/GEIH/anex-GEIH-Desestacionalizado-ago2026.xlsx
2009-03-01,66.133290,58.106192,12.137756,17657.173668,2439.255501,10291.336687,11.909158,https://www.dane.gov.co/files/operaciones/GEIH/anex-GEIH-Desestacionalizado-ago2026.xlsx
2009-04-01,66.750890,58.780305,11.940791,17876.960668,2424.108240,10112.112101,11.885462,https://www.dane.gov.co/files/operaciones/GEIH/anex-GEIH-Desestacionalizado-ago2026.xlsx
2009-05-01,67.031068,59.182733,11.708504,18047.374391,2393.296690,10053.653180,11.929017,https://www.dane.gov.co/files/operaciones/GEIH/anex-GEIH-Desestacionalizado-ago2026.xlsx
2009-06-01,66.907115,59.029094,11.774563,18019.502943,2404.882146,10102.091935,11.807953,https://www.dane.gov.co/files/operaciones/GEIH/anex-GEIH-Desestacionalizado-ago2026.xlsx
2009-07-01,67.293971,59.117800,12.149930,18072.545896,2499.487785,9998.362676,11.877666,https://www.dane.gov.co/files/operaciones/GEIH/anex-GEIH-Desestacionalizado-ago2026.xlsx
2009-08-01,66.348759,58.240232,12.221068,17822.926963,2481.406466,10298.097830,12.048521,https://www.dane.gov.co/files/operaciones/GEIH/anex-GEIH-Desestacionalizado-ago2026.xlsx
2009-09-01,66.450472,57.867514,12.916323,17714.592942,2627.443038,10270.291380,12.429107,https://www.dane.gov.co/files/operaciones/GEIH/anex-GEIH-Desestacionalizado-ago2026.xlsx
2009-10-01,67.541464,58.633319,13.189150,18174.282030,2761.213967,10061.013227,12.775514,https://www.dane.gov.co/files/operaciones/GEIH/anex-GEIH-Desestacionalizado-ago2026.xlsx
2009-11-01,67.671670,59.164094,12.571843,18231.278573,2621.589947,9961.899986,12.892439,https://www.dane.gov.co/files/operaciones/GEIH/anex-GEIH-Desestacionalizado-ago2026.xlsx
2009-12-01,67.786217,59.559508,12.136257,18412.821601,2543.287178,9958.890871,12.632417,https://www.dane.gov.co/files/operaciones/GEIH/anex-GEIH-Desestacionalizado-ago2026.xlsx
2010-01-01,67.661755,59.296168,12.363833,18320.442595,2584.673677,9991.386929,12.357311,https://www.dane.gov.co/files/operaciones/GEIH/anex-GEIH-Desestacionalizado-ago2026.xlsx
2010-02-01,67.555133,59.827184,11.439470,18486.688024,2387.947751,10025.511658,11.979853,https://www.dane.gov.co/files/operaciones/GEIH/anex-GEIH-Desestacionalizado-ago2026.xlsx
2010-03-01,66.866417,58.854889,11.981391,18228.354113,2481.305361,10262.030876,11.928232,https://www.dane.gov.co/files/operaciones/GEIH/anex-GEIH-Desestacionalizado-ago2026.xlsx
2010-04-01,68.110515,59.762373,12.256760,18507.529116,2585.297113,9875.705038,11.892541,https://www.dane.gov.co/files/operaciones/GEIH/anex-GEIH-Desestacionalizado-ago2026.xlsx
2010-05-01,67.177787,58.967779,12.221313,18326.332141,2551.551526,10200.668730,12.153155,https://www.dane.gov.co/files/operaciones/GEIH/anex-GEIH-Desestacionalizado-ago2026.xlsx
2010-06-01,67.820974,59.521609,12.237166,18534.507223,2584.349614,10020.266608,12.238413,https://www.dane.gov.co/files/operaciones/GEIH/anex-GEIH-Desestacionalizado-ago2026.xlsx
2010-07-01,67.709452,59.472157,12.165650,18521.638013,2565.371796,10056.367249,12.208043,https://www.dane.gov.co/files/operaciones/GEIH/anex-GEIH-Desestacionalizado-ago2026.xlsx
2010-08-01,67.969692,59.972823,11.765345,18754.032206,2500.691559,10016.160520,12.056054,https://www.dane.gov.co/files/operaciones/GEIH/anex-GEIH-Desestacionalizado-ago2026.xlsx
2010-09-01,68.582522,60.744045,11.429264,18961.236672,2446.778538,9806.956861,11.786753,https://www.dane.gov.co/files/operaciones/GEIH/anex-GEIH-Desestacionalizado-ago2026.xlsx
2010-10-01,67.240110,59.286967,11.827975,18690.152333,2507.219814,10327.519805,11.674194,https://www.dane.gov.co/files/operaciones/GEIH/anex-GEIH-Desestacionalizado-ago2026.xlsx
2010-11-01,68.088070,59.852972,12.094773,18798.275037,2586.431845,10022.714265,11.784004,https://www.dane.gov.co/files/operaciones/GEIH/anex-GEIH-Desestacionalizado-ago2026.xlsx
2010-12-01,67.769080,59.607881,12.042659,18768.124527,2569.633406,10148.220462,11.988469,https://www.dane.gov.co/files/operaciones/GEIH/anex-GEIH-Desestacionalizado-ago2026.xlsx
2011-01-01,68.150849,60.267589,11.567369,18963.258073,2480.475781,10021.367503,11.901600,https://www.dane.gov.co/files/operaciones/GEIH/anex-GEIH-Desestacionalizado-ago2026.xlsx
2011-02-01,67.379214,59.467908,11.741464,18698.757736,2487.586943,10257.098345,11.783830,https://www.dane.gov.co/files/operaciones/GEIH/anex-GEIH-Desestacionalizado-ago2026.xlsx
2011-03-01,67.806513,60.330692,11.025227,19030.264630,2358.117610,10154.873912,11.444686,https://www.dane.gov.co/files/operaciones/GEIH/anex-GEIH-Desestacionalizado-ago2026.xlsx
2011-04-01,67.333087,59.850817,11.112322,18870.236933,2359.068902,10299.481583,11.293004,https://www.dane.gov.co/files/operaciones/GEIH/anex-GEIH-Desestacionalizado-ago2026.xlsx
2011-05-01,67.997724,60.154081,11.535155,19036.953544,2482.276493,10127.755798,11.224235,https://www.dane.gov.co/files/operaciones/GEIH/anex-GEIH-Desestacionalizado-ago2026.xlsx
2011-06-01,67.571615,59.916318,11.329160,19012.288350,2429.132992,10289.981690,11.325546,https://www.dane.gov.co/files/operaciones/GEIH/anex-GEIH-Desestacionalizado-ago2026.xlsx
2011-07-01,68.057795,60.506318,11.095683,19196.532099,2395.818774,10134.141105,11.319999,https://www.dane.gov.co/files/operaciones/GEIH/anex-GEIH-Desestacionalizado-ago2026.xlsx
2011-08-01,67.461427,60.180069,10.793364,19157.929810,2317.972306,10358.441059,11.072736,https://www.dane.gov.co/files/operaciones/GEIH/anex-GEIH-Desestacionalizado-ago2026.xlsx
2011-09-01,68.523591,61.310947,10.525782,19490.281348,2292.844428,10006.109784,10.804943,https://www.dane.gov.co/files/operaciones/GEIH/anex-GEIH-Desestacionalizado-ago2026.xlsx
2011-10-01,69.157181,61.777895,10.670311,19749.718244,2359.077151,9860.112508,10.663152,https://www.dane.gov.co/files/operaciones/GEIH/anex-GEIH-Desestacionalizado-ago2026.xlsx
2011-11-01,69.105477,61.819242,10.543642,19736.133426,2326.170359,9863.246641,10.579912,https://www.dane.gov.co/files/operaciones/GEIH/anex-GEIH-Desestacionalizado-ago2026.xlsx
2011-12-01,68.552349,61.201470,10.723016,19574.003806,2351.024260,10057.870074,10.645656,https://www.dane.gov.co/files/operaciones/GEIH/anex-GEIH-Desestacionalizado-ago2026.xlsx
2012-01-01,68.752545,61.434462,10.644090,19666.934498,2342.728437,10003.207173,10.636916,https://www.dane.gov.co/files/operaciones/GEIH/anex-GEIH-Desestacionalizado-ago2026.xlsx
2012-02-01,69.099301,61.741397,10.648305,19760.136335,2354.873750,9889.669633,10.671804,https://www.dane.gov.co/files/operaciones/GEIH/anex-GEIH-Desestacionalizado-ago2026.xlsx
2012-03-01,69.336986,62.027564,10.541881,19896.183557,2344.596595,9835.578199,10.611426,https://www.dane.gov.co/files/operaciones/GEIH/anex-GEIH-Desestacionalizado-ago2026.xlsx
2012-04-01,68.841152,61.319751,10.925733,19669.356926,2412.617634,9994.732447,10.705306,https://www.dane.gov.co/files/operaciones/GEIH/anex-GEIH-Desestacionalizado-ago2026.xlsx
2012-05-01,69.028102,61.469813,10.949582,19772.506949,2431.214638,9962.484764,10.805732,https://www.dane.gov.co/files/operaciones/GEIH/anex-GEIH-Desestacionalizado-ago2026.xlsx
2012-06-01,69.425820,62.107100,10.541784,20048.444689,2362.514972,9869.479799,10.805700,https://www.dane.gov.co/files/operaciones/GEIH/anex-GEIH-Desestacionalizado-ago2026.xlsx
2012-07-01,68.403587,61.129924,10.633452,19714.585811,2345.778306,10189.938906,10.708273,https://www.dane.gov.co/files/operaciones/GEIH/anex-GEIH-Desestacionalizado-ago2026.xlsx
2012-08-01,68.725897,61.653874,10.290187,19953.914128,2288.818724,10121.679916,10.488474,https://www.dane.gov.co/files/operaciones/GEIH/anex-GEIH-Desestacionalizado-ago2026.xlsx
2012-09-01,67.879313,60.583594,10.748073,19592.964748,2359.463022,10387.952426,10.557237,https://www.dane.gov.co/files/operaciones/GEIH/anex-GEIH-Desestacionalizado-ago2026.xlsx
2012-10-01,67.545494,60.469934,10.475250,19633.059719,2297.255337,10537.158173,10.504503,https://www.dane.gov.co/files/operaciones/GEIH/anex-GEIH-Desestacionalizado-ago2026.xlsx
2012-11-01,67.630674,60.465371,10.594753,19630.436164,2326.257438,10508.890766,10.606025,https://www.dane.gov.co/files/operaciones/GEIH/anex-GEIH-Desestacionalizado-ago2026.xlsx
2012-12-01,68.327980,61.138352,10.522231,19864.990477,2336.044146,10290.829798,10.530745,https://www.dane.gov.co/files/operaciones/GEIH/anex-GEIH-Desestacionalizado-ago2026.xlsx
2013-01-01,68.108545,61.136118,10.237227,19882.402955,2267.539907,10371.590156,10.451404,https://www.dane.gov.co/files/operaciones/GEIH/anex-GEIH-Desestacionalizado-ago2026.xlsx
2013-02-01,67.857628,60.706107,10.539008,19743.882549,2325.940473,10453.894281,10.432822,https://www.dane.gov.co/files/operaciones/GEIH/anex-GEIH-Desestacionalizado-ago2026.xlsx
2013-03-01,67.378808,60.394263,10.366085,19676.257566,2275.542272,10627.879925,10.380773,https://www.dane.gov.co/files/operaciones/GEIH/anex-GEIH-Desestacionalizado-ago2026.xlsx
2013-04-01,67.507747,60.509318,10.366852,19749.637215,2284.217098,10605.146980,10.423982,https://www.dane.gov.co/files/operaciones/GEIH/anex-GEIH-Desestacionalizado-ago2026.xlsx
2013-05-01,68.449524,61.726555,9.821791,20184.429738,2198.394136,10316.927151,10.184909,https://www.dane.gov.co/files/operaciones/GEIH/anex-GEIH-Desestacionalizado-ago2026.xlsx
2013-06-01,67.322250,60.685175,9.858665,19924.467697,2179.118461,10728.926288,10.015769,https://www.dane.gov.co/files/operaciones/GEIH/anex-GEIH-Desestacionalizado-ago2026.xlsx
2013-07-01,68.338247,61.669141,9.758965,20222.329338,2186.909850,10382.411422,9.813140,https://www.dane.gov.co/files/operaciones/GEIH/anex-GEIH-Desestacionalizado-ago2026.xlsx
2013-08-01,68.120764,61.360675,9.923683,20173.063662,2222.460959,10480.684273,9.847104,https://www.dane.gov.co/files/operaciones/GEIH/anex-GEIH-Desestacionalizado-ago2026.xlsx
2013-09-01,67.724729,61.134400,9.731053,20095.740293,2166.334215,10609.337274,9.804567,https://www.dane.gov.co/files/operaciones/GEIH/anex-GEIH-Desestacionalizado-ago2026.xlsx
2013-10-01,67.545760,61.265302,9.298079,20176.931322,2068.387231,10688.382227,9.650938,https://www.dane.gov.co/files/operaciones/GEIH/anex-GEIH-Desestacionalizado-ago2026.xlsx
2013-11-01,67.212814,60.619802,9.809158,19985.160005,2173.586547,10809.292337,9.612763,https://www.dane.gov.co/files/operaciones/GEIH/anex-GEIH-Desestacionalizado-ago2026.xlsx
2013-12-01,67.589232,61.424497,9.120883,20262.685660,2033.619852,10691.649687,9.409373,https://www.dane.gov.co/files/operaciones/GEIH/anex-GEIH-Desestacionalizado-ago2026.xlsx
2014-01-01,67.480455,61.072641,9.495807,20334.267280,2133.495434,10827.452569,9.475283,https://www.dane.gov.co/files/operaciones/GEIH/anex-GEIH-Desestacionalizado-ago2026.xlsx
2014-02-01,67.226608,60.703569,9.703062,20214.066926,2172.148390,10913.419779,9.439917,https://www.dane.gov.co/files/operaciones/GEIH/anex-GEIH-Desestacionalizado-ago2026.xlsx
2014-03-01,67.336372,60.787574,9.725499,20258.123129,2182.458506,10885.510717,9.641456,https://www.dane.gov.co/files/operaciones/GEIH/anex-GEIH-Desestacionalizado-ago2026.xlsx
2014-04-01,67.407267,61.144786,9.290512,20436.289915,2093.095225,10893.398884,9.573024,https://www.dane.gov.co/files/operaciones/GEIH/anex-GEIH-Desestacionalizado-ago2026.xlsx
2014-05-01,67.359436,61.259707,9.055493,20491.176806,2040.339809,10918.164616,9.357168,https://www.dane.gov.co/files/operaciones/GEIH/anex-GEIH-Desestacionalizado-ago2026.xlsx
2014-06-01,67.423452,60.822404,9.790433,20434.582760,2217.762813,10944.785378,9.378813,https://www.dane.gov.co/files/operaciones/GEIH/anex-GEIH-Desestacionalizado-ago2026.xlsx
2014-07-01,67.244462,60.970811,9.329618,20448.542223,2104.072919,10985.633813,9.391848,https://www.dane.gov.co/files/operaciones/GEIH/anex-GEIH-Desestacionalizado-ago2026.xlsx
2014-08-01,67.690824,61.368337,9.340242,20623.107258,2124.700270,10857.644905,9.486765,https://www.dane.gov.co/files/operaciones/GEIH/anex-GEIH-Desestacionalizado-ago2026.xlsx
2014-09-01,67.768107,61.622609,9.068422,20717.931470,2066.157413,10836.576963,9.246094,https://www.dane.gov.co/files/operaciones/GEIH/anex-GEIH-Desestacionalizado-ago2026.xlsx
2014-10-01,67.731477,61.514587,9.178731,20700.631750,2092.081864,10858.868632,9.195798,https://www.dane.gov.co/files/operaciones/GEIH/anex-GEIH-Desestacionalizado-ago2026.xlsx
2014-11-01,67.608768,61.342354,9.268641,20668.157984,2111.350806,10913.619494,9.171931,https://www.dane.gov.co/files/operaciones/GEIH/anex-GEIH-Desestacionalizado-ago2026.xlsx
2014-12-01,66.914320,60.539952,9.526164,20425.835500,2150.675552,11162.920250,9.324512,https://www.dane.gov.co/files/operaciones/GEIH/anex-GEIH-Desestacionalizado-ago2026.xlsx
2015-01-01,67.060229,60.976497,9.072043,20622.946114,2057.587806,11140.605814,9.288949,https://www.dane.gov.co/files/operaciones/GEIH/anex-GEIH-Desestacionalizado-ago2026.xlsx
2015-02-01,67.269658,61.255215,8.940795,20725.721319,2034.988481,11074.321595,9.179668,https://www.dane.gov.co/files/operaciones/GEIH/anex-GEIH-Desestacionalizado-ago2026.xlsx
2015-03-01,67.612599,61.577390,8.926160,20842.881341,2042.813859,10962.575014,8.979666,https://www.dane.gov.co/files/operaciones/GEIH/anex-GEIH-Desestacionalizado-ago2026.xlsx
2015-04-01,67.839380,61.202935,9.782586,20774.862028,2252.690105,10916.673240,9.216514,https://www.dane.gov.co/files/operaciones/GEIH/anex-GEIH-Desestacionalizado-ago2026.xlsx
2015-05-01,67.648911,61.433297,9.188047,20870.456955,2111.602459,10990.489511,9.298931,https://www.dane.gov.co/files/operaciones/GEIH/anex-GEIH-Desestacionalizado-ago2026.xlsx
2015-06-01,66.992900,61.044784,8.878725,20818.640935,2028.538306,11256.702497,9.283120,https://www.dane.gov.co/files/operaciones/GEIH/anex-GEIH-Desestacionalizado-ago2026.xlsx
2015-07-01,67.466996,61.470386,8.888212,20946.677342,2043.407600,11085.961623,8.984995,https://www.dane.gov.co/files/operaciones/GEIH/anex-GEIH-Desestacionalizado-ago2026.xlsx
2015-08-01,67.400828,61.015886,9.473091,20816.332627,2178.302752,11121.615061,9.080010,https://www.dane.gov.co/files/operaciones/GEIH/anex-GEIH-Desestacionalizado-ago2026.xlsx
2015-09-01,67.599263,61.167442,9.514632,20886.206629,2196.206708,11063.540834,9.291979,https://www.dane.gov.co/files/operaciones/GEIH/anex-GEIH-Desestacionalizado-ago2026.xlsx
2015-10-01,67.735316,61.318707,9.473062,20961.363727,2193.471849,11029.452714,9.486928,https://www.dane.gov.co/files/operaciones/GEIH/anex-GEIH-Desestacionalizado-ago2026.xlsx
2015-11-01,67.647681,61.690929,8.805552,21104.319727,2037.790532,11067.651343,9.264415,https://www.dane.gov.co/files/operaciones/GEIH/anex-GEIH-Desestacionalizado-ago2026.xlsx
2015-12-01,67.433438,61.143481,9.327653,20949.402257,2155.108542,11158.180754,9.202089,https://www.dane.gov.co/files/operaciones/GEIH/anex-GEIH-Desestacionalizado-ago2026.xlsx
2016-01-01,67.575634,60.892674,9.889600,20904.849674,2294.303378,11131.494859,9.340935,https://www.dane.gov.co/files/operaciones/GEIH/anex-GEIH-Desestacionalizado-ago2026.xlsx
2016-02-01,67.266006,61.138556,9.109281,21019.594034,2106.633117,11254.032204,9.442178,https://www.dane.gov.co/files/operaciones/GEIH/anex-GEIH-Desestacionalizado-ago2026.xlsx
2016-03-01,66.882862,60.045957,10.222207,20648.989246,2351.118526,11388.534087,9.740363,https://www.dane.gov.co/files/operaciones/GEIH/anex-GEIH-Desestacionalizado-ago2026.xlsx
2016-04-01,67.175441,60.830181,9.445804,20986.916338,2189.167437,11324.744656,9.592431,https://www.dane.gov.co/files/operaciones/GEIH/anex-GEIH-Desestacionalizado-ago2026.xlsx
2016-05-01,66.474880,60.382374,9.165125,20853.606529,2104.102848,11578.207516,9.611045,https://www.dane.gov.co/files/operaciones/GEIH/anex-GEIH-Desestacionalizado-ago2026.xlsx
2016-06-01,66.940012,60.485184,9.642705,20970.689431,2237.939710,11462.158108,9.417878,https://www.dane.gov.co/files/operaciones/GEIH/anex-GEIH-Desestacionalizado-ago2026.xlsx
2016-07-01,66.544703,59.967288,9.884206,20771.065231,2278.240888,11588.020466,9.564012,https://www.dane.gov.co/files/operaciones/GEIH/anex-GEIH-Desestacionalizado-ago2026.xlsx
2016-08-01,66.677607,60.401450,9.412691,20949.724213,2176.831091,11557.585725,9.646534,https://www.dane.gov.co/files/operaciones/GEIH/anex-GEIH-Desestacionalizado-ago2026.xlsx
2016-09-01,66.560913,60.394602,9.264162,20954.950077,2139.507956,11602.268790,9.520353,https://www.dane.gov.co/files/operaciones/GEIH/anex-GEIH-Desestacionalizado-ago2026.xlsx
2016-10-01,66.856842,60.427092,9.617191,21007.973978,2235.355253,11522.490777,9.431348,https://www.dane.gov.co/files/operaciones/GEIH/anex-GEIH-Desestacionalizado-ago2026.xlsx
2016-11-01,66.767465,60.681668,9.114915,21112.090571,2117.343026,11562.112706,9.332089,https://www.dane.gov.co/files/operaciones/GEIH/anex-GEIH-Desestacionalizado-ago2026.xlsx
2016-12-01,66.734460,60.263216,9.697006,20989.903678,2253.958768,11586.512105,9.476370,https://www.dane.gov.co/files/operaciones/GEIH/anex-GEIH-Desestacionalizado-ago2026.xlsx
2017-01-01,66.697716,60.234179,9.690793,21040.881491,2257.829942,11633.086407,9.500905,https://www.dane.gov.co/files/operaciones/GEIH/anex-GEIH-Desestacionalizado-ago2026.xlsx
2017-02-01,66.714917,60.311544,9.598112,21081.434432,2238.249446,11634.543898,9.661971,https://www.dane.gov.co/files/operaciones/GEIH/anex-GEIH-Desestacionalizado-ago2026.xlsx
2017-03-01,66.443790,60.038870,9.639606,20986.999325,2238.883501,11729.803692,9.642837,https://www.dane.gov.co/files/operaciones/GEIH/anex-GEIH-Desestacionalizado-ago2026.xlsx
2017-04-01,66.669047,60.485957,9.274304,21201.463181,2167.289158,11683.124396,9.504007,https://www.dane.gov.co/files/operaciones/GEIH/anex-GEIH-Desestacionalizado-ago2026.xlsx
2017-05-01,66.509744,60.063369,9.692376,21110.798383,2265.742331,11771.002265,9.535429,https://www.dane.gov.co/files/operaciones/GEIH/anex-GEIH-Desestacionalizado-ago2026.xlsx
2017-06-01,67.010292,60.718527,9.389253,21406.364713,2218.166956,11630.547501,9.451978,https://www.dane.gov.co/files/operaciones/GEIH/anex-GEIH-Desestacionalizado-ago2026.xlsx
2017-07-01,66.419878,60.028887,9.622106,21151.899970,2251.942589,11832.359490,9.567912,https://www.dane.gov.co/files/operaciones/GEIH/anex-GEIH-Desestacionalizado-ago2026.xlsx
2017-08-01,66.490112,60.025523,9.722632,21190.619068,2282.173133,11829.889145,9.577997,https://www.dane.gov.co/files/operaciones/GEIH/anex-GEIH-Desestacionalizado-ago2026.xlsx
2017-09-01,66.221350,59.632758,9.949347,21057.945669,2326.610761,11928.158264,9.764695,https://www.dane.gov.co/files/operaciones/GEIH/anex-GEIH-Desestacionalizado-ago2026.xlsx
2017-10-01,66.055875,59.687294,9.641203,21114.273039,2252.874046,12007.673420,9.771061,https://www.dane.gov.co/files/operaciones/GEIH/anex-GEIH-Desestacionalizado-ago2026.xlsx
2017-11-01,66.058061,59.281466,10.258543,21027.784482,2403.732315,12039.577275,9.949698,https://www.dane.gov.co/files/operaciones/GEIH/anex-GEIH-Desestacionalizado-ago2026.xlsx
2017-12-01,65.983973,59.682351,9.550231,21164.930246,2234.720822,12062.977247,9.816659,https://www.dane.gov.co/files/operaciones/GEIH/anex-GEIH-Desestacionalizado-ago2026.xlsx
2018-01-01,65.802978,59.311912,9.864396,21116.881314,2311.020961,12175.200951,9.891057,https://www.dane.gov.co/files/operaciones/GEIH/anex-GEIH-Desestacionalizado-ago2026.xlsx
2018-02-01,65.373607,58.898184,9.905255,20995.647523,2308.317099,12343.394869,9.773294,https://www.dane.gov.co/files/operaciones/GEIH/anex-GEIH-Desestacionalizado-ago2026.xlsx
2018-03-01,65.671588,59.453617,9.468281,21185.773670,2215.719118,12232.627815,9.745977,https://www.dane.gov.co/files/operaciones/GEIH/anex-GEIH-Desestacionalizado-ago2026.xlsx
2018-04-01,66.015600,59.532472,9.820599,21261.069508,2315.345246,12136.984549,9.731378,https://www.dane.gov.co/files/operaciones/GEIH/anex-GEIH-Desestacionalizado-ago2026.xlsx
2018-05-01,65.950683,59.520307,9.750280,21370.815776,2308.831888,12225.435685,9.679720,https://www.dane.gov.co/files/operaciones/GEIH/anex-GEIH-Desestacionalizado-ago2026.xlsx
2018-06-01,65.700422,59.355671,9.657092,21386.538900,2286.087418,12358.537068,9.742657,https://www.dane.gov.co/files/operaciones/GEIH/anex-GEIH-Desestacionalizado-ago2026.xlsx
2018-07-01,65.796229,59.378240,9.754342,21369.972959,2309.806647,12309.789979,9.720571,https://www.dane.gov.co/files/operaciones/GEIH/anex-GEIH-Desestacionalizado-ago2026.xlsx
2018-08-01,65.908133,59.546298,9.652580,21500.403657,2297.070318,12309.562810,9.688005,https://www.dane.gov.co/files/operaciones/GEIH/anex-GEIH-Desestacionalizado-ago2026.xlsx
2018-09-01,66.077645,59.407273,10.094748,21469.065303,2410.591259,12259.126331,9.833890,https://www.dane.gov.co/files/operaciones/GEIH/anex-GEIH-Desestacionalizado-ago2026.xlsx
2018-10-01,65.251791,58.543890,10.280026,21198.041017,2428.850494,12581.909882,10.009118,https://www.dane.gov.co/files/operaciones/GEIH/anex-GEIH-Desestacionalizado-ago2026.xlsx
2018-11-01,64.264473,57.557102,10.437136,20916.385631,2437.474029,12986.374244,10.270637,https://www.dane.gov.co/files/operaciones/GEIH/anex-GEIH-Desestacionalizado-ago2026.xlsx
2018-12-01,66.264002,59.086490,10.831692,21489.872743,2610.475524,12269.848816,10.516284,https://www.dane.gov.co/files/operaciones/GEIH/anex-GEIH-Desestacionalizado-ago2026.xlsx
2019-01-01,65.421093,58.391571,10.745040,21311.625353,2565.619428,12620.532343,10.671289,https://www.dane.gov.co/files/operaciones/GEIH/anex-GEIH-Desestacionalizado-ago2026.xlsx
2019-02-01,65.584482,58.504278,10.795549,21404.780298,2590.412744,12591.499631,10.790760,https://www.dane.gov.co/files/operaciones/GEIH/anex-GEIH-Desestacionalizado-ago2026.xlsx
2019-03-01,65.369433,58.285765,10.836361,21313.990209,2590.361813,12663.736512,10.792316,https://www.dane.gov.co/files/operaciones/GEIH/anex-GEIH-Desestacionalizado-ago2026.xlsx
2019-04-01,63.968202,57.112623,10.717168,20922.994799,2511.515771,13200.113689,10.783026,https://www.dane.gov.co/files/operaciones/GEIH/anex-GEIH-Desestacionalizado-ago2026.xlsx
2019-05-01,64.749912,57.793872,10.742933,21327.723528,2566.993508,13008.371263,10.765487,https://www.dane.gov.co/files/operaciones/GEIH/anex-GEIH-Desestacionalizado-ago2026.xlsx
2019-06-01,64.852609,58.376892,9.985284,21614.821942,2397.720523,13013.789660,10.481795,https://www.dane.gov.co/files/operaciones/GEIH/anex-GEIH-Desestacionalizado-ago2026.xlsx
2019-07-01,64.601740,57.462999,11.050384,21229.558721,2637.389451,13077.797178,10.592867,https://www.dane.gov.co/files/operaciones/GEIH/anex-GEIH-Desestacionalizado-ago2026.xlsx
2019-08-01,64.198859,56.800720,11.523786,21076.653201,2745.176589,13284.483329,10.853151,https://www.dane.gov.co/files/operaciones/GEIH/anex-GEIH-Desestacionalizado-ago2026.xlsx
2019-09-01,64.568750,57.246661,11.339988,21248.911857,2717.825117,13151.430999,11.304719,https://www.dane.gov.co/files/operaciones/GEIH/anex-GEIH-Desestacionalizado-ago2026.xlsx
2019-10-01,64.631286,57.481620,11.062236,21359.379608,2656.717426,13142.527848,11.308670,https://www.dane.gov.co/files/operaciones/GEIH/anex-GEIH-Desestacionalizado-ago2026.xlsx
2019-11-01,64.736009,57.598661,11.025312,21476.815582,2661.302987,13148.886089,11.142512,https://www.dane.gov.co/files/operaciones/GEIH/anex-GEIH-Desestacionalizado-ago2026.xlsx
2019-12-01,64.411962,57.479980,10.761947,21430.501901,2584.479642,13268.437458,10.949832,https://www.dane.gov.co/files/operaciones/GEIH/anex-GEIH-Desestacionalizado-ago2026.xlsx
2020-01-01,64.363738,57.267380,11.025397,21417.249623,2653.944695,13327.494933,10.937552,https://www.dane.gov.co/files/operaciones/GEIH/anex-GEIH-Desestacionalizado-ago2026.xlsx
2020-02-01,64.249375,56.923483,11.402276,21321.759400,2744.050065,13391.067941,11.063207,https://www.dane.gov.co/files/operaciones/GEIH/anex-GEIH-Desestacionalizado-ago2026.xlsx
2020-03-01,60.650270,53.020252,12.580353,19826.850300,2853.234874,14714.777596,11.669342,https://www.dane.gov.co/files/operaciones/GEIH/anex-GEIH-Desestacionalizado-ago2026.xlsx
2020-04-01,53.268661,42.492920,20.229045,15910.418682,4034.708701,17497.389322,14.737225,https://www.dane.gov.co/files/operaciones/GEIH/anex-GEIH-Desestacionalizado-ago2026.xlsx
2020-05-01,56.606865,44.458911,21.460213,16751.176147,4577.091677,16349.614068,18.089870,https://www.dane.gov.co/files/operaciones/GEIH/anex-GEIH-Desestacionalizado-ago2026.xlsx
2020-06-01,58.689121,46.658317,20.499206,17680.647888,4558.938580,15654.295787,20.729488,https://www.dane.gov.co/files/operaciones/GEIH/anex-GEIH-Desestacionalizado-ago2026.xlsx
2020-07-01,58.174020,46.197576,20.587274,17416.548035,4515.135767,15768.450414,20.848897,https://www.dane.gov.co/files/operaciones/GEIH/anex-GEIH-Desestacionalizado-ago2026.xlsx
2020-08-01,60.447060,49.658376,17.848154,18836.841391,4092.456257,15003.560681,19.644878,https://www.dane.gov.co/files/operaciones/GEIH/anex-GEIH-Desestacionalizado-ago2026.xlsx
2020-09-01,61.342305,50.856456,17.093992,19309.126563,3981.256065,14677.513540,18.509806,https://www.dane.gov.co/files/operaciones/GEIH/anex-GEIH-Desestacionalizado-ago2026.xlsx
2020-10-01,62.751740,52.361434,16.557799,19929.948681,3954.786329,14177.532034,17.166648,https://www.dane.gov.co/files/operaciones/GEIH/anex-GEIH-Desestacionalizado-ago2026.xlsx
2020-11-01,62.143958,52.384340,15.704855,20006.430714,3727.356950,14457.837639,16.452215,https://www.dane.gov.co/files/operaciones/GEIH/anex-GEIH-Desestacionalizado-ago2026.xlsx
2020-12-01,62.315828,52.958140,15.016550,20195.970576,3568.622041,14371.132045,15.759735,https://www.dane.gov.co/files/operaciones/GEIH/anex-GEIH-Desestacionalizado-ago2026.xlsx
2021-01-01,61.012377,52.094610,14.616324,19778.937828,3385.838716,14802.563476,15.112576,https://www.dane.gov.co/files/operaciones/GEIH/anex-GEIH-Desestacionalizado-ago2026.xlsx
2021-02-01,62.318777,53.523575,14.113246,20415.924724,3354.824349,14373.049850,14.582040,https://www.dane.gov.co/files/operaciones/GEIH/anex-GEIH-Desestacionalizado-ago2026.xlsx
2021-03-01,61.659687,52.953577,14.119615,20195.823838,3320.400214,14622.510141,14.283062,https://www.dane.gov.co/files/operaciones/GEIH/anex-GEIH-Desestacionalizado-ago2026.xlsx
2021-04-01,60.953491,51.633117,15.290961,19702.362486,3556.504192,14899.516570,14.507941,https://www.dane.gov.co/files/operaciones/GEIH/anex-GEIH-Desestacionalizado-ago2026.xlsx
2021-05-01,61.398919,52.166975,15.036004,20058.119822,3549.667775,14842.055125,14.815526,https://www.dane.gov.co/files/operaciones/GEIH/anex-GEIH-Desestacionalizado-ago2026.xlsx
2021-06-01,61.159198,52.118243,14.782659,20090.212483,3485.050801,14972.108025,15.036541,https://www.dane.gov.co/files/operaciones/GEIH/anex-GEIH-Desestacionalizado-ago2026.xlsx
2021-07-01,61.125209,53.121876,13.093342,20424.121421,3077.094669,14946.449725,14.304002,https://www.dane.gov.co/files/operaciones/GEIH/anex-GEIH-Desestacionalizado-ago2026.xlsx
2021-08-01,61.547189,53.307417,13.387732,20577.337693,3180.656624,14843.271731,13.754578,https://www.dane.gov.co/files/operaciones/GEIH/anex-GEIH-Desestacionalizado-ago2026.xlsx
2021-09-01,61.247194,53.384109,12.838278,20607.875684,3035.387938,14959.751737,13.106451,https://www.dane.gov.co/files/operaciones/GEIH/anex-GEIH-Desestacionalizado-ago2026.xlsx
2021-10-01,61.609779,53.504287,13.156178,20682.428309,3133.230501,14839.988181,13.127396,https://www.dane.gov.co/files/operaciones/GEIH/anex-GEIH-Desestacionalizado-ago2026.xlsx
2021-11-01,62.186722,53.986834,13.185914,20924.416289,3178.142813,14655.810019,13.060124,https://www.dane.gov.co/files/operaciones/GEIH/anex-GEIH-Desestacionalizado-ago2026.xlsx
2021-12-01,62.351283,54.866584,12.004082,21243.336424,2897.938409,14576.893421,12.782058,https://www.dane.gov.co/files/operaciones/GEIH/anex-GEIH-Desestacionalizado-ago2026.xlsx
2022-01-01,62.983585,55.324901,12.159810,21435.085235,2967.281447,14341.643592,12.449935,https://www.dane.gov.co/files/operaciones/GEIH/anex-GEIH-Desestacionalizado-ago2026.xlsx
2022-02-01,64.004477,56.486227,11.746444,21922.087917,2917.803873,13969.724384,11.970112,https://www.dane.gov.co/files/operaciones/GEIH/anex-GEIH-Desestacionalizado-ago2026.xlsx
2022-03-01,63.468692,56.120346,11.577905,21765.321565,2849.930632,14168.046458,11.828053,https://www.dane.gov.co/files/operaciones/GEIH/anex-GEIH-Desestacionalizado-ago2026.xlsx
2022-04-01,63.545941,56.586199,10.952299,21931.132550,2697.389449,14128.512240,11.425549,https://www.dane.gov.co/files/operaciones/GEIH/anex-GEIH-Desestacionalizado-ago2026.xlsx
2022-05-01,63.692669,56.969245,10.556040,22219.936710,2622.363041,14161.089951,11.028748,https://www.dane.gov.co/files/operaciones/GEIH/anex-GEIH-Desestacionalizado-ago2026.xlsx
2022-06-01,63.673026,56.452009,11.340779,22047.846193,2820.233945,14187.830505,10.949706,https://www.dane.gov.co/files/operaciones/GEIH/anex-GEIH-Desestacionalizado-ago2026.xlsx
2022-07-01,63.436462,56.406457,11.081962,21998.933544,2741.753560,14260.048841,10.992927,https://www.dane.gov.co/files/operaciones/GEIH/anex-GEIH-Desestacionalizado-ago2026.xlsx
2022-08-01,63.635635,56.593620,11.066150,22131.950081,2753.906051,14220.937285,11.162963,https://www.dane.gov.co/files/operaciones/GEIH/anex-GEIH-Desestacionalizado-ago2026.xlsx
2022-09-01,64.444482,56.987091,11.571806,22299.652419,2918.155904,13913.250839,11.239973,https://www.dane.gov.co/files/operaciones/GEIH/anex-GEIH-Desestacionalizado-ago2026.xlsx
2022-10-01,63.599159,56.854795,10.604487,22240.841843,2638.305970,14239.526205,11.080814,https://www.dane.gov.co/files/operaciones/GEIH/anex-GEIH-Desestacionalizado-ago2026.xlsx
2022-11-01,63.361261,56.466508,10.881653,22140.744327,2703.460177,14366.196737,11.019315,https://www.dane.gov.co/files/operaciones/GEIH/anex-GEIH-Desestacionalizado-ago2026.xlsx
2022-12-01,63.708958,56.712034,10.982637,22252.628616,2745.447951,14239.853962,10.822926,https://www.dane.gov.co/files/operaciones/GEIH/anex-GEIH-Desestacionalizado-ago2026.xlsx
2023-01-01,63.818999,56.642579,11.244959,22263.694561,2820.733613,14221.152431,11.036416,https://www.dane.gov.co/files/operaciones/GEIH/anex-GEIH-Desestacionalizado-ago2026.xlsx
2023-02-01,63.593768,57.039659,10.306213,22452.581159,2579.900871,14330.623586,10.844603,https://www.dane.gov.co/files/operaciones/GEIH/anex-GEIH-Desestacionalizado-ago2026.xlsx
2023-03-01,64.192228,58.078379,9.524282,22866.576149,2407.139919,14098.209168,10.358484,https://www.dane.gov.co/files/operaciones/GEIH/anex-GEIH-Desestacionalizado-ago2026.xlsx
2023-04-01,64.586093,57.831543,10.458212,22745.255490,2656.577645,13928.356732,10.096236,https://www.dane.gov.co/files/operaciones/GEIH/anex-GEIH-Desestacionalizado-ago2026.xlsx
2023-05-01,63.727375,57.063061,10.457537,22548.717685,2633.432720,14333.286400,10.146677,https://www.dane.gov.co/files/operaciones/GEIH/anex-GEIH-Desestacionalizado-ago2026.xlsx
2023-06-01,64.386643,58.307583,9.441492,23068.084815,2405.043463,14089.624614,10.119081,https://www.dane.gov.co/files/operaciones/GEIH/anex-GEIH-Desestacionalizado-ago2026.xlsx
2023-07-01,64.620667,58.328349,9.737316,23074.995622,2489.273704,13996.246456,9.878782,https://www.dane.gov.co/files/operaciones/GEIH/anex-GEIH-Desestacionalizado-ago2026.xlsx
2023-08-01,64.569812,58.322577,9.675164,23114.826992,2475.949611,14041.949383,9.617991,https://www.dane.gov.co/files/operaciones/GEIH/anex-GEIH-Desestacionalizado-ago2026.xlsx
2023-09-01,64.486331,58.040776,9.995228,23013.679387,2555.719664,14081.482708,9.802569,https://www.dane.gov.co/files/operaciones/GEIH/anex-GEIH-Desestacionalizado-ago2026.xlsx
2023-10-01,63.770458,57.362196,10.048951,22765.763930,2543.294948,14378.689691,9.906448,https://www.dane.gov.co/files/operaciones/GEIH/anex-GEIH-Desestacionalizado-ago2026.xlsx
2023-11-01,64.124598,57.446966,10.413526,22848.710187,2655.932724,14268.928561,10.152568,https://www.dane.gov.co/files/operaciones/GEIH/anex-GEIH-Desestacionalizado-ago2026.xlsx
2023-12-01,63.775477,57.012102,10.604977,22697.839022,2692.656118,14421.822270,10.355818,https://www.dane.gov.co/files/operaciones/GEIH/anex-GEIH-Desestacionalizado-ago2026.xlsx
2024-01-01,63.754027,57.202796,10.275791,22822.726463,2613.804808,14461.389796,10.431431,https://www.dane.gov.co/files/operaciones/GEIH/anex-GEIH-Desestacionalizado-ago2026.xlsx
2024-02-01,63.637037,56.889631,10.602954,22701.356627,2692.498797,14510.352430,10.494574,https://www.dane.gov.co/files/operaciones/GEIH/anex-GEIH-Desestacionalizado-ago2026.xlsx
2024-03-01,63.624725,56.806939,10.715624,22695.576768,2723.850324,14532.693572,10.531456,https://www.dane.gov.co/files/operaciones/GEIH/anex-GEIH-Desestacionalizado-ago2026.xlsx
2024-04-01,63.948566,57.334325,10.343064,22895.250312,2641.257401,14396.377949,10.553881,https://www.dane.gov.co/files/operaciones/GEIH/anex-GEIH-Desestacionalizado-ago2026.xlsx
2024-05-01,63.966312,57.354678,10.336119,22977.754983,2648.790332,14436.019664,10.464936,https://www.dane.gov.co/files/operaciones/GEIH/anex-GEIH-Desestacionalizado-ago2026.xlsx
2024-06-01,63.793157,57.109933,10.476395,22911.137532,2681.149129,14525.318520,10.385193,https://www.dane.gov.co/files/operaciones/GEIH/anex-GEIH-Desestacionalizado-ago2026.xlsx
2024-07-01,63.893594,57.404062,10.156780,23053.771599,2606.230030,14500.521726,10.323098,https://www.dane.gov.co/files/operaciones/GEIH/anex-GEIH-Desestacionalizado-ago2026.xlsx
2024-08-01,64.640670,58.133456,10.066749,23369.034165,2615.831187,14214.076469,10.233308,https://www.dane.gov.co/files/operaciones/GEIH/anex-GEIH-Desestacionalizado-ago2026.xlsx
2024-09-01,63.810194,57.514994,9.865509,23133.531995,2532.039371,14556.170088,10.029680,https://www.dane.gov.co/files/operaciones/GEIH/anex-GEIH-Desestacionalizado-ago2026.xlsx
2024-10-01,63.694217,57.377380,9.917443,23112.831393,2544.556908,14624.743002,9.949901,https://www.dane.gov.co/files/operaciones/GEIH/anex-GEIH-Desestacionalizado-ago2026.xlsx
2024-11-01,63.764267,57.680728,9.540670,23260.881474,2453.305804,14612.768035,9.774541,https://www.dane.gov.co/files/operaciones/GEIH/anex-GEIH-Desestacionalizado-ago2026.xlsx
2024-12-01,64.378512,58.185923,9.619031,23498.655688,2500.905909,14385.903750,9.692381,https://www.dane.gov.co/files/operaciones/GEIH/anex-GEIH-Desestacionalizado-ago2026.xlsx
2025-01-01,64.664910,58.604760,9.371621,23738.102631,2454.689210,14312.625736,9.510441,https://www.dane.gov.co/files/operaciones/GEIH/anex-GEIH-Desestacionalizado-ago2026.xlsx
2025-02-01,64.538829,58.481462,9.385616,23683.739523,2453.103834,14361.014790,9.458756,https://www.dane.gov.co/files/operaciones/GEIH/anex-GEIH-Desestacionalizado-ago2026.xlsx
2025-03-01,64.435007,58.556576,9.123039,23740.397818,2383.272710,14418.996921,9.293426,https://www.dane.gov.co/files/operaciones/GEIH/anex-GEIH-Desestacionalizado-ago2026.xlsx
2025-04-01,63.711800,58.280105,8.525415,23616.912900,2201.091960,14705.108325,9.011357,https://www.dane.gov.co/files/operaciones/GEIH/anex-GEIH-Desestacionalizado-ago2026.xlsx
2025-05-01,63.815879,57.996776,9.118582,23553.161015,2363.205084,14694.789480,8.922345,https://www.dane.gov.co/files/operaciones/GEIH/anex-GEIH-Desestacionalizado-ago2026.xlsx
2025-06-01,63.985949,58.350978,8.806576,23720.530497,2290.698542,14640.241263,8.816857,https://www.dane.gov.co/files/operaciones/GEIH/anex-GEIH-Desestacionalizado-ago2026.xlsx
2025-07-01,64.275443,58.423626,9.104281,23782.964370,2382.144983,14542.675909,9.009813,https://www.dane.gov.co/files/operaciones/GEIH/anex-GEIH-Desestacionalizado-ago2026.xlsx
2025-08-01,64.101016,58.365076,8.948282,23770.300678,2336.071757,14620.552145,8.953046,https://www.dane.gov.co/files/operaciones/GEIH/anex-GEIH-Desestacionalizado-ago2026.xlsx
2025-09-01,64.213088,58.550193,8.818911,23865.971840,2308.284243,14587.303271,8.957158,https://www.dane.gov.co/files/operaciones/GEIH/anex-GEIH-Desestacionalizado-ago2026.xlsx
2025-10-01,64.783655,59.026971,8.886013,24087.743737,2349.189266,14371.096586,8.884402,https://www.dane.gov.co/files/operaciones/GEIH/anex-GEIH-Desestacionalizado-ago2026.xlsx
2025-11-01,64.724031,59.374603,8.264980,24242.692796,2184.175285,14403.203032,8.656634,https://www.dane.gov.co/files/operaciones/GEIH/anex-GEIH-Desestacionalizado-ago2026.xlsx
2025-12-01,64.343182,58.954196,8.375380,24126.682199,2205.413123,14592.357532,8.508791,https://www.dane.gov.co/files/operaciones/GEIH/anex-GEIH-Desestacionalizado-ago2026.xlsx
2026-01-01,64.186081,58.601973,8.699874,24069.267231,2293.530162,14709.654430,8.446745,https://www.dane.gov.co/files/operaciones/GEIH/anex-GEIH-Desestacionalizado-ago2026.xlsx
2026-02-01,64.608677,59.210842,8.354659,24320.956983,2217.170116,14537.047920,8.476638,https://www.dane.gov.co/files/operaciones/GEIH/anex-GEIH-Desestacionalizado-ago2026.xlsx
2026-03-01,64.703409,59.321254,8.318194,24378.264898,2211.814297,14505.250142,8.457576,https://www.dane.gov.co/files/operaciones/GEIH/anex-GEIH-Desestacionalizado-ago2026.xlsx
2026-04-01,64.719829,59.226912,8.487224,24319.708012,2255.497070,14486.715989,8.386692,https://www.dane.gov.co/files/operaciones/GEIH/anex-GEIH-Desestacionalizado-ago2026.xlsx
2026-05-01,64.779329,59.550881,8.071168,24503.825775,2151.386955,14492.500684,8.292195,https://www.dane.gov.co/files/operaciones/GEIH/anex-GEIH-Desestacionalizado-ago2026.xlsx
2026-06-01,64.629948,59.286458,8.267824,24418.281095,2200.820458,14567.844193,8.275405,https://www.dane.gov.co/files/operaciones/GEIH/anex-GEIH-Desestacionalizado-ago2026.xlsx
2026-07-01,64.374950,59.011248,8.331971,24333.859209,2211.774553,14690.333908,8.223654,https://www.dane.gov.co/files/operaciones/GEIH/anex-GEIH-Desestacionalizado-ago2026.xlsx
2026-08-01,63.455613,57.303196,9.695624,23647.644086,2538.954002,15080.985385,8.765140,https://www.dane.gov.co/files/operaciones/GEIH/anex-GEIH-Desestacionalizado-ago2026.xlsx
