fecha,activo,real,real_sa
2005-01-01,maquinaria_equipo,4529.6893,5742.2574
2005-04-01,maquinaria_equipo,5985.4016,6006.8552
2005-07-01,maquinaria_equipo,5726.8128,5909.5061
2005-10-01,maquinaria_equipo,7887.0963,6470.3813
2006-01-01,maquinaria_equipo,5786.9432,6981.3765
2006-04-01,maquinaria_equipo,7382.4945,7871.6422
2006-07-01,maquinaria_equipo,8196.4785,8440.3507
2006-10-01,maquinaria_equipo,10525.0837,8597.6306
2007-01-01,maquinaria_equipo,8076.9081,9725.0627
2007-04-01,maquinaria_equipo,8487.5417,8941.7448
2007-07-01,maquinaria_equipo,9584.7963,9747.1457
2007-10-01,maquinaria_equipo,11989.7539,9725.0469
2008-01-01,maquinaria_equipo,8085.5985,10215.1391
2008-04-01,maquinaria_equipo,10473.0024,10630.3738
2008-07-01,maquinaria_equipo,10060.6753,10211.1132
2008-10-01,maquinaria_equipo,12924.7238,10487.3740
2009-01-01,maquinaria_equipo,8172.2142,9718.8867
2009-04-01,maquinaria_equipo,8368.0475,8911.4934
2009-07-01,maquinaria_equipo,9580.6942,9665.3638
2009-10-01,maquinaria_equipo,11502.0441,9327.2561
2010-01-01,maquinaria_equipo,7741.5613,9663.4460
2010-04-01,maquinaria_equipo,10093.9798,10682.8369
2010-07-01,maquinaria_equipo,10668.9120,10928.3797
2010-10-01,maquinaria_equipo,14987.5470,12217.3374
2011-01-01,maquinaria_equipo,11054.7949,13206.0261
2011-04-01,maquinaria_equipo,13445.2398,14579.6465
2011-07-01,maquinaria_equipo,14821.0795,14898.0141
2011-10-01,maquinaria_equipo,16934.8857,13572.3133
2012-01-01,maquinaria_equipo,12410.0871,14771.3222
2012-04-01,maquinaria_equipo,13559.6999,14703.0014
2012-07-01,maquinaria_equipo,14183.5738,14246.4792
2012-10-01,maquinaria_equipo,18357.6392,14790.1971
2013-01-01,maquinaria_equipo,11712.0461,14716.1190
2013-04-01,maquinaria_equipo,13644.1615,14376.6912
2013-07-01,maquinaria_equipo,15615.4043,15840.8891
2013-10-01,maquinaria_equipo,20353.3881,16391.3007
2014-01-01,maquinaria_equipo,14105.6054,16628.5606
2014-04-01,maquinaria_equipo,15089.9012,16712.2267
2014-07-01,maquinaria_equipo,17345.6020,17359.4324
2014-10-01,maquinaria_equipo,20428.8914,16269.7802
2015-01-01,maquinaria_equipo,13012.6949,15598.0970
2015-04-01,maquinaria_equipo,14469.3109,15589.3787
2015-07-01,maquinaria_equipo,14593.9965,14583.9293
2015-10-01,maquinaria_equipo,18671.9977,14976.5949
2016-01-01,maquinaria_equipo,11652.0962,14280.7227
2016-04-01,maquinaria_equipo,13161.5312,13776.9466
2016-07-01,maquinaria_equipo,13384.9007,13418.9011
2016-10-01,maquinaria_equipo,17773.4719,14495.4296
2017-01-01,maquinaria_equipo,11765.4641,13582.2672
2017-04-01,maquinaria_equipo,12127.5262,13350.1566
2017-07-01,maquinaria_equipo,14405.5942,14451.0466
2017-10-01,maquinaria_equipo,18456.4156,15371.5296
2018-01-01,maquinaria_equipo,12524.2648,14994.5162
2018-04-01,maquinaria_equipo,14757.8257,15262.9723
2018-07-01,maquinaria_equipo,15547.8772,15449.1640
2018-10-01,maquinaria_equipo,18828.0322,15951.3475
2019-01-01,maquinaria_equipo,15724.6546,17283.3651
2019-04-01,maquinaria_equipo,17145.2541,18471.8257
2019-07-01,maquinaria_equipo,17378.2829,17025.8378
2019-10-01,maquinaria_equipo,18966.8084,16433.9714
2020-01-01,maquinaria_equipo,15104.1390,16340.7147
2020-04-01,maquinaria_equipo,10648.5068,11591.9241
2020-07-01,maquinaria_equipo,15639.7294,15428.9750
2020-10-01,maquinaria_equipo,18637.6247,16668.3862
2021-01-01,maquinaria_equipo,16075.5225,17630.3619
2021-04-01,maquinaria_equipo,17146.9691,18090.5787
2021-07-01,maquinaria_equipo,19546.1347,19076.1623
2021-10-01,maquinaria_equipo,21276.3736,19247.8971
2022-01-01,maquinaria_equipo,22814.4481,23743.7215
2022-04-01,maquinaria_equipo,22023.4981,24167.2473
2022-07-01,maquinaria_equipo,24560.6438,23733.5724
2022-10-01,maquinaria_equipo,27233.4100,24987.4588
2023-01-01,maquinaria_equipo,20155.9810,20617.6598
2023-04-01,maquinaria_equipo,17124.5228,18840.2217
2023-07-01,maquinaria_equipo,18700.4613,17873.4029
2023-10-01,maquinaria_equipo,18402.0350,17051.7156
2024-01-01,maquinaria_equipo,17126.5905,18427.5732
2024-04-01,maquinaria_equipo,16959.5029,17791.1784
2024-07-01,maquinaria_equipo,19748.9785,18830.4175
2024-10-01,maquinaria_equipo,21044.9280,19830.8309
2025-01-01,maquinaria_equipo,19023.3035,19311.1007
2025-04-01,maquinaria_equipo,18743.7260,20745.2351
2025-07-01,maquinaria_equipo,22374.4120,21197.9342
2025-10-01,maquinaria_equipo,21373.2261,20260.3975
2026-01-01,maquinaria_equipo,21504.3143,22396.6335
2026-04-01,maquinaria_equipo,21209.5751,22806.3230
2005-01-01,otros_edificios,7846.2773,9439.6821
2005-04-01,otros_edificios,6993.8826,8151.8513
2005-07-01,otros_edificios,8980.3590,8479.0876
2005-10-01,otros_edificios,11906.4811,9656.3788
2006-01-01,otros_edificios,7862.1905,9589.4667
2006-04-01,otros_edificios,8031.2260,9038.5331
2006-07-01,otros_edificios,10307.6562,9712.7492
2006-10-01,otros_edificios,12635.9274,10496.2510
2007-01-01,otros_edificios,9499.4042,11558.9362
2007-04-01,otros_edificios,10925.8048,11653.5555
2007-07-01,otros_edificios,12296.2277,11614.6320
2007-10-01,otros_edificios,13651.5633,11545.8763
2008-01-01,otros_edificios,7917.3844,10993.5002
2008-04-01,otros_edificios,10752.0713,10719.6563
2008-07-01,otros_edificios,11752.2963,10768.1147
2008-10-01,otros_edificios,11769.2480,9709.7288
2009-01-01,otros_edificios,8808.1389,11521.8864
2009-04-01,otros_edificios,12790.5135,12521.9221
2009-07-01,otros_edificios,13333.4730,12655.1504
2009-10-01,otros_edificios,14296.8746,12530.0411
2010-01-01,otros_edificios,9433.3599,12507.3836
2010-04-01,otros_edificios,13826.5014,13146.2986
2010-07-01,otros_edificios,13707.2086,13014.7157
2010-10-01,otros_edificios,14766.9301,13065.6021
2011-01-01,otros_edificios,9388.6436,12557.0370
2011-04-01,otros_edificios,13127.6143,12241.2200
2011-07-01,otros_edificios,13490.8664,12847.8593
2011-10-01,otros_edificios,15242.8757,13603.8837
2012-01-01,otros_edificios,9724.3789,13438.1776
2012-04-01,otros_edificios,15311.7774,13969.3992
2012-07-01,otros_edificios,14519.8746,13613.8182
2012-10-01,otros_edificios,13966.9692,12501.6050
2013-01-01,otros_edificios,11763.3314,14560.5649
2013-04-01,otros_edificios,15782.2361,14667.4843
2013-07-01,otros_edificios,15532.2834,14796.9573
2013-10-01,otros_edificios,17009.1490,16061.9935
2014-01-01,otros_edificios,13609.6921,16396.7362
2014-04-01,otros_edificios,17499.3051,16424.8070
2014-07-01,otros_edificios,17422.3339,16441.3767
2014-10-01,otros_edificios,17339.6689,16608.0801
2015-01-01,otros_edificios,14937.8990,17736.8038
2015-04-01,otros_edificios,19345.8853,18443.4932
2015-07-01,otros_edificios,20112.2601,18902.1490
2015-10-01,otros_edificios,18211.9556,17525.5540
2016-01-01,otros_edificios,14688.2561,18108.3742
2016-04-01,otros_edificios,19336.4718,18311.8109
2016-07-01,otros_edificios,19522.4701,17924.1299
2016-10-01,otros_edificios,19046.8021,18249.6849
2017-01-01,otros_edificios,15146.3025,17683.0456
2017-04-01,otros_edificios,19771.3808,19228.8700
2017-07-01,otros_edificios,21319.7696,19923.0891
2017-10-01,otros_edificios,19715.5472,19117.9953
2018-01-01,otros_edificios,14258.5894,16442.9149
2018-04-01,otros_edificios,19255.7776,19035.8948
2018-07-01,otros_edificios,20171.7158,18947.2719
2018-10-01,otros_edificios,19625.9171,18885.9184
2019-01-01,otros_edificios,16926.9649,18473.6900
2019-04-01,otros_edificios,18590.6215,18792.4311
2019-07-01,otros_edificios,19939.6064,19179.8009
2019-10-01,otros_edificios,18649.8072,17661.0780
2020-01-01,otros_edificios,15028.2036,16396.8925
2020-04-01,otros_edificios,9122.2108,9472.9339
2020-07-01,otros_edificios,12429.0902,12067.3276
2020-10-01,otros_edificios,14708.4954,13350.8460
2021-01-01,otros_edificios,14261.5023,14218.2884
2021-04-01,otros_edificios,11386.6934,12379.9771
2021-07-01,otros_edificios,11557.8279,11989.3472
2021-10-01,otros_edificios,14564.9765,13183.3874
2022-01-01,otros_edificios,13369.9431,12985.6046
2022-04-01,otros_edificios,10902.9332,12235.2948
2022-07-01,otros_edificios,11856.6721,12571.6535
2022-10-01,otros_edificios,13421.4516,11758.4472
2023-01-01,otros_edificios,12762.9730,12396.2683
2023-04-01,otros_edificios,10074.3347,11579.3949
2023-07-01,otros_edificios,10344.1262,11236.8360
2023-10-01,otros_edificios,13677.5661,11646.5008
2024-01-01,otros_edificios,12134.1852,12712.1319
2024-04-01,otros_edificios,10910.9680,12090.4669
2024-07-01,otros_edificios,10941.1346,11629.4893
2024-10-01,otros_edificios,14665.7122,12219.9119
2025-01-01,otros_edificios,11018.6639,11370.1286
2025-04-01,otros_edificios,10689.5392,11881.7061
2025-07-01,otros_edificios,11480.4036,12353.9768
2025-10-01,otros_edificios,14331.3883,11914.1835
2026-01-01,otros_edificios,10875.3553,11692.8599
2026-04-01,otros_edificios,11565.5260,12566.5568
2005-01-01,propiedad_intelectual,1038.6227,1063.1012
2005-04-01,propiedad_intelectual,1021.8713,1047.6162
2005-07-01,propiedad_intelectual,1026.6723,1036.7701
2005-10-01,propiedad_intelectual,1069.8338,1009.5124
2006-01-01,propiedad_intelectual,981.3803,988.2672
2006-04-01,propiedad_intelectual,923.0899,967.9285
2006-07-01,propiedad_intelectual,950.0781,961.5479
2006-10-01,propiedad_intelectual,1054.4517,991.2564
2007-01-01,propiedad_intelectual,1051.7523,1069.0258
2007-04-01,propiedad_intelectual,1127.8285,1164.4761
2007-07-01,propiedad_intelectual,1213.7531,1226.6944
2007-10-01,propiedad_intelectual,1358.6662,1291.8036
2008-01-01,propiedad_intelectual,1215.8797,1238.8640
2008-04-01,propiedad_intelectual,1215.1761,1247.5944
2008-07-01,propiedad_intelectual,1262.1708,1276.4513
2008-10-01,propiedad_intelectual,1379.7735,1310.0903
2009-01-01,propiedad_intelectual,1312.6117,1318.0249
2009-04-01,propiedad_intelectual,1321.5680,1370.6505
2009-07-01,propiedad_intelectual,1363.9373,1380.9153
2009-10-01,propiedad_intelectual,1439.8830,1368.4092
2010-01-01,propiedad_intelectual,1362.4411,1370.1109
2010-04-01,propiedad_intelectual,1291.1417,1337.4120
2010-07-01,propiedad_intelectual,1327.2513,1347.8368
2010-10-01,propiedad_intelectual,1429.1659,1354.6402
2011-01-01,propiedad_intelectual,1462.4056,1451.8092
2011-04-01,propiedad_intelectual,1451.0646,1517.0222
2011-07-01,propiedad_intelectual,1531.9226,1557.5082
2011-10-01,propiedad_intelectual,1671.6072,1590.6605
2012-01-01,propiedad_intelectual,1586.0505,1581.4465
2012-04-01,propiedad_intelectual,1548.3575,1611.9392
2012-07-01,propiedad_intelectual,1642.5025,1671.1048
2012-10-01,propiedad_intelectual,1830.0894,1742.5096
2013-01-01,propiedad_intelectual,1849.9274,1848.1574
2013-04-01,propiedad_intelectual,1893.3389,1957.7610
2013-07-01,propiedad_intelectual,1998.3739,2029.5206
2013-10-01,propiedad_intelectual,2158.3597,2064.5610
2014-01-01,propiedad_intelectual,2087.8267,2057.8425
2014-04-01,propiedad_intelectual,1968.9561,2063.3565
2014-07-01,propiedad_intelectual,2027.2259,2058.0849
2014-10-01,propiedad_intelectual,2214.9914,2119.7160
2015-01-01,propiedad_intelectual,2122.8708,2090.9166
2015-04-01,propiedad_intelectual,2001.8543,2094.9336
2015-07-01,propiedad_intelectual,2076.7234,2107.4095
2015-10-01,propiedad_intelectual,2203.5515,2111.7403
2016-01-01,propiedad_intelectual,1987.0291,1943.3534
2016-04-01,propiedad_intelectual,1737.2600,1832.9133
2016-07-01,propiedad_intelectual,1775.4663,1807.4692
2016-10-01,propiedad_intelectual,1896.2446,1812.2641
2017-01-01,propiedad_intelectual,1924.1982,1847.5938
2017-04-01,propiedad_intelectual,1764.4694,1880.9266
2017-07-01,propiedad_intelectual,1840.4124,1878.7920
2017-10-01,propiedad_intelectual,1954.9200,1876.6876
2018-01-01,propiedad_intelectual,1980.9252,1909.9394
2018-04-01,propiedad_intelectual,1809.4549,1912.2253
2018-07-01,propiedad_intelectual,1852.9208,1899.3976
2018-10-01,propiedad_intelectual,1954.6992,1876.4377
2019-01-01,propiedad_intelectual,1973.7287,1877.9290
2019-04-01,propiedad_intelectual,1770.2137,1895.3446
2019-07-01,propiedad_intelectual,1825.0896,1874.6870
2019-10-01,propiedad_intelectual,1977.9680,1899.0394
2020-01-01,propiedad_intelectual,1908.9250,1815.7042
2020-04-01,propiedad_intelectual,1583.2807,1705.5839
2020-07-01,propiedad_intelectual,1624.8833,1670.7215
2020-10-01,propiedad_intelectual,1801.9109,1726.9904
2021-01-01,propiedad_intelectual,1836.4104,1756.8494
2021-04-01,propiedad_intelectual,1657.3758,1764.2679
2021-07-01,propiedad_intelectual,1774.3449,1809.9693
2021-10-01,propiedad_intelectual,1885.8690,1822.9134
2022-01-01,propiedad_intelectual,1968.4895,1880.6846
2022-04-01,propiedad_intelectual,1827.6412,1938.0247
2022-07-01,propiedad_intelectual,1902.3656,1934.1305
2022-10-01,propiedad_intelectual,1980.5038,1926.1602
2023-01-01,propiedad_intelectual,1975.3842,1899.6675
2023-04-01,propiedad_intelectual,1914.4269,2010.9153
2023-07-01,propiedad_intelectual,1998.7336,2027.3714
2023-10-01,propiedad_intelectual,2025.4553,1976.0458
2024-01-01,propiedad_intelectual,2019.0141,1950.8242
2024-04-01,propiedad_intelectual,1829.9540,1919.2332
2024-07-01,propiedad_intelectual,1844.2608,1875.2243
2024-10-01,propiedad_intelectual,1972.7711,1920.7183
2025-01-01,propiedad_intelectual,2003.9038,1914.0824
2025-04-01,propiedad_intelectual,1751.4317,1866.6776
2025-07-01,propiedad_intelectual,1892.8813,1920.0672
2025-10-01,propiedad_intelectual,1931.0136,1878.4032
2026-01-01,propiedad_intelectual,1952.9326,1873.0653
2026-04-01,propiedad_intelectual,1758.5362,1865.8712
2005-01-01,recursos_biologicos,750.9800,644.9911
2005-04-01,recursos_biologicos,684.0520,655.1448
2005-07-01,recursos_biologicos,609.0173,618.3674
2005-10-01,recursos_biologicos,606.9507,732.4966
2006-01-01,recursos_biologicos,810.2973,702.8989
2006-04-01,recursos_biologicos,708.5814,680.9208
2006-07-01,recursos_biologicos,700.4655,709.0922
2006-10-01,recursos_biologicos,581.6558,708.0881
2007-01-01,recursos_biologicos,774.6550,669.2986
2007-04-01,recursos_biologicos,737.7104,708.7672
2007-07-01,recursos_biologicos,695.0062,699.5861
2007-10-01,recursos_biologicos,567.6285,697.3481
2008-01-01,recursos_biologicos,845.3784,745.0061
2008-04-01,recursos_biologicos,727.3744,695.7857
2008-07-01,recursos_biologicos,699.1114,698.7910
2008-10-01,recursos_biologicos,552.1358,684.4172
2009-01-01,recursos_biologicos,853.4773,762.2576
2009-04-01,recursos_biologicos,774.4061,737.8446
2009-07-01,recursos_biologicos,753.7287,746.0449
2009-10-01,recursos_biologicos,660.3879,795.8529
2010-01-01,recursos_biologicos,808.3221,728.9266
2010-04-01,recursos_biologicos,865.9250,824.6105
2010-07-01,recursos_biologicos,806.3368,794.4215
2010-10-01,recursos_biologicos,646.4161,779.0413
2011-01-01,recursos_biologicos,911.1505,850.5172
2011-04-01,recursos_biologicos,891.3950,841.6235
2011-07-01,recursos_biologicos,921.3722,907.2797
2011-10-01,recursos_biologicos,753.0823,877.5797
2012-01-01,recursos_biologicos,874.2252,834.3822
2012-04-01,recursos_biologicos,884.4849,828.4762
2012-07-01,recursos_biologicos,827.3868,812.3721
2012-10-01,recursos_biologicos,692.9032,803.7695
2013-01-01,recursos_biologicos,911.9603,894.6383
2013-04-01,recursos_biologicos,957.1912,893.8312
2013-07-01,recursos_biologicos,888.5691,873.5487
2013-10-01,recursos_biologicos,737.2795,832.9818
2014-01-01,recursos_biologicos,821.7791,821.1517
2014-04-01,recursos_biologicos,937.6113,873.7015
2014-07-01,recursos_biologicos,864.5647,852.1463
2014-10-01,recursos_biologicos,826.0448,903.0005
2015-01-01,recursos_biologicos,828.4088,842.5496
2015-04-01,recursos_biologicos,938.3637,875.6365
2015-07-01,recursos_biologicos,922.0205,912.6061
2015-10-01,recursos_biologicos,841.2070,899.2078
2016-01-01,recursos_biologicos,852.5122,873.8645
2016-04-01,recursos_biologicos,1070.1882,1016.2327
2016-07-01,recursos_biologicos,1064.6855,1054.0015
2016-10-01,recursos_biologicos,1006.6141,1049.9013
2017-01-01,recursos_biologicos,1038.2581,1062.2369
2017-04-01,recursos_biologicos,1042.4348,996.7493
2017-07-01,recursos_biologicos,957.2481,943.2786
2017-10-01,recursos_biologicos,967.0590,1002.7353
2018-01-01,recursos_biologicos,929.3464,949.3087
2018-04-01,recursos_biologicos,967.9049,930.8777
2018-07-01,recursos_biologicos,994.1139,977.6730
2018-10-01,recursos_biologicos,989.6348,1023.1406
2019-01-01,recursos_biologicos,987.2058,1002.1211
2019-04-01,recursos_biologicos,1053.8010,1022.0957
2019-07-01,recursos_biologicos,1139.5709,1123.0098
2019-10-01,recursos_biologicos,1006.4223,1039.7734
2020-01-01,recursos_biologicos,1017.8450,1028.4769
2020-04-01,recursos_biologicos,1067.7231,1039.2086
2020-07-01,recursos_biologicos,1050.8395,1034.1538
2020-10-01,recursos_biologicos,973.5924,1008.1607
2021-01-01,recursos_biologicos,1080.1936,1088.4067
2021-04-01,recursos_biologicos,1079.0302,1051.6385
2021-07-01,recursos_biologicos,1007.0332,990.9438
2021-10-01,recursos_biologicos,904.7430,940.0110
2022-01-01,recursos_biologicos,905.5728,911.8895
2022-04-01,recursos_biologicos,906.0088,881.7128
2022-07-01,recursos_biologicos,886.6831,871.9965
2022-10-01,recursos_biologicos,865.7353,898.4012
2023-01-01,recursos_biologicos,917.1348,923.8519
2023-04-01,recursos_biologicos,964.9663,946.2685
2023-07-01,recursos_biologicos,950.1762,935.3994
2023-10-01,recursos_biologicos,910.7226,937.4802
2024-01-01,recursos_biologicos,940.4751,949.6307
2024-04-01,recursos_biologicos,1005.7193,993.2338
2024-07-01,recursos_biologicos,1056.3497,1038.9528
2024-10-01,recursos_biologicos,1036.4559,1057.1828
2025-01-01,recursos_biologicos,1044.6571,1056.7098
2025-04-01,recursos_biologicos,1048.7175,1041.0387
2025-07-01,recursos_biologicos,1077.6740,1057.1424
2025-10-01,recursos_biologicos,1057.9785,1074.1362
2026-01-01,recursos_biologicos,1007.7003,1021.3795
2026-04-01,recursos_biologicos,1040.0457,1035.3314
2005-01-01,vivienda,6985.5509,7126.7020
2005-04-01,vivienda,6969.7726,6260.2804
2005-07-01,vivienda,5728.2593,6528.6535
2005-10-01,vivienda,7043.4172,6811.3640
2006-01-01,vivienda,7507.8336,7688.9666
2006-04-01,vivienda,7041.2115,6336.1291
2006-07-01,vivienda,6828.3673,7603.6769
2006-10-01,vivienda,9343.5875,9092.2274
2007-01-01,vivienda,9769.2795,10047.1141
2007-04-01,vivienda,11497.1542,10750.3161
2007-07-01,vivienda,8667.9454,9406.0740
2007-10-01,vivienda,8317.6210,8048.4958
2008-01-01,vivienda,6984.5523,7364.9936
2008-04-01,vivienda,7642.6268,6880.5722
2008-07-01,vivienda,6761.3687,7459.8710
2008-10-01,vivienda,8122.4522,7805.5632
2009-01-01,vivienda,7761.0488,8251.6231
2009-04-01,vivienda,9492.4857,8730.2835
2009-07-01,vivienda,8052.6172,8665.9295
2009-10-01,vivienda,8752.8484,8411.1639
2010-01-01,vivienda,7363.3808,7924.3757
2010-04-01,vivienda,9301.3587,8551.0680
2010-07-01,vivienda,7578.9882,8144.6538
2010-10-01,vivienda,8504.2722,8127.9026
2011-01-01,vivienda,8024.7192,8654.5277
2011-04-01,vivienda,8371.7899,7589.8813
2011-07-01,vivienda,7789.6676,8322.7956
2011-10-01,vivienda,9345.8234,8964.7955
2012-01-01,vivienda,7185.1977,7846.9099
2012-04-01,vivienda,8909.5522,8097.2896
2012-07-01,vivienda,8416.6563,8950.0665
2012-10-01,vivienda,8769.5938,8386.7341
2013-01-01,vivienda,8735.2082,9446.0505
2013-04-01,vivienda,10486.1688,9604.4039
2013-07-01,vivienda,6935.5479,7463.8489
2013-10-01,vivienda,9268.0751,8910.6966
2014-01-01,vivienda,8386.5165,9127.5219
2014-04-01,vivienda,10410.7254,9446.6006
2014-07-01,vivienda,9350.6040,9935.3437
2014-10-01,vivienda,10947.1541,10585.5338
2015-01-01,vivienda,9888.0353,10669.8058
2015-04-01,vivienda,11782.8277,10731.0683
2015-07-01,vivienda,10675.5944,11339.8346
2015-10-01,vivienda,10457.5426,10063.2913
2016-01-01,vivienda,9303.5963,10083.1844
2016-04-01,vivienda,11906.8430,10856.4328
2016-07-01,vivienda,9536.6057,10279.2857
2016-10-01,vivienda,11955.9549,11484.0971
2017-01-01,vivienda,10483.2665,11220.1305
2017-04-01,vivienda,11844.0334,10875.6477
2017-07-01,vivienda,9164.9212,9949.9195
2017-10-01,vivienda,10402.7789,9849.3024
2018-01-01,vivienda,9573.2450,10174.9805
2018-04-01,vivienda,11665.6436,10893.6643
2018-07-01,vivienda,9719.7721,10554.5211
2018-10-01,vivienda,10783.3394,10118.8341
2019-01-01,vivienda,9078.0027,9503.7191
2019-04-01,vivienda,10534.0672,10048.2315
2019-07-01,vivienda,8889.9292,9725.4046
2019-10-01,vivienda,9538.0008,8762.6447
2020-01-01,vivienda,6848.5625,7074.6294
2020-04-01,vivienda,5390.2965,5255.0758
2020-07-01,vivienda,6021.7934,6801.7413
2020-10-01,vivienda,7347.3476,6476.5535
2021-01-01,vivienda,8638.8635,8693.4611
2021-04-01,vivienda,8435.5968,8626.2045
2021-07-01,vivienda,8219.6362,8926.4731
2021-10-01,vivienda,10513.9035,9561.8613
2022-01-01,vivienda,8862.1174,8793.6974
2022-04-01,vivienda,8581.2627,9047.7600
2022-07-01,vivienda,8872.9293,9539.8456
2022-10-01,vivienda,10217.6907,9152.6970
2023-01-01,vivienda,9474.4416,9384.5341
2023-04-01,vivienda,8142.4500,8782.9833
2023-07-01,vivienda,8106.0976,8730.5091
2023-10-01,vivienda,9267.0107,8091.9734
2024-01-01,vivienda,8398.9566,8334.6506
2024-04-01,vivienda,7616.2312,8361.3495
2024-07-01,vivienda,7600.0847,8199.9608
2024-10-01,vivienda,10030.7275,8750.0391
2025-01-01,vivienda,7790.7862,7775.7946
2025-04-01,vivienda,6962.7652,7751.2326
2025-07-01,vivienda,7261.2136,7841.5007
2025-10-01,vivienda,9427.9259,8074.1629
2026-01-01,vivienda,7668.2379,7678.7496
2026-04-01,vivienda,6810.7186,7624.1359
