fecha,tipo,grupo,real,real_sa
2005-01-01,durabilidad,durables,2563.4111,2762.0697
2005-04-01,durabilidad,durables,2809.6374,3023.7872
2005-07-01,durabilidad,durables,2957.1582,2959.7234
2005-10-01,durabilidad,durables,3507.7932,3092.4198
2006-01-01,durabilidad,durables,2984.1639,3217.5595
2006-04-01,durabilidad,durables,3180.7434,3429.7820
2006-07-01,durabilidad,durables,3477.4782,3482.9397
2006-10-01,durabilidad,durables,4099.6146,3611.7187
2007-01-01,durabilidad,durables,3639.5412,3927.4752
2007-04-01,durabilidad,durables,3750.7731,4052.2122
2007-07-01,durabilidad,durables,4240.2298,4252.0030
2007-10-01,durabilidad,durables,4901.4559,4300.3097
2008-01-01,durabilidad,durables,3942.0861,4245.9354
2008-04-01,durabilidad,durables,3968.9218,4278.2150
2008-07-01,durabilidad,durables,4369.2740,4385.1101
2008-10-01,durabilidad,durables,4973.7181,4344.7395
2009-01-01,durabilidad,durables,3846.4682,4146.9903
2009-04-01,durabilidad,durables,3747.6404,4035.1454
2009-07-01,durabilidad,durables,4172.4917,4220.2735
2009-10-01,durabilidad,durables,5013.3997,4377.5908
2010-01-01,durabilidad,durables,4311.3780,4669.9921
2010-04-01,durabilidad,durables,4520.1504,4855.9804
2010-07-01,durabilidad,durables,4960.8526,5050.0973
2010-10-01,durabilidad,durables,6117.6190,5333.9302
2011-01-01,durabilidad,durables,5050.5649,5469.5828
2011-04-01,durabilidad,durables,5379.0719,5725.5310
2011-07-01,durabilidad,durables,5587.4979,5697.9699
2011-10-01,durabilidad,durables,6603.8654,5727.9162
2012-01-01,durabilidad,durables,5665.6294,6144.6519
2012-04-01,durabilidad,durables,5866.2607,6204.6703
2012-07-01,durabilidad,durables,5969.1427,6099.6437
2012-10-01,durabilidad,durables,7021.9673,6074.0342
2013-01-01,durabilidad,durables,5464.6405,5941.9138
2013-04-01,durabilidad,durables,5606.7035,5915.8350
2013-07-01,durabilidad,durables,5790.7238,5927.5858
2013-10-01,durabilidad,durables,6811.9322,5888.6654
2014-01-01,durabilidad,durables,5669.1123,6225.1482
2014-04-01,durabilidad,durables,6163.6174,6558.9310
2014-07-01,durabilidad,durables,6668.1315,6835.9018
2014-10-01,durabilidad,durables,8297.1388,7178.0190
2015-01-01,durabilidad,durables,6427.8844,7025.0225
2015-04-01,durabilidad,durables,6784.0919,7201.1893
2015-07-01,durabilidad,durables,6932.0181,7025.5210
2015-10-01,durabilidad,durables,8030.0055,6922.2671
2016-01-01,durabilidad,durables,6078.1624,6624.2418
2016-04-01,durabilidad,durables,6160.5614,6590.4784
2016-07-01,durabilidad,durables,6271.7817,6348.1280
2016-10-01,durabilidad,durables,7969.4945,6917.1518
2017-01-01,durabilidad,durables,5897.5862,6395.6965
2017-04-01,durabilidad,durables,5754.8618,6178.1216
2017-07-01,durabilidad,durables,6301.0542,6335.7279
2017-10-01,durabilidad,durables,7387.4978,6431.4540
2018-01-01,durabilidad,durables,6401.7662,6901.3207
2018-04-01,durabilidad,durables,6558.3335,7079.3080
2018-07-01,durabilidad,durables,7119.0874,7125.6243
2018-10-01,durabilidad,durables,8201.8129,7174.7469
2019-01-01,durabilidad,durables,7059.0375,7553.1584
2019-04-01,durabilidad,durables,7060.8099,7610.5856
2019-07-01,durabilidad,durables,7638.4312,7611.9201
2019-10-01,durabilidad,durables,8586.7214,7569.3359
2020-01-01,durabilidad,durables,6789.6127,7277.8349
2020-04-01,durabilidad,durables,4843.4906,5275.4795
2020-07-01,durabilidad,durables,6988.1035,7026.0012
2020-10-01,durabilidad,durables,8889.7932,7931.6843
2021-01-01,durabilidad,durables,7743.1656,8298.3617
2021-04-01,durabilidad,durables,7231.4026,7831.3655
2021-07-01,durabilidad,durables,8981.9269,9004.2906
2021-10-01,durabilidad,durables,10813.5049,9635.9822
2022-01-01,durabilidad,durables,9409.5713,9952.1033
2022-04-01,durabilidad,durables,9866.5982,10569.0336
2022-07-01,durabilidad,durables,10293.5921,10242.3871
2022-10-01,durabilidad,durables,10795.2383,9601.4760
2023-01-01,durabilidad,durables,9320.8198,9788.8632
2023-04-01,durabilidad,durables,8890.8003,9497.2358
2023-07-01,durabilidad,durables,9130.4562,9101.9710
2023-10-01,durabilidad,durables,10064.9237,9018.9300
2024-01-01,durabilidad,durables,8689.5318,9133.4187
2024-04-01,durabilidad,durables,8492.3734,9121.5657
2024-07-01,durabilidad,durables,9257.7267,9276.6775
2024-10-01,durabilidad,durables,11001.3682,9909.3381
2025-01-01,durabilidad,durables,9766.4662,10268.2309
2025-04-01,durabilidad,durables,9853.6557,10587.5417
2025-07-01,durabilidad,durables,11149.0636,11160.7412
2025-10-01,durabilidad,durables,12454.8099,11207.4815
2026-01-01,durabilidad,durables,11083.4356,11653.0498
2026-04-01,durabilidad,durables,11417.5612,12299.6832
2005-01-01,durabilidad,no_durables,28082.8582,28662.4291
2005-04-01,durabilidad,no_durables,28271.2496,29214.2716
2005-07-01,durabilidad,no_durables,29196.3927,29412.3993
2005-10-01,durabilidad,no_durables,31211.4995,29472.9000
2006-01-01,durabilidad,no_durables,29192.2672,29887.1792
2006-04-01,durabilidad,no_durables,29595.7758,30496.7938
2006-07-01,durabilidad,no_durables,30656.3914,30901.1239
2006-10-01,durabilidad,no_durables,33011.5656,31170.9031
2007-01-01,durabilidad,no_durables,30818.9849,31463.3693
2007-04-01,durabilidad,no_durables,30679.9397,31663.4491
2007-07-01,durabilidad,no_durables,31875.2480,32148.7282
2007-10-01,durabilidad,no_durables,34445.8274,32544.4534
2008-01-01,durabilidad,no_durables,32269.2905,32728.2744
2008-04-01,durabilidad,no_durables,31759.5095,32882.2289
2008-07-01,durabilidad,no_durables,32816.6791,33174.9004
2008-10-01,durabilidad,no_durables,35660.5209,33720.5963
2009-01-01,durabilidad,no_durables,33079.2415,33759.3592
2009-04-01,durabilidad,no_durables,32770.8162,33767.8376
2009-07-01,durabilidad,no_durables,33670.3742,34000.3348
2009-10-01,durabilidad,no_durables,36317.5681,34310.4684
2010-01-01,durabilidad,no_durables,33883.4758,34479.3181
2010-04-01,durabilidad,no_durables,33693.1654,34738.4965
2010-07-01,durabilidad,no_durables,34689.8603,35069.2375
2010-10-01,durabilidad,no_durables,37347.4986,35326.9479
2011-01-01,durabilidad,no_durables,34272.0272,34947.7128
2011-04-01,durabilidad,no_durables,35121.1500,36065.2961
2011-07-01,durabilidad,no_durables,35797.6500,36218.9328
2011-10-01,durabilidad,no_durables,38616.1728,36575.0583
2012-01-01,durabilidad,no_durables,36585.9564,37090.6636
2012-04-01,durabilidad,no_durables,36542.5835,37632.6991
2012-07-01,durabilidad,no_durables,37602.3113,38119.6507
2012-10-01,durabilidad,no_durables,40419.1488,38306.9867
2013-01-01,durabilidad,no_durables,38459.0038,39121.7154
2013-04-01,durabilidad,no_durables,38728.3746,39871.3863
2013-07-01,durabilidad,no_durables,39284.4116,39758.0413
2013-10-01,durabilidad,no_durables,42123.2100,39843.8571
2014-01-01,durabilidad,no_durables,39399.9420,40217.8835
2014-04-01,durabilidad,no_durables,39422.0951,40490.1660
2014-07-01,durabilidad,no_durables,40211.2769,40705.4240
2014-10-01,durabilidad,no_durables,43842.6860,41462.5265
2015-01-01,durabilidad,no_durables,40952.9741,41721.7099
2015-04-01,durabilidad,no_durables,40806.1029,42016.7005
2015-07-01,durabilidad,no_durables,42033.8280,42503.0129
2015-10-01,durabilidad,no_durables,44990.0950,42541.5767
2016-01-01,durabilidad,no_durables,41697.9148,42295.7658
2016-04-01,durabilidad,no_durables,40837.3033,42189.0940
2016-07-01,durabilidad,no_durables,41645.1975,42130.9169
2016-10-01,durabilidad,no_durables,45016.5844,42581.2234
2017-01-01,durabilidad,no_durables,41996.6508,42968.2215
2017-04-01,durabilidad,no_durables,42143.8084,43375.8820
2017-07-01,durabilidad,no_durables,43610.8608,44007.8863
2017-10-01,durabilidad,no_durables,46271.6801,43671.0103
2018-01-01,durabilidad,no_durables,43389.8958,44208.8540
2018-04-01,durabilidad,no_durables,43260.2749,44713.0526
2018-07-01,durabilidad,no_durables,44256.2159,44639.2363
2018-10-01,durabilidad,no_durables,46636.6134,43981.8571
2019-01-01,durabilidad,no_durables,43806.2840,44778.0425
2019-04-01,durabilidad,no_durables,44312.9562,45715.9705
2019-07-01,durabilidad,no_durables,45845.5483,46264.7414
2019-10-01,durabilidad,no_durables,49476.2115,46682.2455
2020-01-01,durabilidad,no_durables,49073.1856,49946.2001
2020-04-01,durabilidad,no_durables,44643.6915,46224.8827
2020-07-01,durabilidad,no_durables,47156.1104,47664.0227
2020-10-01,durabilidad,no_durables,53089.0126,50126.8945
2021-01-01,durabilidad,no_durables,49259.0138,50338.4091
2021-04-01,durabilidad,no_durables,48302.8636,49990.8417
2021-07-01,durabilidad,no_durables,51927.3442,52362.8708
2021-10-01,durabilidad,no_durables,56783.7784,53580.8784
2022-01-01,durabilidad,no_durables,53016.4727,54278.0213
2022-04-01,durabilidad,no_durables,53829.7240,55430.7317
2022-07-01,durabilidad,no_durables,55535.8749,55921.0960
2022-10-01,durabilidad,no_durables,59097.9284,55850.1510
2023-01-01,durabilidad,no_durables,54484.8260,55661.4971
2023-04-01,durabilidad,no_durables,54337.5276,55847.3527
2023-07-01,durabilidad,no_durables,55349.2076,55655.8785
2023-10-01,durabilidad,no_durables,57744.4388,54751.2717
2024-01-01,durabilidad,no_durables,54235.3231,55099.7746
2024-04-01,durabilidad,no_durables,53717.8305,55300.3811
2024-07-01,durabilidad,no_durables,54870.6744,55255.1481
2024-10-01,durabilidad,no_durables,58496.1721,55664.6962
2025-01-01,durabilidad,no_durables,55480.2015,56820.4190
2025-04-01,durabilidad,no_durables,55986.2196,57271.2542
2025-07-01,durabilidad,no_durables,57185.5796,57471.1693
2025-10-01,durabilidad,no_durables,60288.8197,57377.9778
2026-01-01,durabilidad,no_durables,56589.9229,57768.2842
2026-04-01,durabilidad,no_durables,56857.3447,58286.2612
2005-01-01,durabilidad,semidurables,4806.6660,6078.7831
2005-04-01,durabilidad,semidurables,5738.2977,6557.0762
2005-07-01,durabilidad,semidurables,5841.5235,6383.8484
2005-10-01,durabilidad,semidurables,8919.5128,6286.2923
2006-01-01,durabilidad,semidurables,5148.3970,6527.4547
2006-04-01,durabilidad,semidurables,6028.3958,6754.1568
2006-07-01,durabilidad,semidurables,6347.0091,6911.1981
2006-10-01,durabilidad,semidurables,9650.1981,6981.1903
2007-01-01,durabilidad,semidurables,5798.2572,7126.5190
2007-04-01,durabilidad,semidurables,6332.0618,7147.7166
2007-07-01,durabilidad,semidurables,6620.0678,7224.4783
2007-10-01,durabilidad,semidurables,10003.6132,7255.2861
2008-01-01,durabilidad,semidurables,6012.6528,7319.8693
2008-04-01,durabilidad,semidurables,6504.0621,7419.4381
2008-07-01,durabilidad,semidurables,6806.0930,7459.9843
2008-10-01,durabilidad,semidurables,10220.1921,7343.7083
2009-01-01,durabilidad,semidurables,5874.7114,7340.8843
2009-04-01,durabilidad,semidurables,6409.6457,7280.3566
2009-07-01,durabilidad,semidurables,6439.4651,7165.3592
2009-10-01,durabilidad,semidurables,10162.1778,7099.3999
2010-01-01,durabilidad,semidurables,6119.4490,7639.0808
2010-04-01,durabilidad,semidurables,6861.0513,7830.1482
2010-07-01,durabilidad,semidurables,7507.7300,8298.9711
2010-10-01,durabilidad,semidurables,11681.7698,8401.7999
2011-01-01,durabilidad,semidurables,6826.6873,8567.1845
2011-04-01,durabilidad,semidurables,8235.8050,9132.1378
2011-07-01,durabilidad,semidurables,8553.1928,9429.8469
2011-10-01,durabilidad,semidurables,13348.3149,9834.8309
2012-01-01,durabilidad,semidurables,7958.1493,9743.6052
2012-04-01,durabilidad,semidurables,8853.0901,9847.5927
2012-07-01,durabilidad,semidurables,9013.5354,9958.2787
2012-10-01,durabilidad,semidurables,13530.2252,9805.5233
2013-01-01,durabilidad,semidurables,8151.9060,9957.0327
2013-04-01,durabilidad,semidurables,8954.3508,10061.7456
2013-07-01,durabilidad,semidurables,9087.4618,10113.0165
2013-10-01,durabilidad,semidurables,14116.2814,10178.2053
2014-01-01,durabilidad,semidurables,8343.8139,10317.1864
2014-04-01,durabilidad,semidurables,9511.4649,10604.8195
2014-07-01,durabilidad,semidurables,9359.2990,10454.5848
2014-10-01,durabilidad,semidurables,15102.4223,10940.4093
2015-01-01,durabilidad,semidurables,8785.4503,10740.9221
2015-04-01,durabilidad,semidurables,9522.1278,10807.7396
2015-07-01,durabilidad,semidurables,9864.2421,11004.0107
2015-10-01,durabilidad,semidurables,15374.1798,10993.3276
2016-01-01,durabilidad,semidurables,9117.3832,11120.1919
2016-04-01,durabilidad,semidurables,9728.1484,11136.4148
2016-07-01,durabilidad,semidurables,10025.9154,11200.5923
2016-10-01,durabilidad,semidurables,15995.5529,11409.8010
2017-01-01,durabilidad,semidurables,8983.3295,11183.5082
2017-04-01,durabilidad,semidurables,9838.2801,11226.2997
2017-07-01,durabilidad,semidurables,10249.6593,11440.6817
2017-10-01,durabilidad,semidurables,16161.7312,11382.5104
2018-01-01,durabilidad,semidurables,9477.0788,11676.5564
2018-04-01,durabilidad,semidurables,10366.5597,11944.2675
2018-07-01,durabilidad,semidurables,10529.4130,11751.7112
2018-10-01,durabilidad,semidurables,16592.9486,11593.4650
2019-01-01,durabilidad,semidurables,9498.9665,11946.3984
2019-04-01,durabilidad,semidurables,10431.0205,11989.9321
2019-07-01,durabilidad,semidurables,10970.8064,12203.8023
2019-10-01,durabilidad,semidurables,17671.2066,12431.8671
2020-01-01,durabilidad,semidurables,9165.1948,11738.8865
2020-04-01,durabilidad,semidurables,4916.9034,6544.4703
2020-07-01,durabilidad,semidurables,8642.9838,9898.5890
2020-10-01,durabilidad,semidurables,17550.9181,12094.0541
2021-01-01,durabilidad,semidurables,9422.3454,12034.2946
2021-04-01,durabilidad,semidurables,9383.8913,11100.7231
2021-07-01,durabilidad,semidurables,12415.8234,13726.5716
2021-10-01,durabilidad,semidurables,21219.9399,15580.4108
2022-01-01,durabilidad,semidurables,12629.1079,15369.9766
2022-04-01,durabilidad,semidurables,14408.7237,16043.3699
2022-07-01,durabilidad,semidurables,14546.3259,15957.7715
2022-10-01,durabilidad,semidurables,21754.8425,15967.8821
2023-01-01,durabilidad,semidurables,12105.0085,14773.2054
2023-04-01,durabilidad,semidurables,12576.6835,14320.8701
2023-07-01,durabilidad,semidurables,12599.1366,14110.6296
2023-10-01,durabilidad,semidurables,18961.1714,13037.2948
2024-01-01,durabilidad,semidurables,10903.5158,13525.6715
2024-04-01,durabilidad,semidurables,11745.3012,13584.2704
2024-07-01,durabilidad,semidurables,12170.4738,13745.5308
2024-10-01,durabilidad,semidurables,20044.7093,14008.5273
2025-01-01,durabilidad,semidurables,11601.7734,14375.8627
2025-04-01,durabilidad,semidurables,12818.8299,14562.1147
2025-07-01,durabilidad,semidurables,13223.3779,14821.0298
2025-10-01,durabilidad,semidurables,21124.2894,15009.2632
2026-01-01,durabilidad,semidurables,12246.5585,14999.3425
2026-04-01,durabilidad,semidurables,13488.0035,15287.1133
2005-01-01,durabilidad,servicios,45940.4304,46840.3934
2005-04-01,durabilidad,servicios,47459.4159,47357.4349
2005-07-01,durabilidad,servicios,47834.3933,47697.9841
2005-10-01,durabilidad,servicios,50017.7603,49356.1875
2006-01-01,durabilidad,servicios,49074.3273,50045.2374
2006-04-01,durabilidad,servicios,50814.3731,50719.9570
2006-07-01,durabilidad,servicios,51251.4715,51052.6405
2006-10-01,durabilidad,servicios,52426.8280,51749.1650
2007-01-01,durabilidad,servicios,51686.4881,52730.0737
2007-04-01,durabilidad,servicios,53928.1015,53868.0285
2007-07-01,durabilidad,servicios,54917.9206,54641.4661
2007-10-01,durabilidad,servicios,55780.4898,55073.4318
2008-01-01,durabilidad,servicios,54425.5751,55561.6777
2008-04-01,durabilidad,servicios,55973.5356,55942.7279
2008-07-01,durabilidad,servicios,57253.8764,56889.8336
2008-10-01,durabilidad,servicios,58346.0130,57604.7608
2009-01-01,durabilidad,servicios,55883.7779,56998.3139
2009-04-01,durabilidad,servicios,57802.8123,57794.3751
2009-07-01,durabilidad,servicios,58313.9190,57948.5416
2009-10-01,durabilidad,servicios,59206.4909,58465.7694
2010-01-01,durabilidad,servicios,57931.8669,59052.2766
2010-04-01,durabilidad,servicios,59773.1710,59789.1256
2010-07-01,durabilidad,servicios,60934.1038,60558.6948
2010-10-01,durabilidad,servicios,61989.8583,61228.9029
2011-01-01,durabilidad,servicios,60710.8328,61843.2166
2011-04-01,durabilidad,servicios,62574.9696,62612.0740
2011-07-01,durabilidad,servicios,63746.0025,63372.8949
2011-10-01,durabilidad,servicios,65093.1951,64296.8144
2012-01-01,durabilidad,servicios,64260.4270,65446.8238
2012-04-01,durabilidad,servicios,65945.2740,66056.8536
2012-07-01,durabilidad,servicios,67149.5482,66741.6215
2012-10-01,durabilidad,servicios,68275.7508,67385.7012
2013-01-01,durabilidad,servicios,67352.7563,68582.0079
2013-04-01,durabilidad,servicios,69749.5942,69981.4430
2013-07-01,durabilidad,servicios,70755.0593,70316.9001
2013-10-01,durabilidad,servicios,72568.5902,71545.6491
2014-01-01,durabilidad,servicios,70967.3110,72317.3754
2014-04-01,durabilidad,servicios,72320.5242,72686.3878
2014-07-01,durabilidad,servicios,73933.9148,73383.6370
2014-10-01,durabilidad,servicios,75419.2500,74253.5998
2015-01-01,durabilidad,servicios,72901.7268,74392.1425
2015-04-01,durabilidad,servicios,74867.7665,75301.3182
2015-07-01,durabilidad,servicios,77004.4172,76347.7310
2015-10-01,durabilidad,servicios,78089.0895,76821.8084
2016-01-01,durabilidad,servicios,75939.5547,77611.9105
2016-04-01,durabilidad,servicios,77081.5582,77499.8216
2016-07-01,durabilidad,servicios,79147.1220,78419.5034
2016-10-01,durabilidad,servicios,79946.7651,78583.7645
2017-01-01,durabilidad,servicios,77535.7615,79323.4837
2017-04-01,durabilidad,servicios,79609.7093,80001.2121
2017-07-01,durabilidad,servicios,80997.7997,80323.6089
2017-10-01,durabilidad,servicios,82669.7294,81164.6954
2018-01-01,durabilidad,servicios,79645.2469,81675.6685
2018-04-01,durabilidad,servicios,82032.3252,82395.5648
2018-07-01,durabilidad,servicios,83502.6703,82800.7472
2018-10-01,durabilidad,servicios,85118.7575,83427.0195
2019-01-01,durabilidad,servicios,82487.4877,84856.5195
2019-04-01,durabilidad,servicios,85273.7554,85685.6445
2019-07-01,durabilidad,servicios,87299.9380,86520.9355
2019-10-01,durabilidad,servicios,89358.8188,87356.9005
2020-01-01,durabilidad,servicios,84928.1604,87648.8044
2020-04-01,durabilidad,servicios,68531.6076,68805.5167
2020-07-01,durabilidad,servicios,76595.0096,75772.4694
2020-10-01,durabilidad,servicios,86952.2224,84780.2095
2021-01-01,durabilidad,servicios,86406.7206,89467.9355
2021-04-01,durabilidad,servicios,87794.6776,88300.7651
2021-07-01,durabilidad,servicios,93007.4098,92179.8058
2021-10-01,durabilidad,servicios,101127.1921,98387.4936
2022-01-01,durabilidad,servicios,96521.1161,100218.3828
2022-04-01,durabilidad,servicios,101748.2120,102292.0361
2022-07-01,durabilidad,servicios,105160.3291,104294.7016
2022-10-01,durabilidad,servicios,108718.3429,105342.8795
2023-01-01,durabilidad,servicios,100943.9656,104883.6670
2023-04-01,durabilidad,servicios,105166.3880,105737.6506
2023-07-01,durabilidad,servicios,106872.8283,106109.9420
2023-10-01,durabilidad,servicios,112584.8182,108836.7404
2024-01-01,durabilidad,servicios,103653.5517,107684.9022
2024-04-01,durabilidad,servicios,109250.7148,109968.6682
2024-07-01,durabilidad,servicios,111726.1817,110969.1938
2024-10-01,durabilidad,servicios,116436.5518,112444.2358
2025-01-01,durabilidad,servicios,108702.6675,112667.5303
2025-04-01,durabilidad,servicios,111798.0449,112668.2385
2025-07-01,durabilidad,servicios,114230.8518,113375.3917
2025-10-01,durabilidad,servicios,117422.8823,113443.2859
2026-01-01,durabilidad,servicios,110555.3013,114453.0957
2026-04-01,durabilidad,servicios,114016.0165,115035.2125
2005-01-01,finalidad,alcohol_tabaco,2880.1326,3161.8813
2005-04-01,finalidad,alcohol_tabaco,2975.2019,3139.0868
2005-07-01,finalidad,alcohol_tabaco,3011.4901,3169.3838
2005-10-01,finalidad,alcohol_tabaco,3787.1754,3183.6482
2006-01-01,finalidad,alcohol_tabaco,2980.9831,3275.6928
2006-04-01,finalidad,alcohol_tabaco,3091.9181,3262.4471
2006-07-01,finalidad,alcohol_tabaco,3146.3390,3311.6522
2006-10-01,finalidad,alcohol_tabaco,3941.7597,3311.2078
2007-01-01,finalidad,alcohol_tabaco,3060.1024,3358.6948
2007-04-01,finalidad,alcohol_tabaco,3276.4185,3450.3811
2007-07-01,finalidad,alcohol_tabaco,3288.8327,3465.5415
2007-10-01,finalidad,alcohol_tabaco,4151.6464,3502.3826
2008-01-01,finalidad,alcohol_tabaco,3235.1209,3470.5192
2008-04-01,finalidad,alcohol_tabaco,3258.6293,3463.7803
2008-07-01,finalidad,alcohol_tabaco,3289.5565,3498.5561
2008-10-01,finalidad,alcohol_tabaco,4229.6933,3580.1445
2009-01-01,finalidad,alcohol_tabaco,3254.7589,3597.2013
2009-04-01,finalidad,alcohol_tabaco,3428.6794,3600.8140
2009-07-01,finalidad,alcohol_tabaco,3420.6115,3596.6890
2009-10-01,finalidad,alcohol_tabaco,4260.9502,3570.2957
2010-01-01,finalidad,alcohol_tabaco,3266.2550,3596.5800
2010-04-01,finalidad,alcohol_tabaco,3314.3648,3468.2166
2010-07-01,finalidad,alcohol_tabaco,3355.1985,3531.2879
2010-10-01,finalidad,alcohol_tabaco,4105.1816,3444.9154
2011-01-01,finalidad,alcohol_tabaco,3146.5197,3469.5417
2011-04-01,finalidad,alcohol_tabaco,3381.0088,3535.9069
2011-07-01,finalidad,alcohol_tabaco,3415.2151,3609.5837
2011-10-01,finalidad,alcohol_tabaco,4299.2564,3626.9677
2012-01-01,finalidad,alcohol_tabaco,3342.2426,3604.8937
2012-04-01,finalidad,alcohol_tabaco,3512.8210,3708.1909
2012-07-01,finalidad,alcohol_tabaco,3515.5139,3754.0047
2012-10-01,finalidad,alcohol_tabaco,4497.4225,3800.9108
2013-01-01,finalidad,alcohol_tabaco,3561.9326,3950.1281
2013-04-01,finalidad,alcohol_tabaco,3720.3760,3888.2233
2013-07-01,finalidad,alcohol_tabaco,3699.4405,3914.1525
2013-10-01,finalidad,alcohol_tabaco,4722.2509,3951.4961
2014-01-01,finalidad,alcohol_tabaco,3594.1803,3967.2943
2014-04-01,finalidad,alcohol_tabaco,3895.9029,4083.0230
2014-07-01,finalidad,alcohol_tabaco,3833.9296,4066.3871
2014-10-01,finalidad,alcohol_tabaco,4903.9872,4111.2956
2015-01-01,finalidad,alcohol_tabaco,3659.9541,4021.2400
2015-04-01,finalidad,alcohol_tabaco,3852.4064,4045.3818
2015-07-01,finalidad,alcohol_tabaco,3825.3319,4052.4253
2015-10-01,finalidad,alcohol_tabaco,4949.3076,4167.9529
2016-01-01,finalidad,alcohol_tabaco,4054.6272,4329.8808
2016-04-01,finalidad,alcohol_tabaco,4110.4474,4382.9728
2016-07-01,finalidad,alcohol_tabaco,4211.6619,4486.1055
2016-10-01,finalidad,alcohol_tabaco,5359.2635,4537.0410
2017-01-01,finalidad,alcohol_tabaco,4549.1834,4963.8222
2017-04-01,finalidad,alcohol_tabaco,4694.8584,4969.5230
2017-07-01,finalidad,alcohol_tabaco,4744.7597,4985.4103
2017-10-01,finalidad,alcohol_tabaco,5819.1985,4889.2445
2018-01-01,finalidad,alcohol_tabaco,4464.9164,4838.7574
2018-04-01,finalidad,alcohol_tabaco,4513.9652,4799.1626
2018-07-01,finalidad,alcohol_tabaco,4606.2571,4855.8629
2018-10-01,finalidad,alcohol_tabaco,5744.8613,4836.2171
2019-01-01,finalidad,alcohol_tabaco,4567.0510,4934.8430
2019-04-01,finalidad,alcohol_tabaco,4639.4921,4926.1293
2019-07-01,finalidad,alcohol_tabaco,4789.5017,5063.3927
2019-10-01,finalidad,alcohol_tabaco,5904.9552,4976.6350
2020-01-01,finalidad,alcohol_tabaco,4937.7197,5224.0704
2020-04-01,finalidad,alcohol_tabaco,4347.5811,4684.4661
2020-07-01,finalidad,alcohol_tabaco,4682.8006,5025.2771
2020-10-01,finalidad,alcohol_tabaco,6341.8985,5376.1864
2021-01-01,finalidad,alcohol_tabaco,4913.1800,5392.0510
2021-04-01,finalidad,alcohol_tabaco,4969.7318,5326.6288
2021-07-01,finalidad,alcohol_tabaco,5650.0600,6017.9395
2021-10-01,finalidad,alcohol_tabaco,7522.0282,6318.3808
2022-01-01,finalidad,alcohol_tabaco,5668.3288,6209.9579
2022-04-01,finalidad,alcohol_tabaco,6033.6822,6444.3224
2022-07-01,finalidad,alcohol_tabaco,6586.1240,6967.4310
2022-10-01,finalidad,alcohol_tabaco,8138.8651,6805.2887
2023-01-01,finalidad,alcohol_tabaco,6182.1936,6734.3785
2023-04-01,finalidad,alcohol_tabaco,6415.5383,6789.7766
2023-07-01,finalidad,alcohol_tabaco,6548.2921,6862.6943
2023-10-01,finalidad,alcohol_tabaco,7636.9760,6396.1506
2024-01-01,finalidad,alcohol_tabaco,6140.3049,6534.8695
2024-04-01,finalidad,alcohol_tabaco,5911.0703,6330.7034
2024-07-01,finalidad,alcohol_tabaco,6081.4253,6422.5106
2024-10-01,finalidad,alcohol_tabaco,7563.1995,6407.9166
2025-01-01,finalidad,alcohol_tabaco,5951.9682,6540.3730
2025-04-01,finalidad,alcohol_tabaco,6223.0678,6606.7042
2025-07-01,finalidad,alcohol_tabaco,6432.5206,6715.1792
2025-10-01,finalidad,alcohol_tabaco,7968.3733,6713.6736
2026-01-01,finalidad,alcohol_tabaco,6213.7723,6805.1913
2026-04-01,finalidad,alcohol_tabaco,6602.4061,7003.8588
2005-01-01,finalidad,alimentos,15498.7254,15994.1271
2005-04-01,finalidad,alimentos,16007.2598,16283.0183
2005-07-01,finalidad,alimentos,16417.7955,16396.1061
2005-10-01,finalidad,alimentos,17185.2193,16435.7486
2006-01-01,finalidad,alimentos,16075.1571,16580.6349
2006-04-01,finalidad,alimentos,16744.3266,17038.8250
2006-07-01,finalidad,alimentos,17007.6878,16989.8780
2006-10-01,finalidad,alimentos,17930.8286,17148.6621
2007-01-01,finalidad,alimentos,16793.9006,17293.5944
2007-04-01,finalidad,alimentos,17122.5673,17426.8948
2007-07-01,finalidad,alimentos,17761.6579,17753.5791
2007-10-01,finalidad,alimentos,18614.8742,17818.9316
2008-01-01,finalidad,alimentos,17411.5526,17819.4161
2008-04-01,finalidad,alimentos,17586.1062,17945.4700
2008-07-01,finalidad,alimentos,18056.7479,18084.7520
2008-10-01,finalidad,alimentos,19221.5934,18426.3618
2009-01-01,finalidad,alimentos,18075.4670,18572.2421
2009-04-01,finalidad,alimentos,18181.2302,18512.6799
2009-07-01,finalidad,alimentos,18672.4708,18667.6360
2009-10-01,finalidad,alimentos,19654.8320,18831.4420
2010-01-01,finalidad,alimentos,18628.7829,19104.4881
2010-04-01,finalidad,alimentos,18959.8093,19288.9725
2010-07-01,finalidad,alimentos,19418.8303,19424.0170
2010-10-01,finalidad,alimentos,20455.5775,19645.5224
2011-01-01,finalidad,alimentos,18886.2104,19342.8871
2011-04-01,finalidad,alimentos,19648.7997,19960.1861
2011-07-01,finalidad,alimentos,19987.5107,20004.3652
2011-10-01,finalidad,alimentos,21096.4792,20311.5616
2012-01-01,finalidad,alimentos,20329.8373,20701.7538
2012-04-01,finalidad,alimentos,20655.7766,21004.5733
2012-07-01,finalidad,alimentos,21175.5157,21229.4340
2012-10-01,finalidad,alimentos,22066.8704,21292.2388
2013-01-01,finalidad,alimentos,21104.2914,21586.3597
2013-04-01,finalidad,alimentos,21643.0132,21957.3971
2013-07-01,finalidad,alimentos,21928.1598,21945.6322
2013-10-01,finalidad,alimentos,22813.5355,21999.6110
2014-01-01,finalidad,alimentos,21684.5664,22151.6652
2014-04-01,finalidad,alimentos,21894.3944,22219.8317
2014-07-01,finalidad,alimentos,22415.0529,22439.9973
2014-10-01,finalidad,alimentos,23749.9863,22932.5058
2015-01-01,finalidad,alimentos,22546.6747,23008.1612
2015-04-01,finalidad,alimentos,22654.9716,22988.7255
2015-07-01,finalidad,alimentos,23310.0494,23318.6592
2015-10-01,finalidad,alimentos,24213.3043,23409.4540
2016-01-01,finalidad,alimentos,23072.3034,23420.9609
2016-04-01,finalidad,alimentos,23014.0051,23402.1343
2016-07-01,finalidad,alimentos,23290.0474,23318.3947
2016-10-01,finalidad,alimentos,24317.6441,23552.5101
2017-01-01,finalidad,alimentos,23261.0729,23741.2213
2017-04-01,finalidad,alimentos,23557.7706,23917.5426
2017-07-01,finalidad,alimentos,24308.0006,24281.8768
2017-10-01,finalidad,alimentos,25151.1559,24337.3593
2018-01-01,finalidad,alimentos,24048.2264,24515.5802
2018-04-01,finalidad,alimentos,24393.1449,24759.5429
2018-07-01,finalidad,alimentos,24901.0626,24874.4811
2018-10-01,finalidad,alimentos,25396.5661,24589.3958
2019-01-01,finalidad,alimentos,24522.7871,24987.6214
2019-04-01,finalidad,alimentos,25145.9124,25524.5830
2019-07-01,finalidad,alimentos,25878.2155,25873.7994
2019-10-01,finalidad,alimentos,27187.0850,26347.9962
2020-01-01,finalidad,alimentos,27876.1126,28255.0556
2020-04-01,finalidad,alimentos,27044.7794,27504.0978
2020-07-01,finalidad,alimentos,27428.1169,27475.0499
2020-10-01,finalidad,alimentos,29234.9911,28349.7968
2021-01-01,finalidad,alimentos,28024.4109,28554.2572
2021-04-01,finalidad,alimentos,27765.3696,28183.7101
2021-07-01,finalidad,alimentos,28973.2917,28977.9549
2021-10-01,finalidad,alimentos,30361.9278,29409.0777
2022-01-01,finalidad,alimentos,29306.3420,29823.5039
2022-04-01,finalidad,alimentos,29899.9249,30339.6449
2022-07-01,finalidad,alimentos,30437.5792,30433.7782
2022-10-01,finalidad,alimentos,31501.1539,30548.0730
2023-01-01,finalidad,alimentos,29918.1250,30414.8690
2023-04-01,finalidad,alimentos,29864.6922,30272.8040
2023-07-01,finalidad,alimentos,30341.6882,30314.0794
2023-10-01,finalidad,alimentos,31180.4946,30303.2477
2024-01-01,finalidad,alimentos,30149.3742,30490.7957
2024-04-01,finalidad,alimentos,30375.8723,30850.0067
2024-07-01,finalidad,alimentos,31008.1844,31019.6001
2024-10-01,finalidad,alimentos,32011.5691,31184.5975
2025-01-01,finalidad,alimentos,31131.9864,31643.3967
2025-04-01,finalidad,alimentos,31407.7729,31832.7785
2025-07-01,finalidad,alimentos,31926.6074,31858.9767
2025-10-01,finalidad,alimentos,32561.2432,31692.4580
2026-01-01,finalidad,alimentos,31374.9882,31850.9873
2026-04-01,finalidad,alimentos,31134.0680,31560.1151
2005-01-01,finalidad,comunicaciones,1945.7181,2013.8233
2005-04-01,finalidad,comunicaciones,2112.3579,2134.1068
2005-07-01,finalidad,comunicaciones,2037.0503,2042.3896
2005-10-01,finalidad,comunicaciones,2729.8737,2634.6803
2006-01-01,finalidad,comunicaciones,2660.6821,2730.7839
2006-04-01,finalidad,comunicaciones,2930.3807,2954.5780
2006-07-01,finalidad,comunicaciones,2755.3703,2759.4981
2006-10-01,finalidad,comunicaciones,3050.5669,2952.1399
2007-01-01,finalidad,comunicaciones,3046.1940,3123.2260
2007-04-01,finalidad,comunicaciones,3187.5195,3214.2841
2007-07-01,finalidad,comunicaciones,3587.0726,3585.2041
2007-10-01,finalidad,comunicaciones,3553.2138,3451.2858
2008-01-01,finalidad,comunicaciones,3472.9204,3556.6916
2008-04-01,finalidad,comunicaciones,3592.7275,3626.5329
2008-07-01,finalidad,comunicaciones,3905.2124,3896.5345
2008-10-01,finalidad,comunicaciones,3852.1397,3743.2410
2009-01-01,finalidad,comunicaciones,3620.5641,3710.7146
2009-04-01,finalidad,comunicaciones,3639.9574,3682.3085
2009-07-01,finalidad,comunicaciones,3543.2040,3530.7197
2009-10-01,finalidad,comunicaciones,3877.2745,3757.2573
2010-01-01,finalidad,comunicaciones,3778.9429,3872.1596
2010-04-01,finalidad,comunicaciones,3995.7593,4045.1072
2010-07-01,finalidad,comunicaciones,4106.9375,4103.4414
2010-10-01,finalidad,comunicaciones,4311.3602,4172.2919
2011-01-01,finalidad,comunicaciones,4114.4545,4209.0413
2011-04-01,finalidad,comunicaciones,4294.5124,4349.2138
2011-07-01,finalidad,comunicaciones,4463.8471,4476.2394
2011-10-01,finalidad,comunicaciones,4666.1860,4504.5056
2012-01-01,finalidad,comunicaciones,4470.3740,4562.1718
2012-04-01,finalidad,comunicaciones,4516.4662,4584.4778
2012-07-01,finalidad,comunicaciones,4683.1039,4701.6500
2012-10-01,finalidad,comunicaciones,4954.0559,4775.7004
2013-01-01,finalidad,comunicaciones,4742.3382,4828.3951
2013-04-01,finalidad,comunicaciones,4815.0011,4904.0862
2013-07-01,finalidad,comunicaciones,4952.8411,4969.8205
2013-10-01,finalidad,comunicaciones,5284.8195,5092.6982
2014-01-01,finalidad,comunicaciones,5164.5661,5251.9119
2014-04-01,finalidad,comunicaciones,5186.7446,5291.0562
2014-07-01,finalidad,comunicaciones,5207.7839,5229.1441
2014-10-01,finalidad,comunicaciones,5468.9054,5255.8878
2015-01-01,finalidad,comunicaciones,5099.1345,5200.2235
2015-04-01,finalidad,comunicaciones,5031.4417,5143.9590
2015-07-01,finalidad,comunicaciones,5167.5623,5198.3293
2015-10-01,finalidad,comunicaciones,5304.8615,5060.4881
2016-01-01,finalidad,comunicaciones,4956.4777,5085.0213
2016-04-01,finalidad,comunicaciones,4897.0902,5009.8403
2016-07-01,finalidad,comunicaciones,5107.7696,5148.0024
2016-10-01,finalidad,comunicaciones,5286.6625,5005.1361
2017-01-01,finalidad,comunicaciones,4940.8312,5101.3089
2017-04-01,finalidad,comunicaciones,5010.6881,5120.8687
2017-07-01,finalidad,comunicaciones,5066.7193,5111.0960
2017-10-01,finalidad,comunicaciones,5622.7614,5307.7264
2018-01-01,finalidad,comunicaciones,5189.2092,5376.6490
2018-04-01,finalidad,comunicaciones,5503.6833,5611.9095
2018-07-01,finalidad,comunicaciones,5584.6571,5629.5370
2018-10-01,finalidad,comunicaciones,5957.4505,5616.9044
2019-01-01,finalidad,comunicaciones,5160.6266,5366.0349
2019-04-01,finalidad,comunicaciones,5207.8069,5312.7369
2019-07-01,finalidad,comunicaciones,5228.2623,5271.7786
2019-10-01,finalidad,comunicaciones,5819.3041,5465.4496
2020-01-01,finalidad,comunicaciones,5362.5407,5570.9389
2020-04-01,finalidad,comunicaciones,5667.8551,5778.0928
2020-07-01,finalidad,comunicaciones,5989.6025,6034.0163
2020-10-01,finalidad,comunicaciones,6297.0017,5933.9520
2021-01-01,finalidad,comunicaciones,5999.7850,6206.4534
2021-04-01,finalidad,comunicaciones,6134.9987,6255.6537
2021-07-01,finalidad,comunicaciones,6424.1455,6468.8289
2021-10-01,finalidad,comunicaciones,7483.0707,7111.0639
2022-01-01,finalidad,comunicaciones,7072.9222,7279.2239
2022-04-01,finalidad,comunicaciones,7285.8567,7423.2165
2022-07-01,finalidad,comunicaciones,7282.9305,7330.2321
2022-10-01,finalidad,comunicaciones,7717.2906,7326.3275
2023-01-01,finalidad,comunicaciones,7243.2941,7462.5220
2023-04-01,finalidad,comunicaciones,7172.3373,7321.2786
2023-07-01,finalidad,comunicaciones,7185.7592,7234.3010
2023-10-01,finalidad,comunicaciones,7884.6094,7467.8985
2024-01-01,finalidad,comunicaciones,7015.8993,7252.9219
2024-04-01,finalidad,comunicaciones,7145.5035,7307.1554
2024-07-01,finalidad,comunicaciones,7346.9708,7394.3048
2024-10-01,finalidad,comunicaciones,8063.6263,7617.6179
2025-01-01,finalidad,comunicaciones,7228.1041,7486.3063
2025-04-01,finalidad,comunicaciones,7537.4101,7707.2593
2025-07-01,finalidad,comunicaciones,7839.6364,7879.4399
2025-10-01,finalidad,comunicaciones,8363.9908,7896.1359
2026-01-01,finalidad,comunicaciones,7643.0762,7915.4884
2026-04-01,finalidad,comunicaciones,7757.1225,7933.1792
2005-01-01,finalidad,diversos,7738.9629,7601.7779
2005-04-01,finalidad,diversos,7574.3063,7890.9318
2005-07-01,finalidad,diversos,7814.9365,7973.8260
2005-10-01,finalidad,diversos,8282.7943,7944.4643
2006-01-01,finalidad,diversos,8292.1962,8146.0600
2006-04-01,finalidad,diversos,7877.4523,8228.6704
2006-07-01,finalidad,diversos,8251.2568,8430.9355
2006-10-01,finalidad,diversos,8885.0947,8500.3341
2007-01-01,finalidad,diversos,8880.5873,8738.9304
2007-04-01,finalidad,diversos,8522.4555,8923.3561
2007-07-01,finalidad,diversos,8691.6717,8886.2393
2007-10-01,finalidad,diversos,9508.2855,9054.4742
2008-01-01,finalidad,diversos,9269.5416,9160.6513
2008-04-01,finalidad,diversos,8721.0338,9161.7717
2008-07-01,finalidad,diversos,9186.8131,9383.2276
2008-10-01,finalidad,diversos,10265.6115,9737.3494
2009-01-01,finalidad,diversos,9511.3510,9451.5040
2009-04-01,finalidad,diversos,9059.0209,9484.0013
2009-07-01,finalidad,diversos,9479.2213,9667.2818
2009-10-01,finalidad,diversos,10303.4068,9750.2129
2010-01-01,finalidad,diversos,9865.9374,9840.5609
2010-04-01,finalidad,diversos,9666.5817,10062.8512
2010-07-01,finalidad,diversos,10118.0093,10323.3484
2010-10-01,finalidad,diversos,11044.4715,10468.2394
2011-01-01,finalidad,diversos,10612.7832,10597.1523
2011-04-01,finalidad,diversos,10496.2743,10849.9565
2011-07-01,finalidad,diversos,10704.1565,10956.3780
2011-10-01,finalidad,diversos,11890.7860,11300.5132
2012-01-01,finalidad,diversos,11620.5733,11576.6944
2012-04-01,finalidad,diversos,11539.1152,11878.4800
2012-07-01,finalidad,diversos,11834.3875,12137.0685
2012-10-01,finalidad,diversos,12938.9240,12340.7570
2013-01-01,finalidad,diversos,12726.2642,12640.0143
2013-04-01,finalidad,diversos,12416.4649,12772.7277
2013-07-01,finalidad,diversos,12352.2343,12674.4263
2013-10-01,finalidad,diversos,13758.0366,13165.8317
2014-01-01,finalidad,diversos,13524.9948,13403.7412
2014-04-01,finalidad,diversos,13200.8799,13595.9276
2014-07-01,finalidad,diversos,13374.5843,13690.6548
2014-10-01,finalidad,diversos,14478.5409,13888.6764
2015-01-01,finalidad,diversos,14221.8803,14090.8041
2015-04-01,finalidad,diversos,13807.8024,14218.5686
2015-07-01,finalidad,diversos,14124.5151,14429.9529
2015-10-01,finalidad,diversos,14719.8023,14134.6745
2016-01-01,finalidad,diversos,14284.9348,14194.1129
2016-04-01,finalidad,diversos,13606.9814,13983.5638
2016-07-01,finalidad,diversos,13872.5843,14179.0597
2016-10-01,finalidad,diversos,14970.4994,14378.2636
2017-01-01,finalidad,diversos,14615.1479,14573.9942
2017-04-01,finalidad,diversos,14545.4477,14884.5474
2017-07-01,finalidad,diversos,14548.6687,14866.7916
2017-10-01,finalidad,diversos,15687.7357,15071.6668
2018-01-01,finalidad,diversos,14998.5140,14988.1577
2018-04-01,finalidad,diversos,14967.4100,15277.9183
2018-07-01,finalidad,diversos,14794.7851,15102.3400
2018-10-01,finalidad,diversos,15914.2909,15306.5840
2019-01-01,finalidad,diversos,15692.5773,15703.3070
2019-04-01,finalidad,diversos,15550.4616,15895.0232
2019-07-01,finalidad,diversos,15924.6881,16198.4324
2019-10-01,finalidad,diversos,16745.2730,16116.2373
2020-01-01,finalidad,diversos,16473.6230,16583.1457
2020-04-01,finalidad,diversos,14860.3593,15220.0427
2020-07-01,finalidad,diversos,15886.2102,16131.6657
2020-10-01,finalidad,diversos,17488.8075,16774.1459
2021-01-01,finalidad,diversos,16922.4667,17238.1856
2021-04-01,finalidad,diversos,16794.6326,17143.0453
2021-07-01,finalidad,diversos,17548.2172,17748.3973
2021-10-01,finalidad,diversos,18825.6834,17961.3718
2022-01-01,finalidad,diversos,17465.1578,18096.4368
2022-04-01,finalidad,diversos,19216.5320,19453.4593
2022-07-01,finalidad,diversos,19359.9801,19534.4244
2022-10-01,finalidad,diversos,20811.3300,19768.6795
2023-01-01,finalidad,diversos,18730.0024,19722.1961
2023-04-01,finalidad,diversos,20064.5431,20088.8582
2023-07-01,finalidad,diversos,19792.9383,19844.8252
2023-10-01,finalidad,diversos,21649.5162,20581.1205
2024-01-01,finalidad,diversos,18037.8189,19216.1747
2024-04-01,finalidad,diversos,20292.2036,20156.6625
2024-07-01,finalidad,diversos,20437.1589,20378.0436
2024-10-01,finalidad,diversos,21722.8186,20739.1192
2025-01-01,finalidad,diversos,19250.7718,20627.5452
2025-04-01,finalidad,diversos,21318.5978,21032.5541
2025-07-01,finalidad,diversos,21448.7464,21238.4607
2025-10-01,finalidad,diversos,21903.9752,21023.5312
2026-01-01,finalidad,diversos,20125.6869,21589.0401
2026-04-01,finalidad,diversos,22311.7356,21953.5152
2005-01-01,finalidad,educacion,4175.1837,4469.9763
2005-04-01,finalidad,educacion,4689.3789,4485.7804
2005-07-01,finalidad,educacion,4548.1918,4491.0806
2005-10-01,finalidad,educacion,4523.2456,4489.1627
2006-01-01,finalidad,educacion,4148.4179,4437.4554
2006-04-01,finalidad,educacion,4643.4557,4437.3666
2006-07-01,finalidad,educacion,4534.7737,4481.8876
2006-10-01,finalidad,educacion,4553.3526,4523.2904
2007-01-01,finalidad,educacion,4287.7765,4577.4312
2007-04-01,finalidad,educacion,4849.9312,4628.7169
2007-07-01,finalidad,educacion,4751.1691,4708.5881
2007-10-01,finalidad,educacion,4774.1232,4748.2638
2008-01-01,finalidad,educacion,4467.5388,4752.4930
2008-04-01,finalidad,educacion,5027.8435,4788.4492
2008-07-01,finalidad,educacion,4823.9315,4800.3284
2008-10-01,finalidad,educacion,4848.6862,4826.7294
2009-01-01,finalidad,educacion,4614.7673,4884.0749
2009-04-01,finalidad,educacion,5178.1760,4928.8985
2009-07-01,finalidad,educacion,4937.2490,4941.8326
2009-10-01,finalidad,educacion,4935.8077,4911.1940
2010-01-01,finalidad,educacion,4624.6978,4870.3586
2010-04-01,finalidad,educacion,5173.2838,4935.6299
2010-07-01,finalidad,educacion,4747.9752,4774.4609
2010-10-01,finalidad,educacion,4877.0432,4842.5505
2011-01-01,finalidad,educacion,4740.5600,4977.2358
2011-04-01,finalidad,educacion,5137.2517,4919.9197
2011-07-01,finalidad,educacion,4867.1320,4904.4903
2011-10-01,finalidad,educacion,5090.0564,5033.3542
2012-01-01,finalidad,educacion,4913.4094,5162.8911
2012-04-01,finalidad,educacion,5358.0296,5159.1045
2012-07-01,finalidad,educacion,5211.1057,5238.4416
2012-10-01,finalidad,educacion,5357.4553,5279.5627
2013-01-01,finalidad,educacion,5047.6732,5327.8545
2013-04-01,finalidad,educacion,5648.1898,5460.4144
2013-07-01,finalidad,educacion,5496.3877,5499.7616
2013-10-01,finalidad,educacion,5653.7493,5557.9695
2014-01-01,finalidad,educacion,5245.9303,5558.6132
2014-04-01,finalidad,educacion,5799.0748,5626.3745
2014-07-01,finalidad,educacion,5739.8119,5705.0520
2014-10-01,finalidad,educacion,5828.1830,5722.9603
2015-01-01,finalidad,educacion,5417.9968,5760.6683
2015-04-01,finalidad,educacion,5940.5152,5769.1672
2015-07-01,finalidad,educacion,6048.6881,5991.3679
2015-10-01,finalidad,educacion,5909.7999,5795.7967
2016-01-01,finalidad,educacion,5531.7216,5898.1379
2016-04-01,finalidad,educacion,6090.6533,5912.9823
2016-07-01,finalidad,educacion,6069.3486,6010.4587
2016-10-01,finalidad,educacion,6128.2765,5998.4212
2017-01-01,finalidad,educacion,5460.1902,5842.3417
2017-04-01,finalidad,educacion,6239.2732,6046.6560
2017-07-01,finalidad,educacion,6063.8327,6028.3327
2017-10-01,finalidad,educacion,6184.7039,6030.6696
2018-01-01,finalidad,educacion,5608.7750,6007.9906
2018-04-01,finalidad,educacion,6225.3919,6025.5333
2018-07-01,finalidad,educacion,6013.1710,6000.0421
2018-10-01,finalidad,educacion,6169.6621,5983.4340
2019-01-01,finalidad,educacion,5677.6341,6085.4382
2019-04-01,finalidad,educacion,6318.6054,6126.0747
2019-07-01,finalidad,educacion,6138.3773,6154.1203
2019-10-01,finalidad,educacion,6358.3832,6127.3668
2020-01-01,finalidad,educacion,5690.7871,6106.0768
2020-04-01,finalidad,educacion,6107.2448,5929.8732
2020-07-01,finalidad,educacion,5674.0899,5701.7648
2020-10-01,finalidad,educacion,6237.8782,5972.2852
2021-01-01,finalidad,educacion,5522.0758,5945.4308
2021-04-01,finalidad,educacion,6053.4952,5885.9814
2021-07-01,finalidad,educacion,5881.1842,5919.5694
2021-10-01,finalidad,educacion,6326.2448,6032.0183
2022-01-01,finalidad,educacion,5670.3687,6139.1521
2022-04-01,finalidad,educacion,6416.6019,6239.0236
2022-07-01,finalidad,educacion,6267.6034,6308.0902
2022-10-01,finalidad,educacion,6700.4260,6368.7342
2023-01-01,finalidad,educacion,5918.1882,6433.3497
2023-04-01,finalidad,educacion,6742.1964,6554.3862
2023-07-01,finalidad,educacion,6510.7483,6540.6852
2023-10-01,finalidad,educacion,6767.8671,6410.5789
2024-01-01,finalidad,educacion,5812.0821,6339.1374
2024-04-01,finalidad,educacion,6564.3516,6392.8417
2024-07-01,finalidad,educacion,6254.9844,6276.3946
2024-10-01,finalidad,educacion,6707.5820,6330.6263
2025-01-01,finalidad,educacion,5861.9967,6411.0696
2025-04-01,finalidad,educacion,6526.7260,6375.3208
2025-07-01,finalidad,educacion,6473.2706,6485.0636
2025-10-01,finalidad,educacion,6905.3915,6495.9308
2026-01-01,finalidad,educacion,5877.1326,6443.0343
2026-04-01,finalidad,educacion,6624.3905,6482.8039
2005-01-01,finalidad,muebles_hogar,3342.8033,3589.0023
2005-04-01,finalidad,muebles_hogar,3574.9123,3771.9954
2005-07-01,finalidad,muebles_hogar,3841.1173,3795.1819
2005-10-01,finalidad,muebles_hogar,4248.1670,3850.8204
2006-01-01,finalidad,muebles_hogar,3634.7297,3898.8833
2006-04-01,finalidad,muebles_hogar,3862.6144,4081.6871
2006-07-01,finalidad,muebles_hogar,4177.2644,4127.2399
2006-10-01,finalidad,muebles_hogar,4649.3914,4216.1897
2007-01-01,finalidad,muebles_hogar,4010.3775,4284.5024
2007-04-01,finalidad,muebles_hogar,4067.1106,4298.8170
2007-07-01,finalidad,muebles_hogar,4440.1704,4384.7311
2007-10-01,finalidad,muebles_hogar,4890.3415,4439.9495
2008-01-01,finalidad,muebles_hogar,4276.7849,4501.7903
2008-04-01,finalidad,muebles_hogar,4303.8672,4567.3164
2008-07-01,finalidad,muebles_hogar,4616.7183,4577.0980
2008-10-01,finalidad,muebles_hogar,4967.6296,4518.7953
2009-01-01,finalidad,muebles_hogar,4200.4856,4471.0051
2009-04-01,finalidad,muebles_hogar,4189.9156,4433.2177
2009-07-01,finalidad,muebles_hogar,4500.9135,4455.7810
2009-10-01,finalidad,muebles_hogar,5046.6853,4577.9962
2010-01-01,finalidad,muebles_hogar,4405.6494,4681.5220
2010-04-01,finalidad,muebles_hogar,4480.5386,4741.2686
2010-07-01,finalidad,muebles_hogar,4847.6785,4806.8151
2010-10-01,finalidad,muebles_hogar,5422.1335,4926.3942
2011-01-01,finalidad,muebles_hogar,4566.8236,4848.2499
2011-04-01,finalidad,muebles_hogar,4802.7961,5077.2375
2011-07-01,finalidad,muebles_hogar,5185.2733,5142.7762
2011-10-01,finalidad,muebles_hogar,5765.1069,5251.7364
2012-01-01,finalidad,muebles_hogar,5072.6876,5318.7452
2012-04-01,finalidad,muebles_hogar,5065.3242,5375.6582
2012-07-01,finalidad,muebles_hogar,5503.9154,5472.6581
2012-10-01,finalidad,muebles_hogar,5987.0728,5461.9386
2013-01-01,finalidad,muebles_hogar,5146.6973,5457.5162
2013-04-01,finalidad,muebles_hogar,5158.5172,5447.4946
2013-07-01,finalidad,muebles_hogar,5462.2468,5407.3670
2013-10-01,finalidad,muebles_hogar,5960.5387,5415.6222
2014-01-01,finalidad,muebles_hogar,5324.2003,5651.7029
2014-04-01,finalidad,muebles_hogar,5425.9619,5750.4611
2014-07-01,finalidad,muebles_hogar,5841.6601,5802.8379
2014-10-01,finalidad,muebles_hogar,6623.1778,6009.9981
2015-01-01,finalidad,muebles_hogar,5687.1462,6044.5145
2015-04-01,finalidad,muebles_hogar,5763.5680,6099.1384
2015-07-01,finalidad,muebles_hogar,6200.6671,6136.7347
2015-10-01,finalidad,muebles_hogar,6690.6186,6061.6124
2016-01-01,finalidad,muebles_hogar,5647.2213,5938.5732
2016-04-01,finalidad,muebles_hogar,5511.2765,5860.9023
2016-07-01,finalidad,muebles_hogar,5871.1768,5818.6818
2016-10-01,finalidad,muebles_hogar,6472.3254,5883.8427
2017-01-01,finalidad,muebles_hogar,5486.5225,5845.3543
2017-04-01,finalidad,muebles_hogar,5552.0183,5883.2578
2017-07-01,finalidad,muebles_hogar,6042.5741,5940.5131
2017-10-01,finalidad,muebles_hogar,6508.8851,5920.8748
2018-01-01,finalidad,muebles_hogar,5711.7378,6064.5042
2018-04-01,finalidad,muebles_hogar,5741.0124,6079.1042
2018-07-01,finalidad,muebles_hogar,6204.4860,6091.4360
2018-10-01,finalidad,muebles_hogar,6682.7639,6104.9555
2019-01-01,finalidad,muebles_hogar,5872.3753,6223.7186
2019-04-01,finalidad,muebles_hogar,5981.0648,6316.2892
2019-07-01,finalidad,muebles_hogar,6561.3239,6457.9435
2019-10-01,finalidad,muebles_hogar,7149.2360,6566.0486
2020-01-01,finalidad,muebles_hogar,6317.7280,6637.3350
2020-04-01,finalidad,muebles_hogar,4992.4749,5303.6598
2020-07-01,finalidad,muebles_hogar,6433.3509,6405.5866
2020-10-01,finalidad,muebles_hogar,7856.4462,7253.4186
2021-01-01,finalidad,muebles_hogar,6443.8466,6833.2083
2021-04-01,finalidad,muebles_hogar,6136.6005,6441.2745
2021-07-01,finalidad,muebles_hogar,7175.4130,7133.4437
2021-10-01,finalidad,muebles_hogar,8152.1399,7500.0736
2022-01-01,finalidad,muebles_hogar,7233.1940,7571.1123
2022-04-01,finalidad,muebles_hogar,7425.5656,7738.1397
2022-07-01,finalidad,muebles_hogar,7398.2423,7365.9443
2022-10-01,finalidad,muebles_hogar,8110.9981,7492.8038
2023-01-01,finalidad,muebles_hogar,7294.4503,7541.8464
2023-04-01,finalidad,muebles_hogar,7228.0662,7525.1403
2023-07-01,finalidad,muebles_hogar,7496.4303,7496.2446
2023-10-01,finalidad,muebles_hogar,7921.0533,7376.7687
2024-01-01,finalidad,muebles_hogar,7279.3008,7395.4364
2024-04-01,finalidad,muebles_hogar,7064.7821,7410.0740
2024-07-01,finalidad,muebles_hogar,7389.1325,7448.6380
2024-10-01,finalidad,muebles_hogar,8222.7845,7701.8516
2025-01-01,finalidad,muebles_hogar,7753.6784,7948.2459
2025-04-01,finalidad,muebles_hogar,7615.0362,7968.7370
2025-07-01,finalidad,muebles_hogar,8104.6977,8143.5307
2025-10-01,finalidad,muebles_hogar,8802.1701,8215.0689
2026-01-01,finalidad,muebles_hogar,8135.3774,8322.8781
2026-04-01,finalidad,muebles_hogar,8143.6614,8518.9502
2005-01-01,finalidad,recreacion,4239.8843,4066.8511
2005-04-01,finalidad,recreacion,3970.4395,4176.7974
2005-07-01,finalidad,recreacion,4099.8369,4248.9565
2005-10-01,finalidad,recreacion,4675.8394,4493.3949
2006-01-01,finalidad,recreacion,4730.9525,4529.9146
2006-04-01,finalidad,recreacion,4454.0458,4692.9615
2006-07-01,finalidad,recreacion,4543.1605,4696.7531
2006-10-01,finalidad,recreacion,4905.8412,4714.3708
2007-01-01,finalidad,recreacion,5097.6166,4883.1077
2007-04-01,finalidad,recreacion,4654.3275,4924.2573
2007-07-01,finalidad,recreacion,4901.7208,5065.7664
2007-10-01,finalidad,recreacion,5379.3352,5159.8686
2008-01-01,finalidad,recreacion,5552.0351,5334.8001
2008-04-01,finalidad,recreacion,5111.8401,5415.4886
2008-07-01,finalidad,recreacion,5387.1875,5564.6499
2008-10-01,finalidad,recreacion,5787.9373,5524.0614
2009-01-01,finalidad,recreacion,5588.4042,5401.8805
2009-04-01,finalidad,recreacion,5117.7272,5414.9930
2009-07-01,finalidad,recreacion,5173.6545,5353.7305
2009-10-01,finalidad,recreacion,5793.2141,5502.3961
2010-01-01,finalidad,recreacion,5757.7833,5600.3712
2010-04-01,finalidad,recreacion,5343.9993,5646.8267
2010-07-01,finalidad,recreacion,5566.4372,5756.2593
2010-10-01,finalidad,recreacion,6258.7802,5923.5428
2011-01-01,finalidad,recreacion,6249.9152,6103.9154
2011-04-01,finalidad,recreacion,6047.4891,6374.6452
2011-07-01,finalidad,recreacion,6290.9419,6488.7998
2011-10-01,finalidad,recreacion,6857.6537,6478.6396
2012-01-01,finalidad,recreacion,6664.0753,6526.3783
2012-04-01,finalidad,recreacion,6236.3144,6582.3862
2012-07-01,finalidad,recreacion,6651.2155,6857.1341
2012-10-01,finalidad,recreacion,7214.3949,6800.1015
2013-01-01,finalidad,recreacion,7167.8237,7048.2835
2013-04-01,finalidad,recreacion,6821.2811,7197.8285
2013-07-01,finalidad,recreacion,7093.2049,7309.9391
2013-10-01,finalidad,recreacion,7821.6903,7347.9489
2014-01-01,finalidad,recreacion,7522.7907,7429.0523
2014-04-01,finalidad,recreacion,7045.9673,7440.3865
2014-07-01,finalidad,recreacion,7175.9066,7398.6024
2014-10-01,finalidad,recreacion,8129.3354,7605.9588
2015-01-01,finalidad,recreacion,7709.4745,7654.2881
2015-04-01,finalidad,recreacion,7384.6036,7791.9796
2015-07-01,finalidad,recreacion,7673.4692,7893.4387
2015-10-01,finalidad,recreacion,8445.4527,7873.2936
2016-01-01,finalidad,recreacion,7952.7619,7948.3397
2016-04-01,finalidad,recreacion,7522.9995,7919.5556
2016-07-01,finalidad,recreacion,7733.2089,7949.3181
2016-10-01,finalidad,recreacion,8557.0297,7948.7866
2017-01-01,finalidad,recreacion,7935.0798,7996.7244
2017-04-01,finalidad,recreacion,7549.1300,7912.0708
2017-07-01,finalidad,recreacion,7735.2752,7954.9184
2017-10-01,finalidad,recreacion,8578.5150,7934.2865
2018-01-01,finalidad,recreacion,7727.9904,7870.9282
2018-04-01,finalidad,recreacion,7806.2096,8146.0930
2018-07-01,finalidad,recreacion,7980.5528,8226.6398
2018-10-01,finalidad,recreacion,9241.2473,8512.3390
2019-01-01,finalidad,recreacion,8824.4767,9041.3780
2019-04-01,finalidad,recreacion,9111.7956,9489.7030
2019-07-01,finalidad,recreacion,9350.3911,9629.9256
2019-10-01,finalidad,recreacion,10645.3366,9770.9934
2020-01-01,finalidad,recreacion,9286.2619,9552.1626
2020-04-01,finalidad,recreacion,7136.8550,7471.1261
2020-07-01,finalidad,recreacion,9224.7910,9499.8384
2020-10-01,finalidad,recreacion,10710.0921,9834.8729
2021-01-01,finalidad,recreacion,11171.0451,11514.8705
2021-04-01,finalidad,recreacion,11698.0299,12300.8084
2021-07-01,finalidad,recreacion,12947.4472,13292.7562
2021-10-01,finalidad,recreacion,15527.4778,14235.5648
2022-01-01,finalidad,recreacion,15094.4127,15594.4531
2022-04-01,finalidad,recreacion,15447.7037,16231.4228
2022-07-01,finalidad,recreacion,16635.7166,16991.9274
2022-10-01,finalidad,recreacion,19436.1671,17796.1967
2023-01-01,finalidad,recreacion,17108.6481,17706.9154
2023-04-01,finalidad,recreacion,17095.9895,17859.5640
2023-07-01,finalidad,recreacion,17753.5486,17995.1985
2023-10-01,finalidad,recreacion,19848.8138,18245.3221
2024-01-01,finalidad,recreacion,17410.7098,18038.5660
2024-04-01,finalidad,recreacion,18334.5110,19046.5231
2024-07-01,finalidad,recreacion,19350.6457,19509.0571
2024-10-01,finalidad,recreacion,20714.1334,19215.8538
2025-01-01,finalidad,recreacion,20039.3341,20703.5919
2025-04-01,finalidad,recreacion,19778.7855,20468.7742
2025-07-01,finalidad,recreacion,20638.4430,20718.3273
2025-10-01,finalidad,recreacion,22308.7210,20874.5902
2026-01-01,finalidad,recreacion,21014.6705,21662.5731
2026-04-01,finalidad,recreacion,21664.2714,22397.6277
2005-01-01,finalidad,restaurantes_hoteles,9659.0196,10221.9493
2005-04-01,finalidad,restaurantes_hoteles,9795.1474,10091.6130
2005-07-01,finalidad,restaurantes_hoteles,10259.0094,10096.5248
2005-10-01,finalidad,restaurantes_hoteles,11187.8236,10490.9130
2006-01-01,finalidad,restaurantes_hoteles,10143.2772,10729.7355
2006-04-01,finalidad,restaurantes_hoteles,10624.3493,10924.1091
2006-07-01,finalidad,restaurantes_hoteles,11220.8280,11043.9380
2006-10-01,finalidad,restaurantes_hoteles,11810.5455,11101.2174
2007-01-01,finalidad,restaurantes_hoteles,10699.8896,11302.0784
2007-04-01,finalidad,restaurantes_hoteles,11215.1745,11484.2585
2007-07-01,finalidad,restaurantes_hoteles,11864.8550,11668.1826
2007-10-01,finalidad,restaurantes_hoteles,12458.0810,11783.4804
2008-01-01,finalidad,restaurantes_hoteles,11492.7067,11902.8814
2008-04-01,finalidad,restaurantes_hoteles,11645.4075,12010.3273
2008-07-01,finalidad,restaurantes_hoteles,12289.4888,12146.0264
2008-10-01,finalidad,restaurantes_hoteles,12984.3969,12352.7649
2009-01-01,finalidad,restaurantes_hoteles,11572.2198,12279.3825
2009-04-01,finalidad,restaurantes_hoteles,12242.7362,12512.0190
2009-07-01,finalidad,restaurantes_hoteles,12729.8126,12455.6256
2009-10-01,finalidad,restaurantes_hoteles,12985.2313,12282.9729
2010-01-01,finalidad,restaurantes_hoteles,12186.5117,12868.6394
2010-04-01,finalidad,restaurantes_hoteles,12599.4670,12871.0321
2010-07-01,finalidad,restaurantes_hoteles,13486.4457,13203.7384
2010-10-01,finalidad,restaurantes_hoteles,13919.5756,13248.5902
2011-01-01,finalidad,restaurantes_hoteles,12554.3910,13214.0980
2011-04-01,finalidad,restaurantes_hoteles,13209.5300,13455.3954
2011-07-01,finalidad,restaurantes_hoteles,13924.4785,13638.3308
2011-10-01,finalidad,restaurantes_hoteles,14497.6005,13878.1758
2012-01-01,finalidad,restaurantes_hoteles,13492.3402,13886.5167
2012-04-01,finalidad,restaurantes_hoteles,13797.8671,14161.5522
2012-07-01,finalidad,restaurantes_hoteles,14354.9584,14181.3169
2012-10-01,finalidad,restaurantes_hoteles,14799.8343,14215.6142
2013-01-01,finalidad,restaurantes_hoteles,14061.8692,14694.0127
2013-04-01,finalidad,restaurantes_hoteles,14488.2701,14810.2041
2013-07-01,finalidad,restaurantes_hoteles,15307.6387,15082.0427
2013-10-01,finalidad,restaurantes_hoteles,15840.2220,15111.7406
2014-01-01,finalidad,restaurantes_hoteles,14914.8636,15527.4586
2014-04-01,finalidad,restaurantes_hoteles,15233.0509,15611.2820
2014-07-01,finalidad,restaurantes_hoteles,15809.5673,15630.5158
2014-10-01,finalidad,restaurantes_hoteles,16664.5182,15852.7436
2015-01-01,finalidad,restaurantes_hoteles,15043.5146,15687.4519
2015-04-01,finalidad,restaurantes_hoteles,15429.7103,15847.0375
2015-07-01,finalidad,restaurantes_hoteles,16169.7273,15979.3584
2015-10-01,finalidad,restaurantes_hoteles,17270.0478,16399.1522
2016-01-01,finalidad,restaurantes_hoteles,15951.5614,16414.4067
2016-04-01,finalidad,restaurantes_hoteles,16082.7719,16654.2310
2016-07-01,finalidad,restaurantes_hoteles,16989.7734,16825.1975
2016-10-01,finalidad,restaurantes_hoteles,17495.8932,16626.1648
2017-01-01,finalidad,restaurantes_hoteles,16093.6466,16846.6155
2017-04-01,finalidad,restaurantes_hoteles,16350.6863,16915.5689
2017-07-01,finalidad,restaurantes_hoteles,17301.2760,16983.5565
2017-10-01,finalidad,restaurantes_hoteles,17765.3910,16765.2591
2018-01-01,finalidad,restaurantes_hoteles,16804.5495,17574.9759
2018-04-01,finalidad,restaurantes_hoteles,16658.4062,17325.4178
2018-07-01,finalidad,restaurantes_hoteles,17635.3250,17289.8384
2018-10-01,finalidad,restaurantes_hoteles,17712.7192,16620.7678
2019-01-01,finalidad,restaurantes_hoteles,16284.0874,17149.0954
2019-04-01,finalidad,restaurantes_hoteles,16725.2992,17478.8190
2019-07-01,finalidad,restaurantes_hoteles,18024.5226,17656.8750
2019-10-01,finalidad,restaurantes_hoteles,18873.0908,17622.2106
2020-01-01,finalidad,restaurantes_hoteles,17160.9747,17964.5401
2020-04-01,finalidad,restaurantes_hoteles,8518.4201,9438.8560
2020-07-01,finalidad,restaurantes_hoteles,11855.0261,11554.5240
2020-10-01,finalidad,restaurantes_hoteles,17818.5790,16395.0799
2021-01-01,finalidad,restaurantes_hoteles,16297.7953,17525.2788
2021-04-01,finalidad,restaurantes_hoteles,15285.2407,16119.7906
2021-07-01,finalidad,restaurantes_hoteles,17539.7909,17172.2400
2021-10-01,finalidad,restaurantes_hoteles,21577.1731,19882.6906
2022-01-01,finalidad,restaurantes_hoteles,18614.5068,19899.0059
2022-04-01,finalidad,restaurantes_hoteles,19495.9646,20306.7974
2022-07-01,finalidad,restaurantes_hoteles,21374.6406,21132.6246
2022-10-01,finalidad,restaurantes_hoteles,21717.8881,19864.5722
2023-01-01,finalidad,restaurantes_hoteles,17895.6189,19190.7377
2023-04-01,finalidad,restaurantes_hoteles,18261.1539,19058.1695
2023-07-01,finalidad,restaurantes_hoteles,18861.7430,18772.7466
2023-10-01,finalidad,restaurantes_hoteles,21012.4842,19009.3463
2024-01-01,finalidad,restaurantes_hoteles,18180.4088,19237.8957
2024-04-01,finalidad,restaurantes_hoteles,18530.2440,19507.5835
2024-07-01,finalidad,restaurantes_hoteles,19531.4557,19627.8744
2024-10-01,finalidad,restaurantes_hoteles,22196.8915,20065.6464
2025-01-01,finalidad,restaurantes_hoteles,18634.6153,19943.6811
2025-04-01,finalidad,restaurantes_hoteles,19055.3627,20057.2335
2025-07-01,finalidad,restaurantes_hoteles,19506.7713,19516.2641
2025-10-01,finalidad,restaurantes_hoteles,21988.1688,19667.7395
2026-01-01,finalidad,restaurantes_hoteles,18482.9306,19731.0094
2026-04-01,finalidad,restaurantes_hoteles,18615.1374,19707.5390
2005-01-01,finalidad,salud,7627.6388,7727.0276
2005-04-01,finalidad,salud,7779.2947,7759.9106
2005-07-01,finalidad,salud,7785.4171,7791.8561
2005-10-01,finalidad,salud,7920.6493,7834.2057
2006-01-01,finalidad,salud,7781.7605,7876.3493
2006-04-01,finalidad,salud,8029.1614,8008.9679
2006-07-01,finalidad,salud,8172.8258,8175.5254
2006-10-01,finalidad,salud,8411.2523,8334.1575
2007-01-01,finalidad,salud,8245.9045,8330.5798
2007-04-01,finalidad,salud,8448.0324,8418.2899
2007-07-01,finalidad,salud,8528.2210,8520.2095
2007-10-01,finalidad,salud,8791.8421,8744.9207
2008-01-01,finalidad,salud,8885.7109,8944.0262
2008-04-01,finalidad,salud,8980.0360,8946.9688
2008-07-01,finalidad,salud,8976.3626,8949.2492
2008-10-01,finalidad,salud,8872.8906,8874.7558
2009-01-01,finalidad,salud,8646.9550,8673.8436
2009-04-01,finalidad,salud,8827.1149,8784.2455
2009-07-01,finalidad,salud,8657.3263,8619.5182
2009-10-01,finalidad,salud,8485.6037,8539.3927
2010-01-01,finalidad,salud,8544.6682,8537.5611
2010-04-01,finalidad,salud,8491.4834,8451.2617
2010-07-01,finalidad,salud,8572.1178,8529.5111
2010-10-01,finalidad,salud,8480.7306,8570.6661
2011-01-01,finalidad,salud,8709.4532,8689.2756
2011-04-01,finalidad,salud,8810.6220,8760.0167
2011-07-01,finalidad,salud,8768.1117,8730.9900
2011-10-01,finalidad,salud,8648.8131,8756.7177
2012-01-01,finalidad,salud,8870.6149,8844.9605
2012-04-01,finalidad,salud,8923.6973,8884.4802
2012-07-01,finalidad,salud,8978.5346,8949.0009
2012-10-01,finalidad,salud,8954.1532,9048.5584
2013-01-01,finalidad,salud,9215.2785,9214.6579
2013-04-01,finalidad,salud,9556.1623,9527.8928
2013-07-01,finalidad,salud,9415.6099,9390.1266
2013-10-01,finalidad,salud,9210.9494,9265.3226
2014-01-01,finalidad,salud,9302.0331,9334.0541
2014-04-01,finalidad,salud,9311.5311,9312.7677
2014-07-01,finalidad,salud,9561.0568,9531.5553
2014-10-01,finalidad,salud,9951.3789,9947.6228
2015-01-01,finalidad,salud,10109.5289,10190.0976
2015-04-01,finalidad,salud,10651.5841,10672.3770
2015-07-01,finalidad,salud,10960.5481,10912.9065
2015-10-01,finalidad,salud,10973.3389,10919.6189
2016-01-01,finalidad,salud,10560.1467,10667.1443
2016-04-01,finalidad,salud,10551.0922,10578.6124
2016-07-01,finalidad,salud,10673.0998,10612.8707
2016-10-01,finalidad,salud,10729.6613,10655.3726
2017-01-01,finalidad,salud,10676.4930,10793.3147
2017-04-01,finalidad,salud,10785.8325,10809.4335
2017-07-01,finalidad,salud,11041.1074,10974.8410
2017-10-01,finalidad,salud,11255.5670,11181.4108
2018-01-01,finalidad,salud,11225.8932,11349.7910
2018-04-01,finalidad,salud,11536.3912,11545.2778
2018-07-01,finalidad,salud,11688.2168,11622.1673
2018-10-01,finalidad,salud,11850.4988,11783.7639
2019-01-01,finalidad,salud,11831.7551,11956.4192
2019-04-01,finalidad,salud,12155.1090,12159.1549
2019-07-01,finalidad,salud,12332.5751,12263.1420
2019-10-01,finalidad,salud,12282.5608,12223.2840
2020-01-01,finalidad,salud,12123.9032,12246.9487
2020-04-01,finalidad,salud,10661.4137,10655.2043
2020-07-01,finalidad,salud,11963.9845,11891.6261
2020-10-01,finalidad,salud,12961.6987,12917.2209
2021-01-01,finalidad,salud,13479.7839,13602.1365
2021-04-01,finalidad,salud,13996.6711,13993.0711
2021-07-01,finalidad,salud,14557.0352,14458.5749
2021-10-01,finalidad,salud,14766.5098,14746.2175
2022-01-01,finalidad,salud,14601.9709,14725.5698
2022-04-01,finalidad,salud,14933.5994,14903.5353
2022-07-01,finalidad,salud,15114.6250,15010.1321
2022-10-01,finalidad,salud,15085.8047,15096.7628
2023-01-01,finalidad,salud,15455.2139,15557.8641
2023-04-01,finalidad,salud,15859.9434,15828.3973
2023-07-01,finalidad,salud,16179.9234,16070.7790
2023-10-01,finalidad,salud,16206.9194,16244.9596
2024-01-01,finalidad,salud,16510.5634,16590.1615
2024-04-01,finalidad,salud,17045.2716,17023.8279
2024-07-01,finalidad,salud,17223.3031,17123.0183
2024-10-01,finalidad,salud,17300.8619,17342.9922
2025-01-01,finalidad,salud,17248.7119,17289.6045
2025-04-01,finalidad,salud,17276.3662,17302.4275
2025-07-01,finalidad,salud,17844.3327,17737.6838
2025-10-01,finalidad,salud,17665.4243,17705.1192
2026-01-01,finalidad,salud,17911.6138,17926.6330
2026-04-01,finalidad,salud,17841.9659,17900.1761
2005-01-01,finalidad,transporte,6111.2507,6594.7205
2005-04-01,finalidad,transporte,6691.5319,6669.9994
2005-07-01,finalidad,transporte,6814.8428,6639.5870
2005-10-01,finalidad,transporte,7057.3746,6770.6931
2006-01-01,finalidad,transporte,6655.4888,7148.3865
2006-04-01,finalidad,transporte,7050.3749,7042.2379
2006-07-01,finalidad,transporte,7462.8893,7291.5458
2006-10-01,finalidad,transporte,7690.2470,7376.8299
2007-01-01,finalidad,transporte,7372.1668,7886.6923
2007-04-01,finalidad,transporte,8269.6857,8285.0336
2007-07-01,finalidad,transporte,8538.9681,8370.8644
2007-10-01,finalidad,transporte,8805.1794,8443.4096
2008-01-01,finalidad,transporte,7791.5212,8333.7977
2008-04-01,finalidad,transporte,8400.8543,8443.9561
2008-07-01,finalidad,transporte,8787.7533,8610.1076
2008-10-01,finalidad,transporte,9141.8712,8734.1386
2009-01-01,finalidad,transporte,8129.9552,8661.0482
2009-04-01,finalidad,transporte,8534.7118,8600.5844
2009-07-01,finalidad,transporte,8995.1774,8830.7183
2009-10-01,finalidad,transporte,9362.1556,8929.6491
2010-01-01,finalidad,transporte,8684.1325,9222.0370
2010-04-01,finalidad,transporte,9352.9587,9414.1007
2010-07-01,finalidad,transporte,9866.8264,9726.9367
2010-10-01,finalidad,transporte,10494.0824,10034.9256
2011-01-01,finalidad,transporte,9699.2809,10270.9454
2011-04-01,finalidad,transporte,10367.5137,10402.6446
2011-07-01,finalidad,transporte,10600.9943,10491.7179
2011-10-01,finalidad,transporte,10980.2110,10482.6921
2012-01-01,finalidad,transporte,10347.7212,10994.7390
2012-04-01,finalidad,transporte,11008.8429,11030.9551
2012-07-01,finalidad,transporte,10954.5956,10841.4623
2012-10-01,finalidad,transporte,11366.8402,10810.8436
2013-01-01,finalidad,transporte,10234.9970,10950.9068
2013-04-01,finalidad,transporte,11087.8514,11135.2218
2013-07-01,finalidad,transporte,11250.7434,11103.5524
2013-10-01,finalidad,transporte,11828.4082,11212.3190
2014-01-01,finalidad,transporte,10601.4759,11393.7699
2014-04-01,finalidad,transporte,11581.1164,11675.0159
2014-07-01,finalidad,transporte,12361.5144,12155.3991
2014-10-01,finalidad,transporte,12914.8933,12234.8152
2015-01-01,finalidad,transporte,11313.5775,12153.4849
2015-04-01,finalidad,transporte,12173.5885,12305.6024
2015-07-01,finalidad,transporte,12625.1318,12361.5816
2015-10-01,finalidad,transporte,13095.7022,12387.3311
2016-01-01,finalidad,transporte,11469.8937,12313.1750
2016-04-01,finalidad,transporte,12196.6202,12359.0316
2016-07-01,finalidad,transporte,12657.7898,12346.6370
2016-10-01,finalidad,transporte,13534.6962,12840.1563
2017-01-01,finalidad,transporte,11648.9966,12434.8274
2017-04-01,finalidad,transporte,12192.8123,12393.8020
2017-07-01,finalidad,transporte,12952.5267,12618.9382
2017-10-01,finalidad,transporte,13057.6643,12404.4324
2018-01-01,finalidad,transporte,12392.9397,13140.3783
2018-04-01,finalidad,transporte,12929.4232,13162.6295
2018-07-01,finalidad,transporte,13529.2683,13171.8968
2018-10-01,finalidad,transporte,13830.3688,13207.0954
2019-01-01,finalidad,transporte,12737.8739,13474.6601
2019-04-01,finalidad,transporte,13342.7805,13611.0978
2019-07-01,finalidad,transporte,14051.9885,13650.6463
2019-10-01,finalidad,transporte,14646.3571,14042.5957
2020-01-01,finalidad,transporte,12957.8950,13718.5840
2020-04-01,finalidad,transporte,5345.9418,5636.2740
2020-07-01,finalidad,transporte,8377.9671,7889.1972
2020-10-01,finalidad,transporte,11579.1960,11016.9448
2021-01-01,finalidad,transporte,11440.4310,12179.1284
2021-04-01,finalidad,transporte,10489.6537,10827.5126
2021-07-01,finalidad,transporte,14058.0775,13512.4908
2021-10-01,finalidad,transporte,16171.8378,15640.8682
2022-01-01,finalidad,transporte,15858.3282,16574.9187
2022-04-01,finalidad,transporte,16900.1492,17295.8744
2022-07-01,finalidad,transporte,18251.1576,17675.5928
2022-10-01,finalidad,transporte,17857.3650,17320.6142
2023-01-01,finalidad,transporte,16574.3080,17243.2924
2023-04-01,finalidad,transporte,16505.7464,16992.0070
2023-07-01,finalidad,transporte,17317.9811,16744.5832
2023-10-01,finalidad,transporte,17306.9645,16725.1173
2024-01-01,finalidad,transporte,15927.5103,16567.5935
2024-04-01,finalidad,transporte,15701.2234,16273.7795
2024-07-01,finalidad,transporte,16737.9844,16146.3084
2024-10-01,finalidad,transporte,17964.2819,17343.3186
2025-01-01,finalidad,transporte,16583.3309,17178.3213
2025-04-01,finalidad,transporte,16559.3616,17203.3471
2025-07-01,finalidad,transporte,18105.8894,17495.8226
2025-10-01,finalidad,transporte,18232.2844,17603.3753
2026-01-01,finalidad,transporte,17204.9045,17789.1432
2026-04-01,finalidad,transporte,17162.1473,17833.5102
2005-01-01,finalidad,vestuario,4268.9929,5342.5924
2005-04-01,finalidad,vestuario,5101.1491,5750.9269
2005-07-01,finalidad,vestuario,5170.0753,5681.3362
2005-10-01,finalidad,vestuario,7918.7827,5684.1446
2006-01-01,finalidad,vestuario,4445.4658,5662.5726
2006-04-01,finalidad,vestuario,5336.1940,5965.0794
2006-07-01,finalidad,vestuario,5584.2568,6171.6093
2006-10-01,finalidad,vestuario,8653.0833,6219.7387
2007-01-01,finalidad,vestuario,5046.2126,6350.4432
2007-04-01,finalidad,vestuario,5624.2315,6310.3673
2007-07-01,finalidad,vestuario,5795.6875,6379.1679
2007-10-01,finalidad,vestuario,9024.8683,6451.0217
2008-01-01,finalidad,vestuario,5249.9440,6523.3953
2008-04-01,finalidad,vestuario,5749.3158,6475.4323
2008-07-01,finalidad,vestuario,5907.9130,6505.8932
2008-10-01,finalidad,vestuario,9082.8272,6485.2792
2009-01-01,finalidad,vestuario,5146.6569,6445.1884
2009-04-01,finalidad,vestuario,5715.3534,6373.7081
2009-07-01,finalidad,vestuario,5643.5462,6234.1845
2009-10-01,finalidad,vestuario,9011.4436,6463.9190
2010-01-01,finalidad,vestuario,5306.0607,6623.8852
2010-04-01,finalidad,vestuario,6014.8907,6784.8314
2010-07-01,finalidad,vestuario,6452.9959,7186.8168
2010-10-01,finalidad,vestuario,10143.0527,7321.4666
2011-01-01,finalidad,vestuario,5815.6436,7370.2322
2011-04-01,finalidad,vestuario,7077.0667,7904.2286
2011-07-01,finalidad,vestuario,7243.4331,8082.2284
2011-10-01,finalidad,vestuario,11471.8566,8251.3108
2012-01-01,finalidad,vestuario,6697.4198,8335.9054
2012-04-01,finalidad,vestuario,7583.5627,8436.2638
2012-07-01,finalidad,vestuario,7678.3133,8510.8298
2012-10-01,finalidad,vestuario,11613.7042,8290.0010
2013-01-01,finalidad,vestuario,6943.1341,8557.3125
2013-04-01,finalidad,vestuario,7773.4951,8750.0768
2013-07-01,finalidad,vestuario,7836.2271,8760.9795
2013-10-01,finalidad,vestuario,12335.1437,8819.6313
2014-01-01,finalidad,vestuario,7198.1256,8999.2028
2014-04-01,finalidad,vestuario,8137.8471,9080.1323
2014-07-01,finalidad,vestuario,7948.1525,8923.6477
2014-10-01,finalidad,vestuario,12874.8749,9156.0172
2015-01-01,finalidad,vestuario,7304.8714,9037.0376
2015-04-01,finalidad,vestuario,7948.2206,9007.3792
2015-07-01,finalidad,vestuario,8127.5358,9153.1139
2015-10-01,finalidad,vestuario,13011.3721,9194.4692
2016-01-01,finalidad,vestuario,7674.5654,9480.7997
2016-04-01,finalidad,vestuario,8299.5755,9491.3750
2016-07-01,finalidad,vestuario,8462.5434,9548.5865
2016-10-01,finalidad,vestuario,13758.3157,9674.2388
2017-01-01,finalidad,vestuario,7569.4366,9530.1453
2017-04-01,finalidad,vestuario,8379.8088,9506.7249
2017-07-01,finalidad,vestuario,8606.2477,9716.5478
2017-10-01,finalidad,vestuario,13968.5068,9770.5820
2018-01-01,finalidad,vestuario,7868.2387,9796.2511
2018-04-01,finalidad,vestuario,8671.8883,9966.9399
2018-07-01,finalidad,vestuario,8762.1875,9856.2497
2018-10-01,finalidad,vestuario,14175.6855,9858.5592
2019-01-01,finalidad,vestuario,7856.9777,9944.4380
2019-04-01,finalidad,vestuario,8824.9605,10011.5067
2019-07-01,finalidad,vestuario,9082.1475,10270.2810
2019-10-01,finalidad,vestuario,15022.9144,10560.7743
2020-01-01,finalidad,vestuario,7504.0746,9713.1680
2020-04-01,finalidad,vestuario,3424.1027,4170.8401
2020-07-01,finalidad,vestuario,6650.3136,7799.2959
2020-10-01,finalidad,vestuario,14532.5090,10427.6960
2021-01-01,finalidad,vestuario,7551.2865,9853.2038
2021-04-01,finalidad,vestuario,7978.8157,9446.4401
2021-07-01,finalidad,vestuario,10271.4673,11810.1497
2021-10-01,finalidad,vestuario,17917.4305,12609.2064
2022-01-01,finalidad,vestuario,10044.8041,12848.6893
2022-04-01,finalidad,vestuario,11610.3412,13108.1723
2022-07-01,finalidad,vestuario,11708.5951,13100.3601
2022-10-01,finalidad,vestuario,18278.2596,12584.7782
2023-01-01,finalidad,vestuario,9560.9933,11969.0019
2023-04-01,finalidad,vestuario,10301.4564,11624.9107
2023-07-01,finalidad,vestuario,10347.4309,11588.1985
2023-10-01,finalidad,vestuario,16214.1194,11241.8888
2024-01-01,finalidad,vestuario,8936.2789,11179.2825
2024-04-01,finalidad,vestuario,9949.8993,11444.7219
2024-07-01,finalidad,vestuario,10219.7562,11581.6065
2024-10-01,finalidad,vestuario,16933.0656,11833.3892
2025-01-01,finalidad,vestuario,9505.1619,12040.0652
2025-04-01,finalidad,vestuario,10560.1984,11935.4715
2025-07-01,finalidad,vestuario,10684.3911,12047.2436
2025-10-01,finalidad,vestuario,17362.7989,12089.7700
2026-01-01,finalidad,vestuario,9858.3807,12328.0420
2026-04-01,finalidad,vestuario,10973.9835,12542.3686
2005-01-01,finalidad,vivienda_servicios,14317.8288,14386.3300
2005-04-01,finalidad,vivienda_servicios,14527.1951,14512.3568
2005-07-01,finalidad,vivienda_servicios,14637.8877,14633.1007
2005-10-01,finalidad,vivienda_servicios,14837.0884,14788.2125
2006-01-01,finalidad,vivienda_servicios,14905.9431,14980.6392
2006-04-01,finalidad,vivienda_servicios,15176.8319,15163.4493
2006-07-01,finalidad,vivienda_servicios,15340.9497,15333.7844
2006-10-01,finalidad,vivienda_servicios,15504.2752,15450.1271
2007-01-01,finalidad,vivienda_servicios,15554.3367,15634.0381
2007-04-01,finalidad,vivienda_servicios,15705.0492,15687.4075
2007-07-01,finalidad,vivienda_servicios,15801.7042,15790.2916
2007-10-01,finalidad,vivienda_servicios,15977.9098,15927.2628
2008-01-01,finalidad,vivienda_servicios,15804.9276,15849.7312
2008-04-01,finalidad,vivienda_servicios,16099.0992,16099.7500
2008-07-01,finalidad,vivienda_servicios,16273.4786,16271.9109
2008-10-01,finalidad,vivienda_servicios,16483.4946,16439.6079
2009-01-01,finalidad,vivienda_servicios,16424.4761,16537.8947
2009-04-01,finalidad,vivienda_servicios,16832.2174,16809.5929
2009-07-01,finalidad,vivienda_servicios,17056.4824,17026.3192
2009-10-01,finalidad,vivienda_servicios,17288.8241,17228.1932
2010-01-01,finalidad,vivienda_servicios,17269.7635,17391.0087
2010-04-01,finalidad,vivienda_servicios,17554.6031,17524.3822
2010-07-01,finalidad,vivienda_servicios,17685.0640,17650.9500
2010-10-01,finalidad,vivienda_servicios,17836.5694,17779.6591
2011-01-01,finalidad,vivienda_servicios,17794.9817,17926.0482
2011-04-01,finalidad,vivienda_servicios,18128.8005,18086.6078
2011-07-01,finalidad,vivienda_servicios,18312.0303,18272.7408
2011-10-01,finalidad,vivienda_servicios,18520.1875,18470.6033
2012-01-01,finalidad,vivienda_servicios,18669.5109,18763.1818
2012-04-01,finalidad,vivienda_servicios,19047.5915,19024.0815
2012-07-01,finalidad,vivienda_servicios,19213.2694,19188.4883
2012-10-01,finalidad,vivienda_servicios,19528.6281,19483.2484
2013-01-01,finalidad,vivienda_servicios,19494.4026,19668.5975
2013-04-01,finalidad,vivienda_servicios,19956.8042,19915.5394
2013-07-01,finalidad,vivienda_servicios,20170.1884,20111.1556
2013-10-01,finalidad,vivienda_servicios,20365.6048,20291.7074
2014-01-01,finalidad,vivienda_servicios,20323.9957,20503.5722
2014-04-01,finalidad,vivienda_servicios,20727.2883,20698.1891
2014-07-01,finalidad,vivienda_servicios,20925.3300,20858.9673
2014-10-01,finalidad,vivienda_servicios,21018.3861,20934.2713
2015-01-01,finalidad,vivienda_servicios,20990.3153,21175.5855
2015-04-01,finalidad,vivienda_servicios,21362.0251,21346.3155
2015-07-01,finalidad,vivienda_servicios,21625.7149,21550.0851
2015-10-01,finalidad,vivienda_servicios,21818.9448,21725.0139
2016-01-01,finalidad,vivienda_servicios,21675.6771,21806.3343
2016-04-01,finalidad,vivienda_servicios,21923.2062,21948.9885
2016-07-01,finalidad,vivienda_servicios,22150.3051,22086.4714
2016-10-01,finalidad,vivienda_servicios,22320.8116,22228.2057
2017-01-01,finalidad,vivienda_servicios,22147.6745,22351.1024
2017-04-01,finalidad,vivienda_servicios,22471.4852,22488.4425
2017-07-01,finalidad,vivienda_servicios,22742.6307,22637.5480
2017-10-01,finalidad,vivienda_servicios,22975.2096,22859.9071
2018-01-01,finalidad,vivienda_servicios,22866.6742,23057.1334
2018-04-01,finalidad,vivienda_servicios,23272.5889,23299.7369
2018-07-01,finalidad,vivienda_servicios,23712.8591,23594.7681
2018-10-01,finalidad,vivienda_servicios,23854.8779,23755.3617
2019-01-01,finalidad,vivienda_servicios,23784.0596,23956.5138
2019-04-01,finalidad,vivienda_servicios,24048.6961,24078.6508
2019-07-01,finalidad,vivienda_servicios,24357.1033,24233.9368
2019-10-01,finalidad,vivienda_servicios,24383.1410,24303.8985
2020-01-01,finalidad,vivienda_servicios,24306.6648,24394.3233
2020-04-01,finalidad,vivienda_servicios,24259.7805,24316.8872
2020-07-01,finalidad,vivienda_servicios,24734.4382,24644.6050
2020-10-01,finalidad,vivienda_servicios,24954.1164,24899.1845
2021-01-01,finalidad,vivienda_servicios,25019.1446,25172.7779
2021-04-01,finalidad,vivienda_servicios,25222.3470,25248.3570
2021-07-01,finalidad,vivienda_servicios,25572.6966,25463.6012
2021-10-01,finalidad,vivienda_servicios,25761.8119,25691.2638
2022-01-01,finalidad,vivienda_servicios,25668.2700,25796.0224
2022-04-01,finalidad,vivienda_servicios,25844.4002,25860.4995
2022-07-01,finalidad,vivienda_servicios,26030.3031,25936.1505
2022-10-01,finalidad,vivienda_servicios,26082.0268,26032.3276
2023-01-01,finalidad,vivienda_servicios,26119.4941,26224.0135
2023-04-01,finalidad,vivienda_servicios,26455.0476,26463.5056
2023-07-01,finalidad,vivienda_servicios,26725.0505,26639.8418
2023-10-01,finalidad,vivienda_servicios,26821.4078,26793.6390
2024-01-01,finalidad,vivienda_servicios,26969.0479,26988.2657
2024-04-01,finalidad,vivienda_servicios,26952.4952,26994.2171
2024-07-01,finalidad,vivienda_servicios,27095.9225,27045.6918
2024-10-01,finalidad,vivienda_servicios,27162.5344,27151.8254
2025-01-01,finalidad,vivienda_servicios,27196.9109,27308.4879
2025-04-01,finalidad,vivienda_servicios,27396.9784,27411.1928
2025-07-01,finalidad,vivienda_servicios,27686.9747,27605.3483
2025-10-01,finalidad,vivienda_servicios,27835.1982,27791.0333
2026-01-01,finalidad,vivienda_servicios,27776.1017,27885.6259
2026-04-01,finalidad,vivienda_servicios,28213.7767,28223.6218
