fecha,codigo,sector,nivel,yoy,peso,contribucion
2009-01-01,A,Agro y pesca,9201.643369,-3.084538,6.987363,-0.222778
2009-01-01,B,Minería,8054.722052,7.929632,6.116436,0.450166
2009-01-01,C,Industria,20527.568372,-4.297848,15.587821,-0.701256
2009-01-01,D + E,"Electricidad, gas y agua",5058.233545,0.472392,3.841022,0.018091
2009-01-01,F,Construcción,8473.248807,-3.301862,6.434249,-0.220090
2009-01-01,G + H + I,"Comercio, transporte y turismo",23698.268161,-1.615143,17.995525,-0.295944
2009-01-01,J,Información y comunicaciones,3842.632309,-5.701784,2.917943,-0.176744
2009-01-01,K,Finanzas y seguros,5462.111206,7.103153,4.147711,0.275562
2009-01-01,L,Inmobiliarias,14228.179326,3.654596,10.804315,0.381601
2009-01-01,M + N,Servicios profesionales,10374.572380,2.690274,7.878039,0.206751
2009-01-01,O + P + Q,"Gobierno, educación y salud",19581.379834,1.491660,14.869323,0.218923
2009-01-01,R + S + T,"Arte, hogares y otros",3580.659080,1.383178,2.719010,0.037161
2009-04-01,A,Agro y pesca,9303.524401,-2.830484,6.860079,-0.201736
2009-04-01,B,Minería,8417.291758,10.904506,6.206603,0.616076
2009-04-01,C,Industria,20828.994411,-6.507220,15.358539,-1.079173
2009-04-01,D + E,"Electricidad, gas y agua",5149.946457,0.879254,3.797382,0.033413
2009-04-01,F,Construcción,10614.682807,8.464776,7.826879,0.616650
2009-04-01,G + H + I,"Comercio, transporte y turismo",24818.136230,-0.674018,18.299987,-0.125367
2009-04-01,J,Información y comunicaciones,3820.682754,-8.653520,2.817232,-0.269431
2009-04-01,K,Finanzas y seguros,5157.493159,5.730206,3.802947,0.208073
2009-04-01,L,Inmobiliarias,14385.003414,3.793506,10.606976,0.391369
2009-04-01,M + N,Servicios profesionales,10640.161195,3.854895,7.845666,0.293994
2009-04-01,O + P + Q,"Gobierno, educación y salud",19586.837736,2.586991,14.442618,0.367682
2009-04-01,R + S + T,"Arte, hogares y otros",3626.058515,2.439744,2.673723,0.064286
2009-07-01,A,Agro y pesca,11099.436038,1.842309,7.857620,0.143630
2009-07-01,B,Minería,8698.663704,9.923107,6.158042,0.561723
2009-07-01,C,Industria,22291.569095,-3.458372,15.780863,-0.571227
2009-07-01,D + E,"Electricidad, gas y agua",5358.865752,3.051084,3.793700,0.113497
2009-07-01,F,Construcción,10347.781738,-3.503387,7.325502,-0.268741
2009-07-01,G + H + I,"Comercio, transporte y turismo",25576.199134,0.205923,18.106150,0.037597
2009-07-01,J,Información y comunicaciones,3713.005095,-15.191175,2.628546,-0.475759
2009-07-01,K,Finanzas y seguros,5279.513042,4.124055,3.737524,0.149582
2009-07-01,L,Inmobiliarias,14523.248609,3.836930,10.281439,0.383890
2009-07-01,M + N,Servicios profesionales,10829.277707,2.907878,7.666367,0.218896
2009-07-01,O + P + Q,"Gobierno, educación y salud",20084.098441,3.906084,14.218129,0.540087
2009-07-01,R + S + T,"Arte, hogares y otros",3733.474883,1.945743,2.643038,0.050973
2009-10-01,A,Agro y pesca,10217.396192,2.715108,6.839507,0.186812
2009-10-01,B,Minería,9488.322486,16.636110,6.351466,0.936097
2009-10-01,C,Industria,22705.868122,-0.503352,15.199267,-0.079454
2009-10-01,D + E,"Electricidad, gas y agua",5545.954246,5.051226,3.712452,0.184452
2009-10-01,F,Construcción,10880.286648,8.621883,7.283244,0.597362
2009-10-01,G + H + I,"Comercio, transporte y turismo",28092.396475,1.239345,18.805000,0.237872
2009-10-01,J,Información y comunicaciones,4292.679843,-4.273259,2.873512,-0.132546
2009-10-01,K,Finanzas y seguros,5415.882593,-2.412272,3.625382,-0.092600
2009-10-01,L,Inmobiliarias,14729.568652,4.032477,9.859947,0.394917
2009-10-01,M + N,Servicios profesionales,12153.988718,1.888393,8.135858,0.155811
2009-10-01,O + P + Q,"Gobierno, educación y salud",22328.683989,4.089534,14.946781,0.606796
2009-10-01,R + S + T,"Arte, hogares y otros",3956.807522,3.465541,2.648680,0.091671
2010-01-01,A,Agro y pesca,9170.081852,-0.342999,6.695638,-0.023967
2010-01-01,B,Minería,9240.989979,14.727608,6.747413,0.900805
2010-01-01,C,Industria,20592.933352,0.318425,15.036162,0.049636
2010-01-01,D + E,"Electricidad, gas y agua",5477.766762,8.294066,3.999653,0.318577
2010-01-01,F,Construcción,8909.716514,5.151126,6.505530,0.331436
2010-01-01,G + H + I,"Comercio, transporte y turismo",24767.276208,4.510912,18.084105,0.811762
2010-01-01,J,Información y comunicaciones,4063.091355,5.737188,2.966712,0.167408
2010-01-01,K,Finanzas y seguros,5296.210617,-3.037298,3.867088,-0.125978
2010-01-01,L,Inmobiliarias,14779.177589,3.872584,10.791183,0.418406
2010-01-01,M + N,Servicios profesionales,10612.132186,2.289827,7.748568,0.180393
2010-01-01,O + P + Q,"Gobierno, educación y salud",20565.504869,5.025821,15.016135,0.747306
2010-01-01,R + S + T,"Arte, hogares y otros",3712.365101,3.678262,2.710625,0.100012
2010-04-01,A,Agro y pesca,9530.041064,2.434740,6.724403,0.167025
2010-04-01,B,Minería,9721.170706,15.490481,6.859264,0.961433
2010-04-01,C,Industria,21568.169246,3.548778,15.218513,0.545041
2010-04-01,D + E,"Electricidad, gas y agua",5447.397410,5.775807,3.843687,0.219329
2010-04-01,F,Construcción,9646.729875,-9.119000,6.806738,-0.713733
2010-04-01,G + H + I,"Comercio, transporte y turismo",25985.246490,4.702651,18.335206,0.860584
2010-04-01,J,Información y comunicaciones,4461.015997,16.759655,3.147696,0.472158
2010-04-01,K,Finanzas y seguros,5447.677538,5.626462,3.843885,0.213971
2010-04-01,L,Inmobiliarias,14910.884934,3.655762,10.521130,0.387766
2010-04-01,M + N,Servicios profesionales,10917.437578,2.605942,7.703351,0.204453
2010-04-01,O + P + Q,"Gobierno, educación y salud",20464.510347,4.480931,14.439771,0.647164
2010-04-01,R + S + T,"Arte, hogares y otros",3688.697529,1.727468,2.602747,0.046188
2010-07-01,A,Agro y pesca,10815.262252,-2.560254,7.384503,-0.201175
2010-07-01,B,Minería,9488.118368,9.075586,6.478349,0.558878
2010-07-01,C,Industria,22506.412727,0.963789,15.367050,0.152094
2010-07-01,D + E,"Electricidad, gas y agua",5517.497713,2.960178,3.767267,0.112300
2010-07-01,F,Construcción,9941.486232,-3.926402,6.787902,-0.287629
2010-07-01,G + H + I,"Comercio, transporte y turismo",26936.245063,5.317623,18.391675,0.962817
2010-07-01,J,Información y comunicaciones,4610.234933,24.164519,3.147801,0.635176
2010-07-01,K,Finanzas y seguros,5642.047960,6.866825,3.852308,0.256649
2010-07-01,L,Inmobiliarias,15046.183002,3.600671,10.273314,0.370201
2010-07-01,M + N,Servicios profesionales,11144.538443,2.911189,7.609328,0.223182
2010-07-01,O + P + Q,"Gobierno, educación y salud",20788.829721,3.508902,14.194310,0.498900
2010-07-01,R + S + T,"Arte, hogares y otros",3833.565772,2.680904,2.617503,0.070857
2010-10-01,A,Agro y pesca,10427.614833,2.057458,6.642012,0.140720
2010-10-01,B,Minería,9976.720946,5.147364,6.354809,0.326933
2010-10-01,C,Industria,23312.484675,2.671629,14.849206,0.406068
2010-10-01,D + E,"Electricidad, gas y agua",5492.338115,-0.966761,3.498420,-0.035891
2010-10-01,F,Construcción,11550.067379,6.155911,7.356974,0.448350
2010-10-01,G + H + I,"Comercio, transporte y turismo",29958.232239,6.641782,19.082306,1.248987
2010-10-01,J,Información y comunicaciones,5121.657715,19.311430,3.262310,0.554916
2010-10-01,K,Finanzas y seguros,5926.063886,9.420095,3.774688,0.341514
2010-10-01,L,Inmobiliarias,15195.754474,3.164966,9.679144,0.312064
2010-10-01,M + N,Servicios profesionales,12679.891792,4.327000,8.076631,0.352039
2010-10-01,O + P + Q,"Gobierno, educación y salud",23543.155063,5.439062,14.996135,0.812965
2010-10-01,R + S + T,"Arte, hogares y otros",4024.371598,1.707540,2.563379,0.045227
2011-01-01,A,Agro y pesca,9793.669275,6.800238,6.712011,0.455319
2011-01-01,B,Minería,10176.827852,10.127030,6.974605,0.683313
2011-01-01,C,Industria,21869.515096,6.199125,14.988092,0.932111
2011-01-01,D + E,"Electricidad, gas y agua",5611.593162,2.443083,3.845859,0.097715
2011-01-01,F,Construcción,9095.925534,2.089954,6.233818,0.135963
2011-01-01,G + H + I,"Comercio, transporte y turismo",26388.311441,6.545069,18.085012,1.183617
2011-01-01,J,Información y comunicaciones,4714.930177,16.042928,3.231339,0.475947
2011-01-01,K,Finanzas y seguros,6003.984618,13.363781,4.114781,0.516789
2011-01-01,L,Inmobiliarias,15205.731465,2.886181,10.421123,0.311453
2011-01-01,M + N,Servicios profesionales,11223.812883,5.763975,7.692148,0.446626
2011-01-01,O + P + Q,"Gobierno, educación y salud",21746.413374,5.742181,14.903725,0.862254
2011-01-01,R + S + T,"Arte, hogares y otros",3852.843677,3.784072,2.640515,0.102572
2011-04-01,A,Agro y pesca,9701.634268,1.800551,6.431319,0.121076
2011-04-01,B,Minería,10931.124905,12.446589,7.246362,0.853744
2011-04-01,C,Industria,22591.708337,4.745600,14.976289,0.722210
2011-04-01,D + E,"Electricidad, gas y agua",5583.220584,2.493359,3.701178,0.095837
2011-04-01,F,Construcción,10513.841368,8.988657,6.969740,0.611834
2011-04-01,G + H + I,"Comercio, transporte y turismo",28028.052332,7.861406,18.580101,1.441405
2011-04-01,J,Información y comunicaciones,4827.391291,8.212822,3.200130,0.258515
2011-04-01,K,Finanzas y seguros,6043.124663,10.930293,4.006053,0.420148
2011-04-01,L,Inmobiliarias,15323.855028,2.769588,10.158350,0.291392
2011-04-01,M + N,Servicios profesionales,11601.374385,6.264628,7.690677,0.482586
2011-04-01,O + P + Q,"Gobierno, educación y salud",21509.709358,5.107374,14.259021,0.737493
2011-04-01,R + S + T,"Arte, hogares y otros",3939.059364,6.787269,2.611245,0.176655
2011-07-01,A,Agro y pesca,10878.852350,0.587966,6.905057,0.043418
2011-07-01,B,Minería,11205.696490,18.102410,7.112512,1.172737
2011-07-01,C,Industria,24228.658326,7.652244,15.378485,1.175924
2011-07-01,D + E,"Electricidad, gas y agua",5701.863902,3.341482,3.619104,0.125883
2011-07-01,F,Construcción,11102.677735,11.680261,7.047124,0.792845
2011-07-01,G + H + I,"Comercio, transporte y turismo",28990.092728,7.624848,18.400677,1.402337
2011-07-01,J,Información y comunicaciones,5076.535500,10.114464,3.222193,0.318383
2011-07-01,K,Finanzas y seguros,6166.061516,9.287648,3.913741,0.357789
2011-07-01,L,Inmobiliarias,15453.995218,2.710403,9.809005,0.278448
2011-07-01,M + N,Servicios profesionales,12023.120588,7.883522,7.631350,0.599883
2011-07-01,O + P + Q,"Gobierno, educación y salud",21968.946502,5.676687,13.944194,0.805767
2011-07-01,R + S + T,"Arte, hogares y otros",4150.952209,8.279144,2.634705,0.216707
2011-10-01,A,Agro y pesca,10331.844108,-0.918434,6.211262,-0.061002
2011-10-01,B,Minería,11660.350753,16.875583,7.009929,1.072411
2011-10-01,C,Industria,24206.118242,3.833283,14.552149,0.569212
2011-10-01,D + E,"Electricidad, gas y agua",5711.322352,3.987086,3.433513,0.139485
2011-10-01,F,Construcción,11823.555363,2.367848,7.108044,0.174202
2011-10-01,G + H + I,"Comercio, transporte y turismo",31656.543499,5.668930,19.031170,1.081763
2011-10-01,J,Información y comunicaciones,5534.143032,8.053746,3.326997,0.262738
2011-10-01,K,Finanzas y seguros,6540.829203,10.373923,3.932193,0.391583
2011-10-01,L,Inmobiliarias,15644.418289,2.952560,9.405057,0.285783
2011-10-01,M + N,Servicios profesionales,13719.692143,8.200388,8.247956,0.662315
2011-10-01,O + P + Q,"Gobierno, educación y salud",25039.930765,6.357583,15.053418,0.953392
2011-10-01,R + S + T,"Arte, hogares y otros",4245.144750,5.485904,2.552081,0.140624
2012-01-01,A,Agro y pesca,9960.553430,1.704000,6.432909,0.114373
2012-01-01,B,Minería,11435.497191,12.367993,7.385485,0.862619
2012-01-01,C,Industria,22548.352510,3.104035,14.562595,0.465236
2012-01-01,D + E,"Electricidad, gas y agua",5734.160951,2.184189,3.703342,0.084001
2012-01-01,F,Construcción,10710.367728,17.749070,6.917168,1.106445
2012-01-01,G + H + I,"Comercio, transporte y turismo",28034.106188,6.236832,18.105506,1.127932
2012-01-01,J,Información y comunicaciones,4855.827720,2.988327,3.136081,0.096563
2012-01-01,K,Finanzas y seguros,6524.274647,8.665746,4.213628,0.356576
2012-01-01,L,Inmobiliarias,15666.452751,3.029919,10.117999,0.315752
2012-01-01,M + N,Servicios profesionales,11916.056919,6.167637,7.695849,0.474424
2012-01-01,O + P + Q,"Gobierno, educación y salud",22844.960580,5.051625,14.754156,0.752880
2012-01-01,R + S + T,"Arte, hogares y otros",3989.229185,3.539866,2.576398,0.093471
2012-04-01,A,Agro y pesca,10218.771189,5.330410,6.463145,0.342816
2012-04-01,B,Minería,11507.289879,5.270866,7.278105,0.381946
2012-04-01,C,Industria,22856.409065,1.171672,14.456170,0.175473
2012-04-01,D + E,"Electricidad, gas y agua",5709.729803,2.265883,3.611277,0.083864
2012-04-01,F,Construcción,12076.319164,14.861151,7.638003,1.035784
2012-04-01,G + H + I,"Comercio, transporte y turismo",29185.738174,4.130454,18.459330,0.767443
2012-04-01,J,Información y comunicaciones,4875.426969,0.995065,3.083599,0.031843
2012-04-01,K,Finanzas y seguros,6607.652093,9.341648,4.179193,0.374231
2012-04-01,L,Inmobiliarias,15799.927341,3.106740,9.993102,0.315594
2012-04-01,M + N,Servicios profesionales,12223.784163,5.364966,7.731271,0.412602
2012-04-01,O + P + Q,"Gobierno, educación y salud",22690.910909,5.491481,14.351496,0.783031
2012-04-01,R + S + T,"Arte, hogares y otros",3998.504233,1.509113,2.528965,0.039407
2012-07-01,A,Agro y pesca,11143.117160,2.429161,6.923479,0.167735
2012-07-01,B,Minería,11401.104720,1.743829,7.083773,0.124030
2012-07-01,C,Industria,24220.342776,-0.034321,15.048666,-0.005278
2012-07-01,D + E,"Electricidad, gas y agua",5841.921814,2.456353,3.629723,0.088898
2012-07-01,F,Construcción,10256.438053,-7.621942,6.372565,-0.537128
2012-07-01,G + H + I,"Comercio, transporte y turismo",29742.348410,2.594872,18.479617,0.477474
2012-07-01,J,Información y comunicaciones,4995.195985,-1.602264,3.103632,-0.051628
2012-07-01,K,Finanzas y seguros,6590.486979,6.883251,4.094824,0.269393
2012-07-01,L,Inmobiliarias,15962.478979,3.290306,9.917862,0.322746
2012-07-01,M + N,Servicios profesionales,12502.464502,3.986851,7.768074,0.304251
2012-07-01,O + P + Q,"Gobierno, educación y salud",23288.938211,6.008443,14.469962,0.837829
2012-07-01,R + S + T,"Arte, hogares y otros",4348.497738,4.759041,2.701823,0.125387
2012-10-01,A,Agro y pesca,10402.558222,0.684429,6.094650,0.042512
2012-10-01,B,Minería,11991.108210,2.836600,7.025350,0.198844
2012-10-01,C,Industria,24041.895649,-0.678434,14.085665,-0.098727
2012-10-01,D + E,"Electricidad, gas y agua",5808.187431,1.696018,3.402901,0.058233
2012-10-01,F,Construcción,12007.875055,1.558919,7.035173,0.110809
2012-10-01,G + H + I,"Comercio, transporte y turismo",32490.807228,2.635360,19.035712,0.501540
2012-10-01,J,Información y comunicaciones,5688.549326,2.790067,3.332807,0.092825
2012-10-01,K,Finanzas y seguros,6903.586280,5.546041,4.044673,0.218081
2012-10-01,L,Inmobiliarias,16150.140929,3.232608,9.462044,0.304029
2012-10-01,M + N,Servicios profesionales,14264.694416,3.972409,8.357398,0.327643
2012-10-01,O + P + Q,"Gobierno, educación y salud",26458.190300,5.663991,15.501323,0.852624
2012-10-01,R + S + T,"Arte, hogares y otros",4340.768844,2.252552,2.543169,0.057487
2013-01-01,A,Agro y pesca,10305.606973,3.464201,6.507129,0.222849
2013-01-01,B,Minería,11656.361779,1.931395,7.360018,0.142643
2013-01-01,C,Industria,21579.944084,-4.294808,13.625931,-0.625435
2013-01-01,D + E,"Electricidad, gas y agua",5847.157274,1.970582,3.691991,0.072977
2013-01-01,F,Construcción,10894.561331,1.719769,6.879005,0.118959
2013-01-01,G + H + I,"Comercio, transporte y turismo",28785.350259,2.679750,18.175543,0.485182
2013-01-01,J,Información y comunicaciones,5170.099905,6.472062,3.264486,0.202969
2013-01-01,K,Finanzas y seguros,7169.667831,9.892183,4.527046,0.416820
2013-01-01,L,Inmobiliarias,16166.465686,3.191616,10.207772,0.322928
2013-01-01,M + N,Servicios profesionales,12258.287188,2.872009,7.740084,0.221025
2013-01-01,O + P + Q,"Gobierno, educación y salud",23741.822776,3.925864,14.990977,0.579228
2013-01-01,R + S + T,"Arte, hogares y otros",4190.117961,5.035779,2.645709,0.129742
2013-04-01,A,Agro y pesca,11359.847944,11.166477,6.804617,0.721706
2013-04-01,B,Minería,12098.983450,5.141902,7.247364,0.374233
2013-04-01,C,Industria,23707.519866,3.723729,14.200946,0.538309
2013-04-01,D + E,"Electricidad, gas y agua",5978.498552,4.707206,3.581156,0.169990
2013-04-01,F,Construcción,12755.549067,5.624478,7.640650,0.429598
2013-04-01,G + H + I,"Comercio, transporte y turismo",30658.349431,5.045654,18.364535,0.931394
2013-04-01,J,Información y comunicaciones,5318.030806,9.078258,3.185532,0.279937
2013-04-01,K,Finanzas y seguros,7182.597711,8.701209,4.302419,0.363640
2013-04-01,L,Inmobiliarias,16322.596704,3.308049,9.777333,0.330577
2013-04-01,M + N,Servicios profesionales,12779.679797,4.547656,7.655105,0.351592
2013-04-01,O + P + Q,"Gobierno, educación y salud",24107.804573,6.244323,14.440719,0.896154
2013-04-01,R + S + T,"Arte, hogares y otros",4246.109877,6.192457,2.543445,0.156605
2013-07-01,A,Agro y pesca,11956.071636,7.295575,6.968764,0.505108
2013-07-01,B,Minería,12197.187566,6.982506,7.109302,0.494625
2013-07-01,C,Industria,24755.651634,2.210162,14.429179,0.332600
2013-07-01,D + E,"Electricidad, gas y agua",6062.561989,3.776842,3.533649,0.137089
2013-07-01,F,Construcción,13063.064305,27.364532,7.613991,1.743823
2013-07-01,G + H + I,"Comercio, transporte y turismo",31287.907350,5.196493,18.236597,0.960292
2013-07-01,J,Información y comunicaciones,5590.606855,11.919670,3.258564,0.369943
2013-07-01,K,Finanzas y seguros,7081.214613,7.446000,4.127385,0.304901
2013-07-01,L,Inmobiliarias,16465.747583,3.152822,9.597292,0.312693
2013-07-01,M + N,Servicios profesionales,13241.071100,5.907688,7.717744,0.458914
2013-07-01,O + P + Q,"Gobierno, educación y salud",24673.470891,5.945023,14.381279,0.860243
2013-07-01,R + S + T,"Arte, hogares y otros",4531.918315,4.218022,2.641492,0.113963
2013-10-01,A,Agro y pesca,11213.473447,7.795344,6.163211,0.475099
2013-10-01,B,Minería,12841.467206,7.091580,7.057997,0.498208
2013-10-01,C,Industria,25037.884417,4.142721,13.761459,0.583530
2013-10-01,D + E,"Electricidad, gas y agua",6061.782186,4.366160,3.331710,0.148576
2013-10-01,F,Construcción,13417.825298,11.741880,7.374779,0.826062
2013-10-01,G + H + I,"Comercio, transporte y turismo",34417.392960,5.929633,18.916676,1.128748
2013-10-01,J,Información y comunicaciones,6139.262434,7.923164,3.374295,0.264064
2013-10-01,K,Finanzas y seguros,7726.519844,11.920378,4.246692,0.482140
2013-10-01,L,Inmobiliarias,16670.190026,3.220090,9.162361,0.304686
2013-10-01,M + N,Servicios profesionales,15313.961915,7.355696,8.416944,0.614745
2013-10-01,O + P + Q,"Gobierno, educación y salud",28007.901760,5.857209,15.393856,0.907945
2013-10-01,R + S + T,"Arte, hogares y otros",4749.853846,9.424252,2.610641,0.239675
2014-01-01,A,Agro y pesca,11097.836203,7.687361,6.569238,0.500227
2014-01-01,B,Minería,12150.219394,4.236808,7.192184,0.311830
2014-01-01,C,Industria,23061.571686,6.865762,13.651035,0.935524
2014-01-01,D + E,"Electricidad, gas y agua",6109.901635,4.493540,3.616687,0.165901
2014-01-01,F,Construcción,12469.484468,14.456049,7.381170,0.994432
2014-01-01,G + H + I,"Comercio, transporte y turismo",30365.628181,5.489869,17.974588,0.997813
2014-01-01,J,Información y comunicaciones,5645.983727,9.204538,3.342076,0.300481
2014-01-01,K,Finanzas y seguros,7829.659077,9.205325,4.634678,0.416729
2014-01-01,L,Inmobiliarias,16689.593539,3.235883,9.879215,0.330312
2014-01-01,M + N,Servicios profesionales,13328.050523,8.726858,7.889388,0.675466
2014-01-01,O + P + Q,"Gobierno, educación y salud",25318.738778,6.641933,14.987140,0.995691
2014-01-01,R + S + T,"Arte, hogares y otros",4442.555011,6.024581,2.629720,0.159393
2014-04-01,A,Agro y pesca,11269.923599,-0.791598,6.539751,-0.053865
2014-04-01,B,Minería,11648.297614,-3.724989,6.759315,-0.269964
2014-04-01,C,Industria,23911.731387,0.861379,13.875584,0.122324
2014-04-01,D + E,"Electricidad, gas y agua",6198.704030,3.683291,3.597006,0.131904
2014-04-01,F,Construcción,13578.844595,6.454411,7.879580,0.493159
2014-04-01,G + H + I,"Comercio, transporte y turismo",31947.098948,4.203584,18.538375,0.771969
2014-04-01,J,Información y comunicaciones,5808.613947,9.224902,3.370643,0.293862
2014-04-01,K,Finanzas y seguros,7926.730457,10.360218,4.599751,0.445740
2014-04-01,L,Inmobiliarias,16818.508323,3.038191,9.759503,0.297054
2014-04-01,M + N,Servicios profesionales,13817.268054,8.119047,8.017933,0.621522
2014-04-01,O + P + Q,"Gobierno, educación y salud",25166.904768,4.393184,14.603940,0.634407
2014-04-01,R + S + T,"Arte, hogares y otros",4293.233636,1.109810,2.491293,0.028227
2014-07-01,A,Agro y pesca,12185.812197,1.921539,6.814614,0.133908
2014-07-01,B,Minería,11903.807330,-2.405311,6.656910,-0.171001
2014-07-01,C,Industria,25354.392533,2.418603,14.178817,0.348985
2014-07-01,D + E,"Electricidad, gas y agua",6289.321572,3.740326,3.517148,0.132170
2014-07-01,F,Construcción,14398.395716,10.222191,8.051947,0.778317
2014-07-01,G + H + I,"Comercio, transporte y turismo",32731.420052,4.613644,18.304237,0.841372
2014-07-01,J,Información y comunicaciones,5733.707570,2.559663,3.206434,0.083408
2014-07-01,K,Finanzas y seguros,8038.794700,13.522823,4.495497,0.558139
2014-07-01,L,Inmobiliarias,16975.090142,3.093346,9.492899,0.296877
2014-07-01,M + N,Servicios profesionales,14191.280919,7.176231,7.936123,0.553843
2014-07-01,O + P + Q,"Gobierno, educación y salud",26129.320913,5.900467,14.612177,0.848563
2014-07-01,R + S + T,"Arte, hogares y otros",4651.087731,2.629558,2.601006,0.069460
2014-10-01,A,Agro y pesca,11586.428001,3.325950,6.141883,0.204985
2014-10-01,B,Minería,12433.675661,-3.175584,6.591002,-0.224133
2014-10-01,C,Industria,25501.304394,1.850875,13.518059,0.254707
2014-10-01,D + E,"Electricidad, gas y agua",6175.072762,1.868932,3.273362,0.062267
2014-10-01,F,Construcción,14155.275221,5.496047,7.503610,0.405321
2014-10-01,G + H + I,"Comercio, transporte y turismo",36018.852819,4.653054,19.093336,0.880203
2014-10-01,J,Información y comunicaciones,6465.694756,5.317126,3.427418,0.179416
2014-10-01,K,Finanzas y seguros,8343.815766,7.989314,4.422997,0.339282
2014-10-01,L,Inmobiliarias,17180.807996,3.063060,9.107423,0.280649
2014-10-01,M + N,Servicios profesionales,16163.400504,5.546824,8.568103,0.466873
2014-10-01,O + P + Q,"Gobierno, educación y salud",29793.035541,6.373679,15.793075,0.981155
2014-10-01,R + S + T,"Arte, hogares y otros",4823.123623,1.542569,2.556703,0.040271
2015-01-01,A,Agro y pesca,11447.890678,3.154259,6.589797,0.207211
2015-01-01,B,Minería,11821.465925,-2.705741,6.804839,-0.194602
2015-01-01,C,Industria,23222.033920,0.695799,13.367395,0.094984
2015-01-01,D + E,"Electricidad, gas y agua",6069.811230,-0.656155,3.493990,-0.023731
2015-01-01,F,Construcción,13195.624618,5.823337,7.595852,0.429830
2015-01-01,G + H + I,"Comercio, transporte y turismo",31456.990467,3.594071,18.107717,0.646019
2015-01-01,J,Información y comunicaciones,5667.896408,0.388111,3.262635,0.012971
2015-01-01,K,Finanzas y seguros,8693.254344,11.029794,5.004134,0.511195
2015-01-01,L,Inmobiliarias,17186.367664,2.976550,9.893060,0.294060
2015-01-01,M + N,Servicios profesionales,13599.548944,2.037045,7.828364,0.160710
2015-01-01,O + P + Q,"Gobierno, educación y salud",26821.054839,5.933613,15.439114,0.889279
2015-01-01,R + S + T,"Arte, hogares y otros",4539.479705,2.181733,2.613079,0.057373
2015-04-01,A,Agro y pesca,11579.520171,2.747104,6.480913,0.179654
2015-04-01,B,Minería,11981.166954,2.857665,6.705709,0.193159
2015-04-01,C,Industria,24147.627348,0.986528,13.515125,0.136887
2015-04-01,D + E,"Electricidad, gas y agua",6065.297335,-2.152171,3.394671,-0.077414
2015-04-01,F,Construcción,14902.960803,9.751317,8.341001,0.768363
2015-04-01,G + H + I,"Comercio, transporte y turismo",32853.547366,2.837342,18.387720,0.525997
2015-04-01,J,Información y comunicaciones,5762.545853,-0.793100,3.225225,-0.026733
2015-04-01,K,Finanzas y seguros,8621.381044,8.763394,4.825279,0.403094
2015-04-01,L,Inmobiliarias,17335.378103,3.073220,9.702394,0.299931
2015-04-01,M + N,Servicios profesionales,13844.622953,0.197976,7.748662,0.015874
2015-04-01,O + P + Q,"Gobierno, educación y salud",27080.490673,7.603581,15.156612,1.110422
2015-04-01,R + S + T,"Arte, hogares y otros",4496.607865,4.737087,2.516695,0.118015
2015-07-01,A,Agro y pesca,13022.883680,6.869230,7.022286,0.468112
2015-07-01,B,Minería,11604.466090,-2.514668,6.257437,-0.167399
2015-07-01,C,Industria,25927.677154,2.261086,13.980895,0.320595
2015-07-01,D + E,"Electricidad, gas y agua",6266.511872,-0.362673,3.379070,-0.012756
2015-07-01,F,Construcción,14659.563311,1.813866,7.904827,0.146052
2015-07-01,G + H + I,"Comercio, transporte y turismo",33853.383637,3.427788,18.254647,0.627430
2015-07-01,J,Información y comunicaciones,5972.025206,4.156432,3.220275,0.133273
2015-07-01,K,Finanzas y seguros,8717.424979,8.441941,4.700668,0.379507
2015-07-01,L,Inmobiliarias,17504.971279,3.121522,9.439147,0.296323
2015-07-01,M + N,Servicios profesionales,14336.110413,1.020553,7.730413,0.080992
2015-07-01,O + P + Q,"Gobierno, educación y salud",28737.271477,9.980935,15.495903,1.458432
2015-07-01,R + S + T,"Arte, hogares y otros",4848.514226,4.244738,2.614448,0.110406
2015-10-01,A,Agro y pesca,12073.705472,4.205588,6.265557,0.258302
2015-10-01,B,Minería,12219.901031,-1.719320,6.341424,-0.113320
2015-10-01,C,Industria,26491.661578,3.883555,13.747645,0.524981
2015-10-01,D + E,"Electricidad, gas y agua",6197.379563,0.361239,3.216083,0.011825
2015-10-01,F,Construcción,15283.851268,7.972830,7.931438,0.598250
2015-10-01,G + H + I,"Comercio, transporte y turismo",37265.078530,3.459926,19.338427,0.660615
2015-10-01,J,Información y comunicaciones,6558.532533,1.435852,3.403500,0.049213
2015-10-01,K,Finanzas y seguros,8663.939632,3.836660,4.496085,0.169695
2015-10-01,L,Inmobiliarias,17798.282954,3.593981,9.236283,0.327319
2015-10-01,M + N,Servicios profesionales,15611.717690,-3.413161,8.101581,-0.292443
2015-10-01,O + P + Q,"Gobierno, educación y salud",29438.183010,-1.191059,15.276720,-0.188105
2015-10-01,R + S + T,"Arte, hogares y otros",5097.398204,5.686659,2.645256,0.145391
2016-01-01,A,Agro y pesca,11376.934712,-0.619817,6.391152,-0.040845
2016-01-01,B,Minería,11686.568779,-1.141120,6.565093,-0.077651
2016-01-01,C,Industria,24228.080101,4.332291,13.610463,0.579115
2016-01-01,D + E,"Electricidad, gas y agua",6137.109337,1.108735,3.447607,0.038739
2016-01-01,F,Construcción,14339.571721,8.669139,8.055455,0.658495
2016-01-01,G + H + I,"Comercio, transporte y turismo",32581.920958,3.576091,18.303349,0.647548
2016-01-01,J,Información y comunicaciones,5686.979150,0.336681,3.194740,0.010985
2016-01-01,K,Finanzas y seguros,8891.199632,2.276999,4.994756,0.113944
2016-01-01,L,Inmobiliarias,17772.653676,3.411343,9.984037,0.337486
2016-01-01,M + N,Servicios profesionales,13178.881327,-3.093247,7.403421,-0.242151
2016-01-01,O + P + Q,"Gobierno, educación y salud",27318.999393,1.856544,15.346830,0.286634
2016-01-01,R + S + T,"Arte, hogares y otros",4811.679180,5.996270,2.703028,0.156687
2016-04-01,A,Agro y pesca,11692.172004,0.972854,6.394415,0.063050
2016-04-01,B,Minería,11380.329815,-5.014847,6.223869,-0.336281
2016-04-01,C,Industria,25602.306075,6.024106,14.001827,0.814166
2016-04-01,D + E,"Electricidad, gas y agua",6011.918167,-0.880075,3.287901,-0.029876
2016-04-01,F,Construcción,15286.158688,2.571287,8.359956,0.214471
2016-04-01,G + H + I,"Comercio, transporte y turismo",33667.821345,2.478496,18.412834,0.455739
2016-04-01,J,Información y comunicaciones,5811.058193,0.841856,3.178051,0.027152
2016-04-01,K,Finanzas y seguros,8745.906864,1.444384,4.783111,0.069696
2016-04-01,L,Inmobiliarias,17992.275612,3.789346,9.839923,0.367657
2016-04-01,M + N,Servicios profesionales,13527.159267,-2.293047,7.397964,-0.177680
2016-04-01,O + P + Q,"Gobierno, educación y salud",28326.970038,4.602868,15.491938,0.697639
2016-04-01,R + S + T,"Arte, hogares y otros",4805.543206,6.870409,2.628138,0.172907
2016-07-01,A,Agro y pesca,13220.044355,1.513956,7.032002,0.106314
2016-07-01,B,Minería,11475.952631,-1.107448,6.104285,-0.069298
2016-07-01,C,Industria,26292.549005,1.407268,13.985524,0.196749
2016-07-01,D + E,"Electricidad, gas y agua",6214.843709,-0.824512,3.305798,-0.027861
2016-07-01,F,Construcción,15325.819435,4.544857,8.152105,0.359263
2016-07-01,G + H + I,"Comercio, transporte y turismo",34588.883978,2.172605,18.398508,0.396601
2016-07-01,J,Información y comunicaciones,5921.583118,-0.844640,3.149807,-0.027200
2016-07-01,K,Finanzas y seguros,8923.428773,2.363127,4.746547,0.111083
2016-07-01,L,Inmobiliarias,18139.394500,3.624246,9.648701,0.342098
2016-07-01,M + N,Servicios profesionales,13824.944156,-3.565585,7.353760,-0.275634
2016-07-01,O + P + Q,"Gobierno, educación y salud",28963.344476,0.786689,15.406173,0.121905
2016-07-01,R + S + T,"Arte, hogares y otros",5107.514628,5.341851,2.716788,0.139660
2016-10-01,A,Agro y pesca,13151.848929,8.929682,6.653261,0.559494
2016-10-01,B,Minería,11710.148775,-4.171493,5.923933,-0.264532
2016-10-01,C,Industria,26883.064818,1.477458,13.599612,0.203116
2016-10-01,D + E,"Electricidad, gas y agua",6233.128787,0.576844,3.153217,0.018552
2016-10-01,F,Construcción,15173.450155,-0.722338,7.675949,-0.057292
2016-10-01,G + H + I,"Comercio, transporte y turismo",38227.373720,2.582297,19.338474,0.499376
2016-10-01,J,Información y comunicaciones,6384.379539,-2.655365,3.229732,-0.090375
2016-10-01,K,Finanzas y seguros,9165.464731,5.788650,4.636628,0.260263
2016-10-01,L,Inmobiliarias,18384.676212,3.294662,9.300445,0.304304
2016-10-01,M + N,Servicios profesionales,15464.015251,-0.946100,7.822940,-0.076649
2016-10-01,O + P + Q,"Gobierno, educación y salud",31588.686093,7.305149,15.980093,1.115987
2016-10-01,R + S + T,"Arte, hogares y otros",5309.262986,4.156332,2.685851,0.109946
2017-01-01,A,Agro y pesca,12648.937455,11.180540,7.022327,0.714565
2017-01-01,B,Minería,10729.172777,-8.192276,5.956529,-0.537831
2017-01-01,C,Industria,24383.271822,0.640545,13.536892,0.087181
2017-01-01,D + E,"Electricidad, gas y agua",6168.331774,0.508748,3.424481,0.017540
2017-01-01,F,Construcción,13715.855140,-4.349618,7.614649,-0.350382
2017-01-01,G + H + I,"Comercio, transporte y turismo",32980.857434,1.224411,18.310025,0.224108
2017-01-01,J,Información y comunicaciones,5608.703720,-1.376397,3.113791,-0.043972
2017-01-01,K,Finanzas y seguros,9102.934751,2.381401,5.053688,0.118945
2017-01-01,L,Inmobiliarias,18350.568652,3.251709,10.187709,0.324652
2017-01-01,M + N,Servicios profesionales,13214.433166,0.269764,7.336274,0.019972
2017-01-01,O + P + Q,"Gobierno, educación y salud",28195.341164,3.207811,15.653244,0.492297
2017-01-01,R + S + T,"Arte, hogares y otros",4954.615867,2.970620,2.750660,0.080297
2017-04-01,A,Agro y pesca,12427.800615,6.291634,6.707942,0.402313
2017-04-01,B,Minería,10852.255636,-4.640236,5.857537,-0.288802
2017-04-01,C,Industria,24435.596536,-4.557049,13.189185,-0.638070
2017-04-01,D + E,"Electricidad, gas y agua",6200.655809,3.139391,3.346822,0.103220
2017-04-01,F,Construcción,15117.319554,-1.104523,8.159618,-0.092338
2017-04-01,G + H + I,"Comercio, transporte y turismo",34437.005618,2.284627,18.587475,0.420665
2017-04-01,J,Información y comunicaciones,5814.219929,0.054409,3.138242,0.001729
2017-04-01,K,Finanzas y seguros,9390.079728,7.365421,5.068323,0.352296
2017-04-01,L,Inmobiliarias,18499.074748,2.816760,9.984930,0.277167
2017-04-01,M + N,Servicios profesionales,13763.394135,1.746375,7.428833,0.129196
2017-04-01,O + P + Q,"Gobierno, educación y salud",29338.962941,3.572542,15.835792,0.553456
2017-04-01,R + S + T,"Arte, hogares y otros",4894.911690,1.859696,2.642043,0.048875
2017-07-01,A,Agro y pesca,14008.475323,5.963906,7.325306,0.419382
2017-07-01,B,Minería,10732.048669,-6.482285,5.611998,-0.395697
2017-07-01,C,Industria,26005.323160,-1.092423,13.598692,-0.152781
2017-07-01,D + E,"Electricidad, gas y agua",6462.340203,3.982345,3.379284,0.131648
2017-07-01,F,Construcción,15002.905788,-2.106991,7.845313,-0.171764
2017-07-01,G + H + I,"Comercio, transporte y turismo",35785.407696,3.459272,18.712890,0.636455
2017-07-01,J,Información y comunicaciones,5749.920506,-2.898931,3.006746,-0.091311
2017-07-01,K,Finanzas y seguros,9325.530819,4.506138,4.876502,0.213886
2017-07-01,L,Inmobiliarias,18672.652321,2.939777,9.764295,0.283650
2017-07-01,M + N,Servicios profesionales,14113.858997,2.089808,7.380413,0.153679
2017-07-01,O + P + Q,"Gobierno, educación y salud",29880.420622,3.166334,15.625056,0.487811
2017-07-01,R + S + T,"Arte, hogares y otros",5191.295168,1.640339,2.714630,0.044565
2017-10-01,A,Agro y pesca,13112.786607,-0.297010,6.548324,-0.019761
2017-10-01,B,Minería,11278.522918,-3.685913,5.632321,-0.218351
2017-10-01,C,Industria,26310.808481,-2.128687,13.139213,-0.289493
2017-10-01,D + E,"Electricidad, gas y agua",6475.672213,3.891199,3.233851,0.122698
2017-10-01,F,Construcción,15070.919518,-0.675724,7.526185,-0.051868
2017-10-01,G + H + I,"Comercio, transporte y turismo",38448.729251,0.579050,19.200703,0.111979
2017-10-01,J,Información y comunicaciones,6585.155846,3.144805,3.288525,0.101569
2017-10-01,K,Finanzas y seguros,9832.454702,7.277208,4.910176,0.337417
2017-10-01,L,Inmobiliarias,18972.704278,3.198468,9.474676,0.297472
2017-10-01,M + N,Servicios profesionales,15718.313703,1.644453,7.849484,0.128645
2017-10-01,O + P + Q,"Gobierno, educación y salud",32807.275273,3.857676,16.383448,0.616460
2017-10-01,R + S + T,"Arte, hogares y otros",5415.177276,1.994896,2.704256,0.053580
2018-01-01,A,Agro y pesca,12764.941798,0.917107,6.976063,0.064402
2018-01-01,B,Minería,10227.624252,-4.674624,5.589415,-0.278445
2018-01-01,C,Industria,23828.398409,-2.275631,13.022262,-0.308050
2018-01-01,D + E,"Electricidad, gas y agua",6294.512330,2.045619,3.439962,0.070052
2018-01-01,F,Construcción,13571.016444,-1.055995,7.416584,-0.080410
2018-01-01,G + H + I,"Comercio, transporte y turismo",34240.827688,3.820308,18.712672,0.699499
2018-01-01,J,Información y comunicaciones,5651.277642,0.759069,3.088433,0.023636
2018-01-01,K,Finanzas y seguros,9434.297068,3.640170,5.155860,0.183963
2018-01-01,L,Inmobiliarias,18957.813129,3.309132,10.360478,0.337125
2018-01-01,M + N,Servicios profesionales,13658.379052,3.359553,7.464328,0.246466
2018-01-01,O + P + Q,"Gobierno, educación y salud",29321.262424,3.993288,16.024121,0.625079
2018-01-01,R + S + T,"Arte, hogares y otros",4833.623235,-2.442018,2.641584,-0.067172
2018-04-01,A,Agro y pesca,12913.660782,3.909462,6.791119,0.262244
2018-04-01,B,Minería,10505.397152,-3.196188,5.524646,-0.187218
2018-04-01,C,Industria,25367.940633,3.815516,13.340656,0.503235
2018-04-01,D + E,"Electricidad, gas y agua",6370.442196,2.738200,3.350129,0.091643
2018-04-01,F,Construcción,14121.089598,-6.589991,7.426089,-0.537718
2018-04-01,G + H + I,"Comercio, transporte y turismo",35460.433526,2.971884,18.648161,0.552398
2018-04-01,J,Información y comunicaciones,5971.231213,2.700470,3.140189,0.084747
2018-04-01,K,Finanzas y seguros,9787.361735,4.230869,5.147041,0.214434
2018-04-01,L,Inmobiliarias,19225.040125,3.924333,10.110188,0.391842
2018-04-01,M + N,Servicios profesionales,14355.079120,4.298976,7.549141,0.319364
2018-04-01,O + P + Q,"Gobierno, educación y salud",30904.012402,5.334372,16.252001,0.844740
2018-04-01,R + S + T,"Arte, hogares y otros",5006.401050,2.277658,2.632798,0.060177
2018-07-01,A,Agro y pesca,14140.667804,0.943661,7.188981,0.069126
2018-07-01,B,Minería,10740.364568,0.077487,5.460299,0.004349
2018-07-01,C,Industria,26514.256976,1.957037,13.479596,0.266131
2018-07-01,D + E,"Electricidad, gas y agua",6655.110633,2.982982,3.383395,0.100803
2018-07-01,F,Construcción,15326.213809,2.154969,7.791701,0.169064
2018-07-01,G + H + I,"Comercio, transporte y turismo",36417.948341,1.767594,18.514538,0.330768
2018-07-01,J,Información y comunicaciones,6146.043808,6.889196,3.124590,0.207141
2018-07-01,K,Finanzas y seguros,9745.878700,4.507495,4.954712,0.219808
2018-07-01,L,Inmobiliarias,19503.434594,4.449193,9.915360,0.434432
2018-07-01,M + N,Servicios profesionales,14694.541766,4.114274,7.470565,0.303650
2018-07-01,O + P + Q,"Gobierno, educación y salud",31330.749865,4.853778,15.928255,0.758406
2018-07-01,R + S + T,"Arte, hogares y otros",5309.303924,2.273205,2.699200,0.061709
2018-10-01,A,Agro y pesca,13210.729615,0.746927,6.410746,0.048911
2018-10-01,B,Minería,11394.614028,1.029311,5.529443,0.057974
2018-10-01,C,Industria,26916.403982,2.301699,13.061673,0.302425
2018-10-01,D + E,"Electricidad, gas y agua",6631.934841,2.413072,3.218267,0.078035
2018-10-01,F,Construcción,15137.680149,0.442976,7.345834,0.033339
2018-10-01,G + H + I,"Comercio, transporte y turismo",39318.790444,2.262913,19.080156,0.434495
2018-10-01,J,Información y comunicaciones,6826.447337,3.664173,3.312657,0.120497
2018-10-01,K,Finanzas y seguros,10089.462497,2.613872,4.896095,0.128346
2018-10-01,L,Inmobiliarias,19762.712152,4.163918,9.590214,0.394518
2018-10-01,M + N,Servicios profesionales,16358.000063,4.069688,7.938016,0.319450
2018-10-01,O + P + Q,"Gobierno, educación y salud",34359.975309,4.732792,16.673801,0.775394
2018-10-01,R + S + T,"Arte, hogares y otros",5775.671791,6.657114,2.802749,0.180025
2019-01-01,A,Agro y pesca,12947.993567,1.434020,6.836412,0.100038
2019-01-01,B,Minería,10718.323757,4.797786,5.659168,0.268168
2019-01-01,C,Industria,24372.680915,2.284176,12.868533,0.297451
2019-01-01,D + E,"Electricidad, gas y agua",6491.678068,3.132343,3.427541,0.107751
2019-01-01,F,Construcción,13598.229281,0.200522,7.179730,0.014872
2019-01-01,G + H + I,"Comercio, transporte y turismo",34984.991979,2.173324,18.471727,0.406687
2019-01-01,J,Información y comunicaciones,5839.085096,3.323274,3.082979,0.102637
2019-01-01,K,Finanzas y seguros,10069.693986,6.734968,5.316698,0.347246
2019-01-01,L,Inmobiliarias,19787.083562,4.374294,10.447383,0.453198
2019-01-01,M + N,Servicios profesionales,14194.923848,3.928320,7.494778,0.293223
2019-01-01,O + P + Q,"Gobierno, educación y salud",30720.994818,4.773779,16.220379,0.764956
2019-01-01,R + S + T,"Arte, hogares y otros",5431.155553,12.361996,2.867596,0.326552
2019-04-01,A,Agro y pesca,13064.055419,1.164617,6.668383,0.079090
2019-04-01,B,Minería,10561.141171,0.530623,5.390802,0.029315
2019-04-01,C,Industria,25335.617533,-0.127417,12.932248,-0.016998
2019-04-01,D + E,"Electricidad, gas y agua",6540.121892,2.663547,3.338323,0.089232
2019-04-01,F,Construcción,13877.728620,-1.723387,7.083712,-0.127980
2019-04-01,G + H + I,"Comercio, transporte y turismo",36655.886823,3.371231,18.710537,0.628673
2019-04-01,J,Información y comunicaciones,6136.140019,2.761722,3.132116,0.086723
2019-04-01,K,Finanzas y seguros,10277.410424,5.006954,5.245975,0.257710
2019-04-01,L,Inmobiliarias,19945.313446,3.746537,10.180835,0.378782
2019-04-01,M + N,Servicios profesionales,14941.004250,4.081657,7.626448,0.308130
2019-04-01,O + P + Q,"Gobierno, educación y salud",32627.263410,5.576140,16.654177,0.906234
2019-04-01,R + S + T,"Arte, hogares y otros",5766.875413,15.190041,2.943629,0.399923
2019-07-01,A,Agro y pesca,14642.803132,3.551002,7.231818,0.255281
2019-07-01,B,Minería,10772.720654,0.301257,5.320453,0.016450
2019-07-01,C,Industria,26874.127069,1.357270,13.272649,0.182955
2019-07-01,D + E,"Electricidad, gas y agua",6819.667755,2.472643,3.368112,0.083659
2019-07-01,F,Construcción,14015.008323,-8.555312,6.921761,-0.666604
2019-07-01,G + H + I,"Comercio, transporte y turismo",38238.049972,4.997815,18.885087,0.925322
2019-07-01,J,Información y comunicaciones,6068.129409,-1.267716,2.996940,-0.039611
2019-07-01,K,Finanzas y seguros,10575.710042,8.514690,5.223153,0.421878
2019-07-01,L,Inmobiliarias,20054.546181,2.825716,9.904580,0.280180
2019-07-01,M + N,Servicios profesionales,15229.794172,3.642525,7.521722,0.272117
2019-07-01,O + P + Q,"Gobierno, educación y salud",33015.836023,5.378378,16.305929,0.856682
2019-07-01,R + S + T,"Arte, hogares y otros",6013.032242,13.254625,2.969729,0.357769
2019-10-01,A,Agro y pesca,13816.147882,4.582777,6.519247,0.293790
2019-10-01,B,Minería,11640.814417,2.160673,5.492800,0.119473
2019-10-01,C,Industria,27277.574483,1.341823,12.871115,0.175265
2019-10-01,D + E,"Electricidad, gas y agua",6754.532285,1.848592,3.187174,0.059493
2019-10-01,F,Construcción,14402.033775,-4.859704,6.795701,-0.356986
2019-10-01,G + H + I,"Comercio, transporte y turismo",41011.071225,4.304000,19.351362,0.821210
2019-10-01,J,Información y comunicaciones,6777.645477,-0.714894,3.198080,-0.023682
2019-10-01,K,Finanzas y seguros,10582.185549,4.883541,4.993279,0.239103
2019-10-01,L,Inmobiliarias,20177.056811,2.096598,9.520686,0.201068
2019-10-01,M + N,Servicios profesionales,16736.277730,2.312493,7.897130,0.183566
2019-10-01,O + P + Q,"Gobierno, educación y salud",35968.905749,4.682572,16.972181,0.780763
2019-10-01,R + S + T,"Arte, hogares y otros",6441.936793,11.535714,3.039673,0.323317
2020-01-01,A,Agro y pesca,13676.404947,5.625670,7.212364,0.384594
2020-01-01,B,Minería,10363.152539,-3.313682,5.465093,-0.187527
2020-01-01,C,Industria,24076.967266,-1.213300,12.697185,-0.156134
2020-01-01,D + E,"Electricidad, gas y agua",6612.807982,1.865926,3.487318,0.063955
2020-01-01,F,Construcción,11086.512822,-18.470908,5.846563,-1.326161
2020-01-01,G + H + I,"Comercio, transporte y turismo",36055.033851,3.058574,19.013916,0.564971
2020-01-01,J,Información y comunicaciones,5873.059397,0.581843,3.097206,0.017938
2020-01-01,K,Finanzas y seguros,10308.052312,2.367086,5.436036,0.125851
2020-01-01,L,Inmobiliarias,20178.096434,1.976102,10.641084,0.206451
2020-01-01,M + N,Servicios profesionales,14365.762906,1.203522,7.575902,0.090201
2020-01-01,O + P + Q,"Gobierno, educación y salud",31068.713017,1.131859,16.384339,0.183592
2020-01-01,R + S + T,"Arte, hogares y otros",5635.943864,3.770621,2.972161,0.108126
2020-04-01,A,Agro y pesca,12926.356694,-1.054027,7.917936,-0.070287
2020-04-01,B,Minería,8344.367147,-20.989910,5.111275,-1.131524
2020-04-01,C,Industria,18397.656911,-27.384218,11.269337,-3.541395
2020-04-01,D + E,"Electricidad, gas y agua",5923.140321,-9.433793,3.628172,-0.314930
2020-04-01,F,Construcción,7838.625333,-43.516511,4.801487,-3.082584
2020-04-01,G + H + I,"Comercio, transporte y turismo",24736.462308,-32.517081,15.152121,-6.084121
2020-04-01,J,Información y comunicaciones,5773.351374,-5.912327,3.536420,-0.185181
2020-04-01,K,Finanzas y seguros,10402.775518,1.219812,6.372137,0.063991
2020-04-01,L,Inmobiliarias,20077.696855,0.663732,12.298432,0.067573
2020-04-01,M + N,Servicios profesionales,13078.792681,-12.463764,8.011309,-0.950543
2020-04-01,O + P + Q,"Gobierno, educación y salud",31821.377733,-2.469976,19.491929,-0.411354
2020-04-01,R + S + T,"Arte, hogares y otros",3809.401117,-33.943412,2.333418,-0.999168
2020-07-01,A,Agro y pesca,14751.557572,0.742716,8.022639,0.053712
2020-07-01,B,Minería,8803.803644,-18.276878,4.787951,-0.972413
2020-07-01,C,Industria,24806.380166,-7.694192,13.490957,-1.021223
2020-07-01,D + E,"Electricidad, gas y agua",6431.914688,-5.685806,3.497999,-0.191504
2020-07-01,F,Construcción,9796.672968,-30.098700,5.327924,-2.083360
2020-07-01,G + H + I,"Comercio, transporte y turismo",30548.662099,-20.109257,16.613899,-3.797651
2020-07-01,J,Información y comunicaciones,5938.687757,-2.133139,3.229757,-0.063929
2020-07-01,K,Finanzas y seguros,10799.373773,2.114881,5.873243,0.110464
2020-07-01,L,Inmobiliarias,20327.077040,1.358948,11.054887,0.134598
2020-07-01,M + N,Servicios profesionales,13982.730679,-8.188315,7.604512,-0.615902
2020-07-01,O + P + Q,"Gobierno, educación y salud",32416.986519,-1.813825,17.629988,-0.295761
2020-07-01,R + S + T,"Arte, hogares y otros",5345.563095,-11.100375,2.907186,-0.329651
2020-10-01,A,Agro y pesca,14184.680786,2.667407,6.932332,0.173895
2020-10-01,B,Minería,9544.676670,-18.006796,4.664671,-0.989077
2020-10-01,C,Industria,26972.995658,-1.116591,13.182232,-0.143718
2020-10-01,D + E,"Electricidad, gas y agua",6619.137009,-2.004510,3.234902,-0.063887
2020-10-01,F,Construcción,10637.188877,-26.141064,5.198603,-1.776469
2020-10-01,G + H + I,"Comercio, transporte y turismo",38894.841742,-5.160142,19.008672,-0.998558
2020-10-01,J,Información y comunicaciones,6547.901472,-3.389732,3.200088,-0.108406
2020-10-01,K,Finanzas y seguros,10922.798397,3.218738,5.338186,0.160721
2020-10-01,L,Inmobiliarias,20535.129671,1.774654,10.035921,0.168959
2020-10-01,M + N,Servicios profesionales,16136.713733,-3.582421,7.886328,-0.282908
2020-10-01,O + P + Q,"Gobierno, educación y salud",37434.922730,4.075790,18.295181,0.691750
2020-10-01,R + S + T,"Arte, hogares y otros",6074.091924,-5.710160,2.968528,-0.173570
2021-01-01,A,Agro y pesca,14227.580322,4.030119,7.398375,0.290667
2021-01-01,B,Minería,8911.083723,-14.011844,4.633784,-0.765760
2021-01-01,C,Industria,25271.790395,4.962515,13.141390,0.630100
2021-01-01,D + E,"Electricidad, gas y agua",6521.948898,-1.373986,3.391429,-0.047915
2021-01-01,F,Construcción,10301.042337,-7.084919,5.356566,-0.414224
2021-01-01,G + H + I,"Comercio, transporte y turismo",35511.869864,-1.506486,18.466255,-0.286442
2021-01-01,J,Información y comunicaciones,6070.599006,3.363487,3.156726,0.104174
2021-01-01,K,Finanzas y seguros,10826.583502,5.030351,5.629849,0.273452
2021-01-01,L,Inmobiliarias,20564.196467,1.913461,10.693430,0.203613
2021-01-01,M + N,Servicios profesionales,14522.200305,1.088960,7.551578,0.082499
2021-01-01,O + P + Q,"Gobierno, educación y salud",33194.656206,6.842714,17.261298,1.121133
2021-01-01,R + S + T,"Arte, hogares y otros",6168.973864,9.457688,3.207881,0.281098
2021-04-01,A,Agro y pesca,13762.606643,6.469340,7.156213,0.512238
2021-04-01,B,Minería,8786.321624,5.296441,4.568669,0.270716
2021-04-01,C,Industria,24096.617969,30.976559,12.529642,3.490853
2021-04-01,D + E,"Electricidad, gas y agua",6483.705530,9.463987,3.371366,0.343370
2021-04-01,F,Construcción,9697.351931,23.712405,5.042382,1.138548
2021-04-01,G + H + I,"Comercio, transporte y turismo",34613.698758,39.929867,17.998262,6.050222
2021-04-01,J,Información y comunicaciones,6453.360726,11.778416,3.355587,0.416534
2021-04-01,K,Finanzas y seguros,10747.943565,3.318038,5.588663,0.211430
2021-04-01,L,Inmobiliarias,20725.336898,3.225669,10.776660,0.396707
2021-04-01,M + N,Servicios profesionales,14946.039641,14.276906,7.771569,1.143767
2021-04-01,O + P + Q,"Gobierno, educación y salud",35089.177331,10.269196,18.245499,2.001664
2021-04-01,R + S + T,"Arte, hogares y otros",6736.171357,76.830193,3.502642,1.792770
2021-07-01,A,Agro y pesca,15219.826415,3.174369,7.338795,0.254668
2021-07-01,B,Minería,9022.586926,2.485100,4.350570,0.118985
2021-07-01,C,Industria,28508.738823,14.925026,13.746530,2.013529
2021-07-01,D + E,"Electricidad, gas y agua",6987.104943,8.631804,3.369088,0.301940
2021-07-01,F,Construcción,9781.234573,-0.157588,4.716380,-0.008396
2021-07-01,G + H + I,"Comercio, transporte y turismo",40028.155486,31.030797,19.301038,5.155425
2021-07-01,J,Información y comunicaciones,6784.308183,14.239180,3.271302,0.459891
2021-07-01,K,Finanzas y seguros,11041.780454,2.244636,5.324198,0.131833
2021-07-01,L,Inmobiliarias,20845.958146,2.552660,10.051640,0.282194
2021-07-01,M + N,Servicios profesionales,15796.602706,12.972230,7.616909,0.986475
2021-07-01,O + P + Q,"Gobierno, educación y salud",35833.428168,10.539048,17.278397,1.858033
2021-07-01,R + S + T,"Arte, hogares y otros",7153.130708,33.814354,3.449143,0.983046
2021-10-01,A,Agro y pesca,14757.986620,4.041725,6.537701,0.280186
2021-10-01,B,Minería,10260.007727,7.494555,4.545123,0.349596
2021-10-01,C,Industria,29188.852813,8.215095,12.930489,1.082933
2021-10-01,D + E,"Electricidad, gas y agua",7086.240628,7.056866,3.139163,0.228283
2021-10-01,F,Construcción,11259.371160,5.849123,4.987835,0.304073
2021-10-01,G + H + I,"Comercio, transporte y turismo",46661.275892,19.967774,20.670669,3.795609
2021-10-01,J,Información y comunicaciones,7901.732085,20.675794,3.500420,0.661644
2021-10-01,K,Finanzas y seguros,11386.692478,4.247026,5.044237,0.226714
2021-10-01,L,Inmobiliarias,21007.508489,2.300345,9.306202,0.230861
2021-10-01,M + N,Servicios profesionales,17902.157348,10.940540,7.930550,0.862807
2021-10-01,O + P + Q,"Gobierno, educación y salud",39856.738296,6.469402,17.656299,1.183589
2021-10-01,R + S + T,"Arte, hogares y otros",7989.724072,31.537754,3.539400,0.936207
2022-01-01,A,Agro y pesca,14019.154274,-1.464944,6.800042,-0.108382
2022-01-01,B,Minería,9101.228184,2.133797,4.414584,0.098876
2022-01-01,C,Industria,27303.995043,8.041396,13.243902,1.056751
2022-01-01,D + E,"Electricidad, gas y agua",6905.221717,5.876661,3.349403,0.199303
2022-01-01,F,Construcción,10827.547529,5.111184,5.251941,0.273784
2022-01-01,G + H + I,"Comercio, transporte y turismo",40852.141133,15.037990,19.815479,2.776953
2022-01-01,J,Información y comunicaciones,7335.590588,20.838003,3.558155,0.657799
2022-01-01,K,Finanzas y seguros,10486.901925,-3.137477,5.086710,-0.176635
2022-01-01,L,Inmobiliarias,21034.601541,2.287496,10.202910,0.244612
2022-01-01,M + N,Servicios profesionales,15768.133318,8.579506,7.648390,0.647888
2022-01-01,O + P + Q,"Gobierno, educación y salud",34331.682954,3.425331,16.652707,0.591257
2022-01-01,R + S + T,"Arte, hogares y otros",8042.855315,30.375902,3.901216,0.974423
2022-04-01,A,Agro y pesca,14052.325405,2.105115,6.551343,0.150647
2022-04-01,B,Minería,9065.615602,3.178736,4.226486,0.145226
2022-04-01,C,Industria,28397.761903,17.849575,13.239338,2.236488
2022-04-01,D + E,"Electricidad, gas y agua",6973.900472,7.560413,3.251306,0.254889
2022-04-01,F,Construcción,10621.667847,9.531632,4.951934,0.480621
2022-04-01,G + H + I,"Comercio, transporte y turismo",42631.399171,23.163374,19.875210,4.169005
2022-04-01,J,Información y comunicaciones,7528.172258,16.655067,3.509714,0.558875
2022-04-01,K,Finanzas y seguros,11971.886168,11.387691,5.581420,0.636420
2022-04-01,L,Inmobiliarias,21155.223627,2.074209,9.862789,0.223530
2022-04-01,M + N,Servicios profesionales,16883.484252,12.962930,7.871259,1.007423
2022-04-01,O + P + Q,"Gobierno, educación y salud",37055.162396,5.602825,17.275509,1.022263
2022-04-01,R + S + T,"Arte, hogares y otros",8340.393434,23.815043,3.888380,0.834156
2022-07-01,A,Agro y pesca,15095.513779,-0.816781,6.849652,-0.059942
2022-07-01,B,Minería,9639.802401,6.840782,4.374101,0.297613
2022-07-01,C,Industria,30099.205768,5.578875,13.657640,0.766902
2022-07-01,D + E,"Electricidad, gas y agua",7205.623186,3.127450,3.269582,0.105367
2022-07-01,F,Construcción,11169.378950,14.191914,5.068152,0.669345
2022-07-01,G + H + I,"Comercio, transporte y turismo",44585.372155,11.385028,20.230799,2.197429
2022-07-01,J,Información y comunicaciones,7644.538228,12.679702,3.468741,0.414791
2022-07-01,K,Finanzas y seguros,12091.992466,9.511256,5.486792,0.506398
2022-07-01,L,Inmobiliarias,21277.464991,2.069978,9.654739,0.208067
2022-07-01,M + N,Servicios profesionales,16944.550129,7.267053,7.688660,0.553525
2022-07-01,O + P + Q,"Gobierno, educación y salud",35441.090318,-1.094893,16.081543,-0.189180
2022-07-01,R + S + T,"Arte, hogares y otros",8980.341554,25.544212,4.074867,0.881056
2022-10-01,A,Agro y pesca,14275.006542,-3.272669,6.228997,-0.213957
2022-10-01,B,Minería,9711.353814,-5.347500,4.237616,-0.243050
2022-10-01,C,Industria,30001.037285,2.782516,13.091157,0.359793
2022-10-01,D + E,"Electricidad, gas y agua",7242.254625,2.201647,3.160207,0.069113
2022-10-01,F,Construcción,11146.405675,-1.003302,4.863810,-0.050043
2022-10-01,G + H + I,"Comercio, transporte y turismo",47382.087541,1.544775,20.675497,0.319315
2022-10-01,J,Información y comunicaciones,8055.698927,1.948520,3.515159,0.068206
2022-10-01,K,Finanzas y seguros,12389.219442,8.804374,5.406121,0.444114
2022-10-01,L,Inmobiliarias,21375.709841,1.752713,9.327437,0.163111
2022-10-01,M + N,Servicios profesionales,18535.832301,3.539657,8.088237,0.280714
2022-10-01,O + P + Q,"Gobierno, educación y salud",38761.064332,-2.749031,16.913655,-0.485377
2022-10-01,R + S + T,"Arte, hogares y otros",10568.409696,32.275027,4.611598,1.142342
2023-01-01,A,Agro y pesca,14140.499750,0.865569,6.679059,0.058859
2023-01-01,B,Minería,9398.267972,3.263733,4.439135,0.144080
2023-01-01,C,Industria,28116.812144,2.976916,13.280567,0.394260
2023-01-01,D + E,"Electricidad, gas y agua",7069.721972,2.382259,3.339280,0.079791
2023-01-01,F,Construcción,10631.462132,-1.810986,5.021616,-0.095112
2023-01-01,G + H + I,"Comercio, transporte y turismo",40487.149509,-0.893446,19.123516,-0.177041
2023-01-01,J,Información y comunicaciones,7516.143609,2.461329,3.550141,0.087578
2023-01-01,K,Finanzas y seguros,12989.349286,23.862599,6.135330,1.213821
2023-01-01,L,Inmobiliarias,21410.499491,1.787046,10.112938,0.182331
2023-01-01,M + N,Servicios profesionales,16317.535397,3.484256,7.707350,0.266489
2023-01-01,O + P + Q,"Gobierno, educación y salud",34512.812032,0.527586,16.301625,0.087857
2023-01-01,R + S + T,"Arte, hogares y otros",9262.051178,15.158744,4.374795,0.591375
2023-04-01,A,Agro y pesca,13850.406617,-1.436907,6.412071,-0.094137
2023-04-01,B,Minería,9381.917130,3.489024,4.343376,0.147463
2023-04-01,C,Industria,27985.147312,-1.452983,12.955776,-0.192365
2023-04-01,D + E,"Electricidad, gas y agua",7148.406311,2.502270,3.309368,0.081356
2023-04-01,F,Construcción,10484.686118,-1.289644,4.853905,-0.063862
2023-04-01,G + H + I,"Comercio, transporte y turismo",40758.832056,-4.392460,18.869377,-0.873011
2023-04-01,J,Información y comunicaciones,7597.951203,0.926904,3.517486,0.032532
2023-04-01,K,Finanzas y seguros,12542.308776,4.764685,5.806485,0.265937
2023-04-01,L,Inmobiliarias,21532.643341,1.784050,9.968577,0.175957
2023-04-01,M + N,Servicios profesionales,17133.559399,1.481182,7.932013,0.116588
2023-04-01,O + P + Q,"Gobierno, educación y salud",38902.966234,4.986630,18.010200,0.861466
2023-04-01,R + S + T,"Arte, hogares y otros",9456.940558,13.387224,4.378108,0.520546
2023-07-01,A,Agro y pesca,15306.784139,1.399557,6.927040,0.095865
2023-07-01,B,Minería,9862.141163,2.306466,4.463083,0.100887
2023-07-01,C,Industria,28881.287842,-4.046346,13.070141,-0.552635
2023-07-01,D + E,"Electricidad, gas y agua",7475.193557,3.741111,3.382877,0.122319
2023-07-01,F,Construcción,10337.220883,-7.450352,4.678079,-0.377595
2023-07-01,G + H + I,"Comercio, transporte y turismo",41938.191915,-5.937329,18.979005,-1.201169
2023-07-01,J,Información y comunicaciones,7557.334887,-1.140727,3.420050,-0.039569
2023-07-01,K,Finanzas y seguros,12398.594402,2.535578,5.610947,0.139122
2023-07-01,L,Inmobiliarias,21650.920506,1.755169,9.798060,0.169457
2023-07-01,M + N,Servicios profesionales,17114.122445,1.000748,7.744946,0.076944
2023-07-01,O + P + Q,"Gobierno, educación y salud",38037.682065,7.326501,17.213841,1.178214
2023-07-01,R + S + T,"Arte, hogares y otros",9931.283475,10.589151,4.494373,0.431494
2023-10-01,A,Agro y pesca,15091.309495,5.718407,6.500913,0.356199
2023-10-01,B,Minería,9838.673735,1.311042,4.238225,0.055557
2023-10-01,C,Industria,28941.752701,-3.530827,12.467296,-0.462226
2023-10-01,D + E,"Electricidad, gas y agua",7527.678160,3.941087,3.242713,0.124547
2023-10-01,F,Construcción,10958.630867,-1.684622,4.720671,-0.081937
2023-10-01,G + H + I,"Comercio, transporte y turismo",45882.826520,-3.164194,19.765036,-0.654213
2023-10-01,J,Información y comunicaciones,8362.570302,3.809370,3.602361,0.133905
2023-10-01,K,Finanzas y seguros,13204.747535,6.582562,5.688235,0.355861
2023-10-01,L,Inmobiliarias,21818.936662,2.073507,9.398987,0.193405
2023-10-01,M + N,Servicios profesionales,18871.782759,1.812438,8.129435,0.146594
2023-10-01,O + P + Q,"Gobierno, educación y salud",41318.539669,6.598052,17.798869,1.115972
2023-10-01,R + S + T,"Arte, hogares y otros",11010.724789,4.185257,4.743112,0.193007
2024-01-01,A,Agro y pesca,14533.450728,2.778904,6.831955,0.185605
2024-01-01,B,Minería,9274.911131,-1.312549,4.359995,-0.058266
2024-01-01,C,Industria,26533.692579,-5.630509,12.473087,-0.747763
2024-01-01,D + E,"Electricidad, gas y agua",7462.174700,5.551176,3.507855,0.185369
2024-01-01,F,Construcción,10567.698660,-0.599762,4.967715,-0.030118
2024-01-01,G + H + I,"Comercio, transporte y turismo",40101.369465,-0.952846,18.851046,-0.182218
2024-01-01,J,Información y comunicaciones,7345.581808,-2.269273,3.453047,-0.080562
2024-01-01,K,Finanzas y seguros,12703.088812,-2.203809,5.971530,-0.135211
2024-01-01,L,Inmobiliarias,21867.374739,2.133884,10.279522,0.215798
2024-01-01,M + N,Servicios profesionales,16217.720618,-0.611703,7.623705,-0.047146
2024-01-01,O + P + Q,"Gobierno, educación y salud",36418.711445,5.522295,17.119885,0.900224
2024-01-01,R + S + T,"Arte, hogares y otros",9819.209683,6.015498,4.615862,0.263166
2024-04-01,A,Agro y pesca,14866.325974,7.334942,6.767042,0.470322
2024-04-01,B,Minería,9159.484495,-2.370865,4.169330,-0.102976
2024-04-01,C,Industria,27413.984971,-2.040948,12.478643,-0.264421
2024-04-01,D + E,"Electricidad, gas y agua",7364.902487,3.028594,3.352449,0.100227
2024-04-01,F,Construcción,10491.977134,0.069540,4.775870,0.003375
2024-04-01,G + H + I,"Comercio, transporte y turismo",40737.377267,-0.052638,18.543353,-0.009933
2024-04-01,J,Información y comunicaciones,7513.108888,-1.116647,3.419912,-0.039278
2024-04-01,K,Finanzas y seguros,12815.573595,2.178744,5.833554,0.126508
2024-04-01,L,Inmobiliarias,22029.235613,2.306230,10.027545,0.229898
2024-04-01,M + N,Servicios profesionales,17041.359000,-0.538128,7.757101,-0.042684
2024-04-01,O + P + Q,"Gobierno, educación y salud",40414.898924,3.886420,18.396563,0.699952
2024-04-01,R + S + T,"Arte, hogares y otros",10475.836601,10.774056,4.768523,0.471700
2024-07-01,A,Agro y pesca,16619.390746,8.575326,7.403459,0.594016
2024-07-01,B,Minería,9347.673680,-5.216590,4.164119,-0.232821
2024-07-01,C,Industria,28221.118771,-2.285802,12.571694,-0.298758
2024-07-01,D + E,"Electricidad, gas y agua",7572.649899,1.303730,3.373397,0.044104
2024-07-01,F,Construcción,10549.733379,2.055799,4.699602,0.096172
2024-07-01,G + H + I,"Comercio, transporte y turismo",42381.330268,1.056646,18.879660,0.200541
2024-07-01,J,Información y comunicaciones,7676.340978,1.574710,3.419588,0.053856
2024-07-01,K,Finanzas y seguros,13024.407096,5.047449,5.801998,0.283210
2024-07-01,L,Inmobiliarias,22130.223743,2.213778,9.858376,0.216907
2024-07-01,M + N,Servicios profesionales,17005.141108,-0.636792,7.575300,-0.049319
2024-07-01,O + P + Q,"Gobierno, educación y salud",38486.733819,1.180544,17.144730,0.203217
2024-07-01,R + S + T,"Arte, hogares y otros",11070.964070,11.475663,4.931795,0.515759
2024-10-01,A,Agro y pesca,15947.832551,5.675605,6.699819,0.368966
2024-10-01,B,Minería,9385.930694,-4.601667,3.943108,-0.195029
2024-10-01,C,Industria,28834.203679,-0.371605,12.113491,-0.046329
2024-10-01,D + E,"Electricidad, gas y agua",7548.272914,0.273587,3.171093,0.008872
2024-10-01,F,Construcción,10838.590827,-1.095393,4.553383,-0.051710
2024-10-01,G + H + I,"Comercio, transporte y turismo",47930.923000,4.463754,20.136184,0.882263
2024-10-01,J,Información y comunicaciones,8433.968326,0.853781,3.543181,0.030756
2024-10-01,K,Finanzas y seguros,13140.930497,-0.483289,5.520615,-0.027491
2024-10-01,L,Inmobiliarias,22295.165905,2.182642,9.366387,0.205146
2024-10-01,M + N,Servicios profesionales,18881.779274,0.052971,7.932394,0.004306
2024-10-01,O + P + Q,"Gobierno, educación y salud",43659.655812,5.666019,18.341789,1.008487
2024-10-01,R + S + T,"Arte, hogares y otros",11543.989646,4.843140,4.849727,0.229716
2025-01-01,A,Agro y pesca,15373.557434,5.780504,7.044990,0.394921
2025-01-01,B,Minería,8857.629719,-4.499034,4.059042,-0.196158
2025-01-01,C,Industria,26841.515319,1.160120,12.300225,0.144703
2025-01-01,D + E,"Electricidad, gas y agua",7379.175860,-1.112261,3.381535,-0.039016
2025-01-01,F,Construcción,10073.690640,-4.674698,4.616306,-0.232226
2025-01-01,G + H + I,"Comercio, transporte y turismo",41638.332165,3.832694,19.080921,0.722503
2025-01-01,J,Información y comunicaciones,7389.250643,0.594491,3.386152,0.020528
2025-01-01,K,Finanzas y seguros,13144.530543,3.475074,6.023530,0.207515
2025-01-01,L,Inmobiliarias,22348.864325,2.201863,10.241451,0.226341
2025-01-01,M + N,Servicios profesionales,16283.182957,0.403647,7.461829,0.030773
2025-01-01,O + P + Q,"Gobierno, educación y salud",37638.865837,3.350350,17.248151,0.573576
2025-01-01,R + S + T,"Arte, hogares y otros",11531.794239,17.441165,5.284488,0.805060
2025-04-01,A,Agro y pesca,15415.242756,3.692350,6.891076,0.249863
2025-04-01,B,Minería,8180.629840,-10.686788,3.656987,-0.445567
2025-04-01,C,Industria,27612.891126,0.725565,12.343791,0.090541
2025-04-01,D + E,"Electricidad, gas y agua",7434.060187,0.939017,3.323248,0.031480
2025-04-01,F,Construcción,10083.544944,-3.892805,4.507647,-0.185915
2025-04-01,G + H + I,"Comercio, transporte y turismo",43010.816797,5.580721,19.227127,1.034853
2025-04-01,J,Información y comunicaciones,7732.766129,2.923653,3.456779,0.099986
2025-04-01,K,Finanzas y seguros,13178.615224,2.832816,5.891237,0.165254
2025-04-01,L,Inmobiliarias,22425.022341,1.796643,10.024658,0.180159
2025-04-01,M + N,Servicios profesionales,17240.257788,1.167153,7.706913,0.090537
2025-04-01,O + P + Q,"Gobierno, educación y salud",40791.469620,0.931762,18.235012,0.171412
2025-04-01,R + S + T,"Arte, hogares y otros",11286.090786,7.734506,5.045221,0.368822
2025-07-01,A,Agro y pesca,17212.782600,3.570479,7.380830,0.264339
2025-07-01,B,Minería,8756.864368,-6.320389,3.754938,-0.263189
2025-07-01,C,Industria,29456.716441,4.378273,12.631020,0.550423
2025-07-01,D + E,"Electricidad, gas y agua",7722.900760,1.984125,3.311575,0.066932
2025-07-01,F,Construcción,10420.733311,-1.222780,4.468403,-0.057466
2025-07-01,G + H + I,"Comercio, transporte y turismo",44916.178565,5.981049,19.260027,1.129202
2025-07-01,J,Información y comunicaciones,7816.451145,1.825221,3.351689,0.062415
2025-07-01,K,Finanzas y seguros,13580.533517,4.269879,5.823324,0.247738
2025-07-01,L,Inmobiliarias,22551.386600,1.903112,9.670019,0.187616
2025-07-01,M + N,Servicios profesionales,17291.424402,1.683510,7.414551,0.127531
2025-07-01,O + P + Q,"Gobierno, educación y salud",41442.652790,7.680358,17.770582,1.316777
2025-07-01,R + S + T,"Arte, hogares y otros",11837.124342,6.920448,5.075751,0.341302
2025-10-01,A,Agro y pesca,15893.208247,-0.342519,6.543217,-0.022948
2025-10-01,B,Minería,8922.395987,-4.938612,3.673341,-0.194735
2025-10-01,C,Industria,29171.923155,1.171246,12.010050,0.141879
2025-10-01,D + E,"Electricidad, gas y agua",7763.655506,2.853402,3.196289,0.090484
2025-10-01,F,Construcción,10742.364679,-0.887811,4.422620,-0.040425
2025-10-01,G + H + I,"Comercio, transporte y turismo",49560.199296,3.399217,20.403881,0.684473
2025-10-01,J,Información y comunicaciones,8348.414757,-1.014393,3.437033,-0.035942
2025-10-01,K,Finanzas y seguros,13208.662443,0.515427,5.437992,0.028455
2025-10-01,L,Inmobiliarias,22748.531677,2.033471,9.365546,0.190463
2025-10-01,M + N,Servicios profesionales,19243.002285,1.913077,7.922324,0.151753
2025-10-01,O + P + Q,"Gobierno, educación y salud",45466.077279,4.137507,18.718336,0.758893
2025-10-01,R + S + T,"Arte, hogares y otros",12495.835436,8.245380,5.144522,0.399878
2026-01-01,A,Agro y pesca,15164.115460,-1.362352,6.805650,-0.095978
2026-01-01,B,Minería,8790.233312,-0.760885,3.945054,-0.030885
2026-01-01,C,Industria,27536.213843,2.588149,12.358244,0.318348
2026-01-01,D + E,"Electricidad, gas y agua",7570.914502,2.598375,3.397824,0.087865
2026-01-01,F,Construcción,9544.855890,-5.249662,4.283728,-0.242340
2026-01-01,G + H + I,"Comercio, transporte y turismo",42866.769361,2.950256,19.238592,0.562936
2026-01-01,J,Información y comunicaciones,7504.832244,1.564186,3.368166,0.052966
2026-01-01,K,Finanzas y seguros,13514.151053,2.811972,6.065147,0.169380
2026-01-01,L,Inmobiliarias,22796.951388,2.004966,10.231264,0.205338
2026-01-01,M + N,Servicios profesionales,16656.179669,2.290687,7.475288,0.170927
2026-01-01,O + P + Q,"Gobierno, educación y salud",39756.552064,5.626328,17.842727,0.970438
2026-01-01,R + S + T,"Arte, hogares y otros",11895.622628,3.155002,5.338752,0.166726
2026-04-01,A,Agro y pesca,15087.877713,-2.123645,6.507359,-0.146342
2026-04-01,B,Minería,8527.236619,4.236920,3.677773,0.154944
2026-04-01,C,Industria,28174.696204,2.034575,12.151666,0.251144
2026-04-01,D + E,"Electricidad, gas y agua",7791.882450,4.813282,3.360617,0.159957
2026-04-01,F,Construcción,10305.353376,2.199707,4.444670,0.099155
2026-04-01,G + H + I,"Comercio, transporte y turismo",43962.057579,2.211632,18.960710,0.425233
2026-04-01,J,Información y comunicaciones,7724.568885,-0.106007,3.331585,-0.003664
2026-04-01,K,Finanzas y seguros,13751.390704,4.346249,5.930936,0.256048
2026-04-01,L,Inmobiliarias,22898.039154,2.109326,9.875859,0.211453
2026-04-01,M + N,Servicios profesionales,17696.500790,2.646382,7.632450,0.203954
2026-04-01,O + P + Q,"Gobierno, educación y salud",44870.783558,10.000409,19.352641,1.823576
2026-04-01,R + S + T,"Arte, hogares y otros",12353.634760,9.458935,5.328087,0.477224
