anio,poblacion,tipo
1950,13570943,retroproyeccion
1951,13912947,retroproyeccion
1952,14269792,retroproyeccion
1953,14641427,retroproyeccion
1954,15027963,retroproyeccion
1955,15429614,retroproyeccion
1956,15846569,retroproyeccion
1957,16278927,retroproyeccion
1958,16726382,retroproyeccion
1959,17188568,retroproyeccion
1960,17665037,retroproyeccion
1961,18154322,retroproyeccion
1962,18654499,retroproyeccion
1963,19164082,retroproyeccion
1964,19680870,retroproyeccion
1965,20201643,retroproyeccion
1966,20723588,retroproyeccion
1967,21244248,retroproyeccion
1968,21761690,retroproyeccion
1969,22274200,retroproyeccion
1970,22780007,retroproyeccion
1971,23277852,retroproyeccion
1972,23767130,retroproyeccion
1973,24248669,retroproyeccion
1974,24724874,retroproyeccion
1975,25199544,retroproyeccion
1976,25677586,retroproyeccion
1977,26163065,retroproyeccion
1978,26658672,retroproyeccion
1979,27165971,retroproyeccion
1980,27684385,retroproyeccion
1981,28212667,retroproyeccion
1982,28748586,retroproyeccion
1983,29289744,retroproyeccion
1984,29842691,retroproyeccion
1985,30419892,retroproyeccion
1986,30980812,retroproyeccion
1987,31550132,retroproyeccion
1988,32124173,retroproyeccion
1989,32697847,retroproyeccion
1990,33268154,retroproyeccion
1991,33840991,retroproyeccion
1992,34425915,retroproyeccion
1993,35032308,retroproyeccion
1994,35629174,retroproyeccion
1995,36229830,retroproyeccion
1996,36830574,retroproyeccion
1997,37426532,retroproyeccion
1998,38012359,retroproyeccion
1999,38585016,retroproyeccion
2000,39140080,retroproyeccion
2001,39674811,retroproyeccion
2002,40190679,retroproyeccion
2003,40693254,retroproyeccion
2004,41188093,retroproyeccion
2005,41671878,retroproyeccion
2006,42170126,retroproyeccion
2007,42658630,retroproyeccion
2008,43134017,retroproyeccion
2009,43608630,retroproyeccion
2010,44086292,retroproyeccion
2011,44553416,retroproyeccion
2012,45001571,retroproyeccion
2013,45434942,retroproyeccion
2014,45866010,retroproyeccion
2015,46313898,retroproyeccion
2016,46830116,retroproyeccion
2017,47419200,retroproyeccion
2018,48258494,proyeccion_oficial
2019,49266526,proyeccion_oficial
2020,50390790,proyeccion_oficial
2021,51115637,proyeccion_oficial
2022,51643565,proyeccion_oficial
2023,52117067,proyeccion_oficial
2024,52613753,proyeccion_oficial
2025,53057212,proyeccion_oficial
2026,53399171,proyeccion_oficial
